datetime,open,high,low,close,volume
2026-02-06T20:00:00+00:00,182.67999999999995,183.13999999999996,182.36999999999995,182.71999999999994,2458
2026-02-06T20:15:00+00:00,182.71999999999994,183.29999999999995,182.69999999999996,183.04999999999995,3561
2026-02-06T20:30:00+00:00,183.04999999999995,184.01999999999995,182.91999999999996,183.99999999999994,3119
2026-02-06T20:45:00+00:00,183.99999999999994,184.64999999999995,182.90999999999994,182.99999999999994,6946
2026-02-09T14:30:00+00:00,182.99999999999994,188.64999999999995,181.68999999999994,188.59999999999994,15945
2026-02-09T14:45:00+00:00,188.59999999999994,191.35999999999996,188.50999999999993,188.83999999999995,16141
2026-02-09T15:00:00+00:00,188.83999999999995,190.07999999999996,188.41999999999996,189.72999999999996,12879
2026-02-09T15:15:00+00:00,189.72999999999996,190.12999999999994,188.27999999999994,188.36999999999995,9432
2026-02-09T15:30:00+00:00,188.36999999999995,189.35999999999996,188.36999999999995,189.35999999999996,8623
2026-02-09T15:45:00+00:00,189.35999999999996,189.85999999999996,188.91999999999996,189.65999999999994,7602
2026-02-09T16:00:00+00:00,189.65999999999994,189.85999999999996,189.28999999999994,189.59999999999994,6358
2026-02-09T16:15:00+00:00,189.59999999999994,189.68999999999994,189.23999999999995,189.52999999999994,5175
2026-02-09T16:30:00+00:00,189.52999999999994,189.56999999999994,189.09999999999994,189.49999999999994,5152
2026-02-09T16:45:00+00:00,189.49999999999994,189.65999999999994,189.15999999999994,189.18999999999994,4616
2026-02-09T17:00:00+00:00,189.18999999999994,190.19999999999996,188.99999999999994,190.04999999999995,4159
2026-02-09T17:15:00+00:00,190.04999999999995,190.22999999999996,189.14999999999995,189.27999999999994,4695
2026-02-09T17:30:00+00:00,189.27999999999994,189.76999999999995,189.26999999999995,189.59999999999994,3712
2026-02-09T17:45:00+00:00,189.59999999999994,189.67999999999995,189.04999999999995,189.12999999999994,3463
2026-02-09T18:00:00+00:00,189.12999999999994,189.34999999999994,189.00999999999993,189.12999999999994,3180
2026-02-09T18:15:00+00:00,189.12999999999994,189.24999999999994,188.45999999999995,188.68999999999994,5216
2026-02-09T18:30:00+00:00,188.68999999999994,189.11999999999995,188.53999999999994,189.06999999999994,3452
2026-02-09T18:45:00+00:00,189.06999999999994,189.19999999999996,188.36999999999995,188.44999999999996,2995
2026-02-09T19:00:00+00:00,188.44999999999996,188.74999999999994,188.33999999999995,188.69999999999996,2770
2026-02-09T19:15:00+00:00,188.69999999999996,189.05999999999995,188.54999999999995,188.71999999999994,2405
2026-02-09T19:30:00+00:00,188.71999999999994,189.07999999999996,188.61999999999995,188.83999999999995,2283
2026-02-09T19:45:00+00:00,188.83999999999995,189.11999999999995,188.62999999999994,188.62999999999994,2759
2026-02-09T20:00:00+00:00,188.62999999999994,188.84999999999994,188.02999999999994,188.03999999999994,2871
2026-02-09T20:15:00+00:00,188.03999999999994,188.17999999999995,187.32999999999996,187.59999999999994,4700
2026-02-09T20:30:00+00:00,187.59999999999994,187.99999999999994,187.22999999999996,187.72999999999996,5378
2026-02-09T20:45:00+00:00,187.72999999999996,188.16999999999996,187.48999999999995,187.48999999999995,5463
2026-02-10T14:30:00+00:00,187.48999999999995,190.16999999999996,186.89999999999995,187.11999999999995,13057
2026-02-10T14:45:00+00:00,187.11999999999995,187.61999999999995,186.06999999999994,187.01999999999995,11540
2026-02-10T15:00:00+00:00,187.01999999999995,187.09999999999994,186.09999999999994,186.24999999999994,8446
2026-02-10T15:15:00+00:00,186.24999999999994,187.08999999999995,185.80999999999995,186.86999999999995,8076
2026-02-10T15:30:00+00:00,186.86999999999995,187.10999999999996,186.53999999999994,187.05999999999995,7024
2026-02-10T15:45:00+00:00,187.05999999999995,187.95999999999995,186.98999999999995,187.74999999999994,6853
2026-02-10T16:00:00+00:00,187.74999999999994,188.01999999999995,187.29999999999995,187.49999999999994,6421
2026-02-10T16:15:00+00:00,187.49999999999994,187.68999999999994,186.81999999999994,186.83999999999995,6697
2026-02-10T16:30:00+00:00,186.83999999999995,187.11999999999995,186.61999999999995,187.02999999999994,6067
2026-02-10T16:45:00+00:00,187.02999999999994,187.33999999999995,186.80999999999995,186.96999999999994,4919
2026-02-10T17:00:00+00:00,186.96999999999994,187.43999999999994,186.90999999999994,187.34999999999994,4246
2026-02-10T17:15:00+00:00,187.34999999999994,187.86999999999995,187.32999999999996,187.37999999999994,3823
2026-02-10T17:30:00+00:00,187.37999999999994,187.88999999999996,187.14999999999995,187.84999999999994,3448
2026-02-10T17:45:00+00:00,187.84999999999994,188.13999999999996,187.64999999999995,187.91999999999996,3235
2026-02-10T18:00:00+00:00,187.91999999999996,187.94999999999996,187.59999999999994,187.69999999999996,2364
2026-02-10T18:15:00+00:00,187.69999999999996,187.78999999999994,186.88999999999996,186.94999999999996,4969
2026-02-10T18:30:00+00:00,186.94999999999996,187.26999999999995,186.75999999999993,187.05999999999995,4923
2026-02-10T18:45:00+00:00,187.05999999999995,187.27999999999994,186.86999999999995,187.18999999999994,4027
2026-02-10T19:00:00+00:00,187.18999999999994,187.29999999999995,186.91999999999996,187.16999999999996,3949
2026-02-10T19:15:00+00:00,187.16999999999996,187.17999999999995,186.78999999999994,186.90999999999994,3287
2026-02-10T19:30:00+00:00,186.90999999999994,187.06999999999994,186.58999999999995,186.60999999999996,3029
2026-02-10T19:45:00+00:00,186.60999999999996,187.08999999999995,186.46999999999994,186.73999999999995,3236
2026-02-10T20:00:00+00:00,186.73999999999995,186.73999999999995,186.11999999999995,186.47999999999996,3752
2026-02-10T20:15:00+00:00,186.47999999999996,187.25999999999993,186.46999999999994,186.81999999999994,4031
2026-02-10T20:30:00+00:00,186.81999999999994,186.99999999999994,186.50999999999993,186.87999999999994,3957
2026-02-10T20:45:00+00:00,186.87999999999994,187.13999999999996,186.06999999999994,186.33999999999995,5416
2026-02-11T14:30:00+00:00,186.33999999999995,190.87999999999994,186.33999999999995,190.55999999999995,13800
2026-02-11T14:45:00+00:00,190.55999999999995,190.93999999999994,188.85999999999996,188.90999999999994,12874
2026-02-11T15:00:00+00:00,188.90999999999994,189.38999999999996,187.34999999999994,187.93999999999994,11554
2026-02-11T15:15:00+00:00,187.93999999999994,188.21999999999994,186.46999999999994,186.61999999999995,12483
2026-02-11T15:30:00+00:00,186.61999999999995,188.65999999999994,186.56999999999994,188.39999999999995,11261
2026-02-11T15:45:00+00:00,188.39999999999995,189.67999999999995,187.70999999999995,189.29999999999995,10280
2026-02-11T16:00:00+00:00,189.29999999999995,189.67999999999995,188.60999999999996,189.55999999999995,8882
2026-02-11T16:15:00+00:00,189.55999999999995,189.88999999999996,188.93999999999994,188.99999999999994,7736
2026-02-11T16:30:00+00:00,188.99999999999994,189.21999999999994,188.37999999999994,188.93999999999994,8234
2026-02-11T16:45:00+00:00,188.93999999999994,189.08999999999995,188.50999999999993,188.62999999999994,7296
2026-02-11T17:00:00+00:00,188.62999999999994,189.17999999999995,188.06999999999994,189.01999999999995,7512
2026-02-11T17:15:00+00:00,189.01999999999995,189.80999999999995,188.92999999999995,189.67999999999995,6070
2026-02-11T17:30:00+00:00,189.67999999999995,189.84999999999994,189.50999999999993,189.81999999999994,5601
2026-02-11T17:45:00+00:00,189.81999999999994,189.97999999999996,189.42999999999995,189.49999999999994,4817
2026-02-11T18:00:00+00:00,189.49999999999994,189.68999999999994,188.98999999999995,188.99999999999994,3251
2026-02-11T18:15:00+00:00,188.99999999999994,189.34999999999994,188.80999999999995,189.14999999999995,3952
2026-02-11T18:30:00+00:00,189.14999999999995,189.23999999999995,188.66999999999996,189.01999999999995,5229
2026-02-11T18:45:00+00:00,189.01999999999995,189.67999999999995,188.96999999999994,189.45999999999995,4585
2026-02-11T19:00:00+00:00,189.45999999999995,189.57999999999996,188.99999999999994,189.48999999999995,4353
2026-02-11T19:15:00+00:00,189.48999999999995,189.91999999999996,189.46999999999994,189.73999999999995,4016
2026-02-11T19:30:00+00:00,189.73999999999995,189.85999999999996,189.39999999999995,189.62999999999994,3502
2026-02-11T19:45:00+00:00,189.62999999999994,189.67999999999995,189.13999999999996,189.20999999999995,4992
2026-02-11T20:00:00+00:00,189.20999999999995,189.26999999999995,188.81999999999994,188.97999999999996,3622
2026-02-11T20:15:00+00:00,188.97999999999996,189.26999999999995,188.64999999999995,188.76999999999995,3818
2026-02-11T20:30:00+00:00,188.76999999999995,189.05999999999995,188.60999999999996,188.76999999999995,4122
2026-02-11T20:45:00+00:00,188.76999999999995,189.02999999999994,187.65999999999994,187.73999999999995,4693
2026-02-12T14:30:00+00:00,187.73999999999995,191.29999999999995,187.73999999999995,189.59999999999994,12419
2026-02-12T14:45:00+00:00,189.59999999999994,190.10999999999996,188.92999999999995,189.12999999999994,12044
2026-02-12T15:00:00+00:00,189.12999999999994,189.49999999999994,188.20999999999995,189.37999999999994,10828
2026-02-12T15:15:00+00:00,189.37999999999994,189.67999999999995,188.78999999999994,189.39999999999995,9827
2026-02-12T15:30:00+00:00,189.39999999999995,189.52999999999994,187.26999999999995,187.49999999999994,9634
2026-02-12T15:45:00+00:00,187.49999999999994,188.25999999999993,186.84999999999994,186.93999999999994,9669
2026-02-12T16:00:00+00:00,186.93999999999994,187.49999999999994,186.52999999999994,186.74999999999994,10805
2026-02-12T16:15:00+00:00,186.74999999999994,187.06999999999994,184.93999999999994,185.00999999999993,12974
2026-02-12T16:30:00+00:00,185.00999999999993,186.89999999999995,184.93999999999994,186.50999999999993,14768
2026-02-12T16:45:00+00:00,186.50999999999993,187.42999999999995,186.40999999999994,187.00999999999993,11876
2026-02-12T17:00:00+00:00,187.00999999999993,187.63999999999996,186.65999999999994,186.99999999999994,10674
2026-02-12T17:15:00+00:00,186.99999999999994,187.68999999999994,186.61999999999995,187.28999999999994,9698
2026-02-12T17:30:00+00:00,187.28999999999994,188.23999999999995,187.22999999999996,187.87999999999994,9100
2026-02-12T17:45:00+00:00,187.87999999999994,187.99999999999994,187.22999999999996,187.36999999999995,8296
2026-02-12T18:00:00+00:00,187.36999999999995,187.44999999999996,186.43999999999994,187.03999999999994,8998
2026-02-12T18:15:00+00:00,187.03999999999994,187.08999999999995,186.23999999999995,186.94999999999996,8005
2026-02-12T18:30:00+00:00,186.94999999999996,187.63999999999996,186.60999999999996,187.51999999999995,9132
2026-02-12T18:45:00+00:00,187.51999999999995,187.66999999999996,187.05999999999995,187.54999999999995,7377
2026-02-12T19:00:00+00:00,187.54999999999995,187.69999999999996,186.74999999999994,186.86999999999995,7510
2026-02-12T19:15:00+00:00,186.86999999999995,187.64999999999995,186.63999999999996,186.73999999999995,7127
2026-02-12T19:30:00+00:00,186.73999999999995,187.17999999999995,186.60999999999996,186.75999999999993,6656
2026-02-12T19:45:00+00:00,186.75999999999993,187.07999999999996,185.84999999999994,185.93999999999994,6946
2026-02-12T20:00:00+00:00,185.93999999999994,186.23999999999995,185.27999999999994,185.84999999999994,6964
2026-02-12T20:15:00+00:00,185.84999999999994,185.90999999999994,185.20999999999995,185.28999999999994,6968
2026-02-12T20:30:00+00:00,185.28999999999994,185.68999999999994,184.73999999999995,184.87999999999994,7370
2026-02-12T20:45:00+00:00,184.87999999999994,185.38999999999996,184.19999999999996,184.62999999999994,8697
2026-02-13T14:30:00+00:00,184.62999999999994,185.18999999999994,179.95999999999995,181.92999999999995,15573
2026-02-13T14:45:00+00:00,181.92999999999995,183.86999999999995,180.02999999999994,180.12999999999994,17015
2026-02-13T15:00:00+00:00,180.12999999999994,181.79999999999995,179.88999999999996,180.73999999999995,14810
2026-02-13T15:15:00+00:00,180.73999999999995,182.20999999999995,180.20999999999995,181.76999999999995,12551
2026-02-13T15:30:00+00:00,181.76999999999995,182.88999999999996,181.19999999999996,181.27999999999994,10209
2026-02-13T15:45:00+00:00,181.27999999999994,181.47999999999996,179.99999999999994,181.01999999999995,10637
2026-02-13T16:00:00+00:00,181.01999999999995,181.65999999999994,180.67999999999995,181.25999999999993,8765
2026-02-13T16:15:00+00:00,181.25999999999993,181.48999999999995,180.49999999999994,181.27999999999994,8656
2026-02-13T16:30:00+00:00,181.27999999999994,181.86999999999995,180.77999999999994,181.60999999999996,7653
2026-02-13T16:45:00+00:00,181.60999999999996,181.85999999999996,181.22999999999996,181.54999999999995,6436
2026-02-13T17:00:00+00:00,181.54999999999995,182.18999999999994,181.35999999999996,182.13999999999996,5498
2026-02-13T17:15:00+00:00,182.13999999999996,182.40999999999994,181.62999999999994,182.25999999999993,5183
2026-02-13T17:30:00+00:00,182.25999999999993,182.67999999999995,182.01999999999995,182.10999999999996,4584
2026-02-13T17:45:00+00:00,182.10999999999996,182.34999999999994,181.66999999999996,181.67999999999995,4909
2026-02-13T18:00:00+00:00,181.67999999999995,181.91999999999996,181.15999999999994,181.60999999999996,5783
2026-02-13T18:15:00+00:00,181.60999999999996,182.26999999999995,181.45999999999995,181.92999999999995,4939
2026-02-13T18:30:00+00:00,181.92999999999995,182.46999999999994,181.82999999999996,182.08999999999995,4893
2026-02-13T18:45:00+00:00,182.08999999999995,182.55999999999995,181.74999999999994,181.90999999999994,4756
2026-02-13T19:00:00+00:00,181.90999999999994,181.97999999999996,181.45999999999995,181.60999999999996,4691
2026-02-13T19:15:00+00:00,181.60999999999996,181.79999999999995,181.25999999999993,181.40999999999994,4351
2026-02-13T19:30:00+00:00,181.40999999999994,181.74999999999994,181.29999999999995,181.62999999999994,4935
2026-02-13T19:45:00+00:00,181.62999999999994,181.97999999999996,180.51999999999995,180.56999999999994,5106
2026-02-13T20:00:00+00:00,180.56999999999994,181.11999999999995,180.22999999999996,180.25999999999993,5714
2026-02-13T20:15:00+00:00,180.25999999999993,180.62999999999994,179.73999999999995,180.00999999999993,6899
2026-02-13T20:30:00+00:00,180.00999999999993,180.14999999999995,179.27999999999994,179.64999999999995,7783
2026-02-13T20:45:00+00:00,179.64999999999995,180.80999999999995,179.57999999999996,180.46999999999994,9102
2026-02-17T14:30:00+00:00,180.46999999999994,181.12999999999994,178.72999999999996,179.61999999999995,12800
2026-02-17T14:45:00+00:00,179.61999999999995,179.77999999999994,176.98999999999995,176.99999999999994,14733
2026-02-17T15:00:00+00:00,176.99999999999994,178.17999999999995,176.86999999999995,177.49999999999994,13806
2026-02-17T15:15:00+00:00,177.49999999999994,178.64999999999995,177.33999999999995,178.11999999999995,12365
2026-02-17T15:30:00+00:00,178.11999999999995,178.29999999999995,176.96999999999994,177.99999999999994,11543
2026-02-17T15:45:00+00:00,177.99999999999994,179.65999999999994,177.85999999999996,179.49999999999994,10745
2026-02-17T16:00:00+00:00,179.49999999999994,182.07999999999996,179.45999999999995,181.94999999999996,9765
2026-02-17T16:15:00+00:00,181.94999999999996,182.01999999999995,181.19999999999996,181.26999999999995,9290
2026-02-17T16:30:00+00:00,181.26999999999995,182.28999999999994,180.88999999999996,181.54999999999995,8564
2026-02-17T16:45:00+00:00,181.54999999999995,182.17999999999995,181.51999999999995,181.77999999999994,8075
2026-02-17T17:00:00+00:00,181.77999999999994,182.05999999999995,181.26999999999995,181.38999999999996,7413
2026-02-17T17:15:00+00:00,181.38999999999996,182.44999999999996,181.31999999999994,182.44999999999996,7358
2026-02-17T17:30:00+00:00,182.44999999999996,182.46999999999994,181.61999999999995,181.65999999999994,7277
2026-02-17T17:45:00+00:00,181.65999999999994,182.59999999999994,181.30999999999995,182.56999999999994,8174
2026-02-17T18:00:00+00:00,182.56999999999994,182.61999999999995,181.86999999999995,182.34999999999994,7550
2026-02-17T18:15:00+00:00,182.34999999999994,183.18999999999994,182.00999999999993,183.06999999999994,7673
2026-02-17T18:30:00+00:00,183.06999999999994,183.63999999999996,182.69999999999996,183.24999999999994,6790
2026-02-17T18:45:00+00:00,183.24999999999994,183.51999999999995,182.91999999999996,183.17999999999995,5691
2026-02-17T19:00:00+00:00,183.17999999999995,183.73999999999995,183.14999999999995,183.71999999999994,6329
2026-02-17T19:15:00+00:00,183.71999999999994,184.14999999999995,183.59999999999994,184.09999999999994,5553
2026-02-17T19:30:00+00:00,184.09999999999994,184.85999999999996,183.89999999999995,184.40999999999994,5725
2026-02-17T19:45:00+00:00,184.40999999999994,184.42999999999995,183.48999999999995,183.65999999999994,5487
2026-02-17T20:00:00+00:00,183.65999999999994,183.89999999999995,183.34999999999994,183.53999999999994,5305
2026-02-17T20:15:00+00:00,183.53999999999994,183.68999999999994,183.02999999999994,183.10999999999996,5414
2026-02-17T20:30:00+00:00,183.10999999999996,183.19999999999996,182.45999999999995,182.95999999999995,5861
2026-02-17T20:45:00+00:00,182.95999999999995,183.05999999999995,182.04999999999995,182.71999999999994,7119
2026-02-18T14:30:00+00:00,182.71999999999994,186.87999999999994,182.71999999999994,186.05999999999995,14531
2026-02-18T14:45:00+00:00,186.05999999999995,186.63999999999996,185.30999999999995,186.45999999999995,11500
2026-02-18T15:00:00+00:00,186.45999999999995,187.44999999999996,186.38999999999996,187.14999999999995,9233
2026-02-18T15:15:00+00:00,187.14999999999995,187.93999999999994,187.04999999999995,187.48999999999995,8375
2026-02-18T15:30:00+00:00,187.48999999999995,187.66999999999996,186.98999999999995,187.29999999999995,7064
2026-02-18T15:45:00+00:00,187.29999999999995,187.83999999999995,186.94999999999996,187.55999999999995,5462
2026-02-18T16:00:00+00:00,187.55999999999995,188.06999999999994,187.48999999999995,187.61999999999995,4674
2026-02-18T16:15:00+00:00,187.61999999999995,187.63999999999996,187.14999999999995,187.47999999999996,4134
2026-02-18T16:30:00+00:00,187.47999999999996,187.65999999999994,187.07999999999996,187.19999999999996,4031
2026-02-18T16:45:00+00:00,187.19999999999996,187.31999999999994,186.42999999999995,186.47999999999996,3887
2026-02-18T17:00:00+00:00,186.47999999999996,187.16999999999996,186.35999999999996,186.38999999999996,4627
2026-02-18T17:15:00+00:00,186.38999999999996,187.10999999999996,186.36999999999995,186.82999999999996,3513
2026-02-18T17:30:00+00:00,186.82999999999996,186.99999999999994,186.65999999999994,186.76999999999995,2746
2026-02-18T17:45:00+00:00,186.76999999999995,187.06999999999994,186.64999999999995,186.81999999999994,2749
2026-02-18T18:00:00+00:00,186.81999999999994,187.38999999999993,186.75999999999993,186.91999999999993,2432
2026-02-18T18:15:00+00:00,186.91999999999993,186.98999999999992,186.58999999999992,186.60999999999993,3045
2026-02-18T18:30:00+00:00,186.60999999999993,186.72999999999993,186.04999999999993,186.13999999999993,4041
2026-02-18T18:45:00+00:00,186.13999999999993,186.61999999999992,185.91999999999993,186.50999999999993,4576
2026-02-18T19:00:00+00:00,186.50999999999993,186.83999999999992,186.21999999999994,186.78999999999994,4031
2026-02-18T19:15:00+00:00,186.78999999999994,186.85999999999993,186.19999999999993,186.28999999999994,5567
2026-02-18T19:30:00+00:00,186.28999999999994,186.37999999999994,185.36999999999992,185.63999999999993,7714
2026-02-18T19:45:00+00:00,185.63999999999993,185.91999999999993,184.67999999999992,184.78999999999994,7048
2026-02-18T20:00:00+00:00,184.78999999999994,185.20999999999992,184.57999999999993,184.77999999999992,7362
2026-02-18T20:15:00+00:00,184.77999999999992,184.92999999999992,184.47999999999993,184.68999999999994,6524
2026-02-18T20:30:00+00:00,184.68999999999994,185.55999999999992,184.63999999999993,185.44999999999993,5173
2026-02-18T20:45:00+00:00,185.44999999999993,186.14999999999992,185.12999999999994,185.58999999999992,6501
2026-02-19T14:30:00+00:00,185.58999999999992,185.58999999999992,183.51999999999992,183.99999999999994,12289
2026-02-19T14:45:00+00:00,183.99999999999994,185.02999999999992,183.37999999999994,184.45999999999992,11620
2026-02-19T15:00:00+00:00,184.45999999999992,185.56999999999994,184.09999999999994,185.54999999999993,10157
2026-02-19T15:15:00+00:00,185.54999999999993,185.96999999999994,184.98999999999992,185.27999999999994,8669
2026-02-19T15:30:00+00:00,185.27999999999994,186.08999999999995,185.21999999999994,185.68999999999994,7377
2026-02-19T15:45:00+00:00,185.68999999999994,185.82999999999993,184.84999999999994,185.59999999999994,7488
2026-02-19T16:00:00+00:00,185.59999999999994,185.68999999999994,184.59999999999988,184.8399999999999,7301
2026-02-19T16:15:00+00:00,184.8399999999999,185.5599999999999,184.75999999999988,185.00999999999988,6561
2026-02-19T16:30:00+00:00,185.00999999999988,185.46999999999989,184.4899999999999,184.5199999999999,6227
2026-02-19T16:45:00+00:00,184.5199999999999,184.7599999999999,184.1299999999999,184.3499999999999,7320
2026-02-19T17:00:00+00:00,184.3499999999999,184.4799999999999,184.0799999999999,184.3599999999999,6006
2026-02-19T17:15:00+00:00,184.3599999999999,184.6899999999999,184.14999999999992,184.2999999999999,5692
2026-02-19T17:30:00+00:00,184.2999999999999,184.3599999999999,183.83999999999992,183.99999999999991,4992
2026-02-19T17:45:00+00:00,183.99999999999991,184.0399999999999,183.4699999999999,183.6299999999999,6439
2026-02-19T18:00:00+00:00,183.6299999999999,184.2599999999999,183.5799999999999,184.1899999999999,4843
2026-02-19T18:15:00+00:00,184.1899999999999,184.2399999999999,183.5199999999999,183.86999999999992,5973
2026-02-19T18:30:00+00:00,183.86999999999992,184.14999999999992,183.8299999999999,184.0099999999999,4696
2026-02-19T18:45:00+00:00,184.0099999999999,184.42999999999992,183.8499999999999,184.4099999999999,4158
2026-02-19T19:00:00+00:00,184.4099999999999,184.6099999999999,184.1699999999999,184.5099999999999,3460
2026-02-19T19:15:00+00:00,184.5099999999999,184.74999999999991,184.0099999999999,184.2199999999999,2883
2026-02-19T19:30:00+00:00,184.2199999999999,184.6899999999999,184.1099999999999,184.3299999999999,4785
2026-02-19T19:45:00+00:00,184.3299999999999,184.3899999999999,184.02999999999992,184.2199999999999,3768
2026-02-19T20:00:00+00:00,184.2199999999999,184.74999999999991,184.2199999999999,184.49999999999991,3473
2026-02-19T20:15:00+00:00,184.49999999999991,184.7299999999999,184.3299999999999,184.4699999999999,2948
2026-02-19T20:30:00+00:00,184.4699999999999,184.9699999999999,184.4099999999999,184.9199999999999,2787
2026-02-19T20:45:00+00:00,184.9199999999999,185.6099999999999,184.8599999999999,185.5799999999999,4141
2026-02-20T14:30:00+00:00,185.5799999999999,186.1399999999999,183.6099999999999,185.7199999999999,10609
2026-02-20T14:45:00+00:00,185.7199999999999,186.36999999999992,184.9399999999999,185.1899999999999,8159
2026-02-20T15:00:00+00:00,185.1899999999999,187.02999999999992,184.3499999999999,184.92999999999992,15045
2026-02-20T15:15:00+00:00,184.92999999999992,186.0699999999999,184.24999999999991,185.5099999999999,12996
2026-02-20T15:30:00+00:00,185.5099999999999,186.9099999999999,185.1999999999999,186.8799999999999,12398
2026-02-20T15:45:00+00:00,186.8799999999999,187.8599999999999,186.4399999999999,187.7399999999999,10295
2026-02-20T16:00:00+00:00,187.7399999999999,188.0199999999999,187.11999999999992,187.1699999999999,9357
2026-02-20T16:15:00+00:00,187.1699999999999,187.30999999999992,186.2399999999999,186.4799999999999,10209
2026-02-20T16:30:00+00:00,186.4799999999999,187.9299999999999,186.2799999999999,187.6199999999999,9313
2026-02-20T16:45:00+00:00,187.6199999999999,187.97999999999988,187.50999999999988,187.56999999999988,5340
2026-02-20T17:00:00+00:00,187.56999999999988,187.65999999999988,186.4999999999999,186.5299999999999,7737
2026-02-20T17:15:00+00:00,186.5299999999999,186.5599999999999,185.4099999999999,185.7299999999999,10124
2026-02-20T17:30:00+00:00,185.7299999999999,186.4899999999999,185.6499999999999,185.9599999999999,9601
2026-02-20T17:45:00+00:00,185.9599999999999,186.5499999999999,185.74999999999991,186.4899999999999,8808
2026-02-20T18:00:00+00:00,186.4899999999999,186.7699999999999,186.2899999999999,186.4799999999999,7365
2026-02-20T18:15:00+00:00,186.4799999999999,186.6599999999999,185.9399999999999,186.4899999999999,8680
2026-02-20T18:30:00+00:00,186.4899999999999,187.3299999999999,186.1099999999999,187.1799999999999,10099
2026-02-20T18:45:00+00:00,187.1799999999999,187.7099999999999,187.1299999999999,187.5999999999999,8227
2026-02-20T19:00:00+00:00,187.5999999999999,187.8699999999999,187.3199999999999,187.3699999999999,6088
2026-02-20T19:15:00+00:00,187.3699999999999,187.6399999999999,187.0099999999999,187.1599999999999,5236
2026-02-20T19:30:00+00:00,187.1599999999999,187.30999999999992,186.7199999999999,186.8299999999999,4822
2026-02-20T19:45:00+00:00,186.8299999999999,187.2999999999999,186.7399999999999,187.0399999999999,4396
2026-02-20T20:00:00+00:00,187.0399999999999,187.6799999999999,186.9699999999999,187.5199999999999,4558
2026-02-20T20:15:00+00:00,187.5199999999999,187.6199999999999,187.1299999999999,187.2099999999999,3472
2026-02-20T20:30:00+00:00,187.2099999999999,187.7399999999999,187.1499999999999,187.5999999999999,3223
2026-02-20T20:45:00+00:00,187.5999999999999,187.74999999999991,187.3399999999999,187.6299999999999,5020
2026-02-23T14:30:00+00:00,187.6299999999999,191.7299999999999,187.6299999999999,190.1399999999999,12375
2026-02-23T14:45:00+00:00,190.1399999999999,191.2099999999999,189.83999999999992,190.9299999999999,10790
2026-02-23T15:00:00+00:00,190.9299999999999,191.2699999999999,188.8899999999999,189.2999999999999,10751
2026-02-23T15:15:00+00:00,189.2999999999999,189.6599999999999,188.7299999999999,189.1199999999999,9881
2026-02-23T15:30:00+00:00,189.1199999999999,189.4799999999999,188.58999999999992,189.0699999999999,8177
2026-02-23T15:45:00+00:00,189.0699999999999,189.2999999999999,187.9899999999999,188.02999999999992,7546
2026-02-23T16:00:00+00:00,188.02999999999992,188.2199999999999,187.3799999999999,187.7899999999999,8021
2026-02-23T16:15:00+00:00,187.7899999999999,188.3799999999999,187.4499999999999,188.3199999999999,8544
2026-02-23T16:30:00+00:00,188.3199999999999,189.02999999999992,188.2299999999999,189.0199999999999,6858
2026-02-23T16:45:00+00:00,189.0199999999999,189.1199999999999,188.4299999999999,188.5099999999999,6830
2026-02-23T17:00:00+00:00,188.5099999999999,188.8799999999999,188.4599999999999,188.7199999999999,5352
2026-02-23T17:15:00+00:00,188.7199999999999,189.0099999999999,188.5999999999999,188.7599999999999,3766
2026-02-23T17:30:00+00:00,188.7599999999999,188.7899999999999,187.52999999999992,187.8699999999999,4992
2026-02-23T17:45:00+00:00,187.8699999999999,189.0999999999999,187.80999999999992,188.8299999999999,4515
2026-02-23T18:00:00+00:00,188.8299999999999,189.02999999999992,188.6799999999999,188.99999999999991,3701
2026-02-23T18:15:00+00:00,188.99999999999991,189.5399999999999,188.9199999999999,189.2599999999999,3292
2026-02-23T18:30:00+00:00,189.2599999999999,189.4699999999999,189.0799999999999,189.3299999999999,2889
2026-02-23T18:45:00+00:00,189.3299999999999,189.5699999999999,188.58999999999992,188.7099999999999,3288
2026-02-23T19:00:00+00:00,188.7099999999999,189.0799999999999,188.5799999999999,188.8699999999999,3166
2026-02-23T19:15:00+00:00,188.8699999999999,188.9099999999999,188.3799999999999,188.3999999999999,3014
2026-02-23T19:30:00+00:00,188.3999999999999,188.6299999999999,188.1199999999999,188.4299999999999,3212
2026-02-23T19:45:00+00:00,188.4299999999999,188.6399999999999,187.99999999999991,188.2999999999999,4320
2026-02-23T20:00:00+00:00,188.2999999999999,188.4899999999999,188.0399999999999,188.1399999999999,3227
2026-02-23T20:15:00+00:00,188.1399999999999,188.7599999999999,188.0699999999999,188.6999999999999,2989
2026-02-23T20:30:00+00:00,188.6999999999999,189.2899999999999,188.4499999999999,188.7299999999999,3935
2026-02-23T20:45:00+00:00,188.7299999999999,189.4799999999999,188.5699999999999,189.4499999999999,5490
2026-02-24T14:30:00+00:00,189.4499999999999,189.7999999999999,185.1999999999999,188.0699999999999,13289
2026-02-24T14:45:00+00:00,188.0699999999999,188.3199999999999,187.2599999999999,187.52999999999992,10197
2026-02-24T15:00:00+00:00,187.52999999999992,189.08999999999992,187.3899999999999,188.58999999999992,9855
2026-02-24T15:15:00+00:00,188.58999999999992,189.8699999999999,188.3499999999999,189.8199999999999,9291
2026-02-24T15:30:00+00:00,189.8199999999999,189.9299999999999,189.5199999999999,189.7299999999999,8132
2026-02-24T15:45:00+00:00,189.7299999999999,190.5199999999999,189.6199999999999,189.9999999999999,8034.864342910975
2026-02-24T16:00:00+00:00,189.9999999999999,190.8999999999999,189.8899999999999,190.8399999999999,7041
2026-02-24T16:15:00+00:00,190.8399999999999,191.0499999999999,189.7599999999999,189.9499999999999,6396
2026-02-24T16:30:00+00:00,189.9499999999999,190.0099999999999,189.6699999999999,189.7899999999999,5906
2026-02-24T16:45:00+00:00,189.7899999999999,191.12999999999988,189.7899999999999,190.71999999999989,4899
2026-02-24T17:00:00+00:00,190.71999999999989,191.5399999999999,190.5899999999999,191.3399999999999,4805
2026-02-24T17:15:00+00:00,191.3399999999999,191.4499999999999,190.9599999999999,191.0099999999999,4352
2026-02-24T17:30:00+00:00,191.0099999999999,191.3999999999999,190.8999999999999,191.0399999999999,3272
2026-02-24T17:45:00+00:00,191.0399999999999,191.1399999999999,190.7899999999999,190.8899999999999,3201
2026-02-24T18:00:00+00:00,190.8899999999999,191.2099999999999,190.84999999999988,191.0499999999999,2722
2026-02-24T18:15:00+00:00,191.0499999999999,191.21999999999989,190.6699999999999,190.7499999999999,2850
2026-02-24T18:30:00+00:00,190.7499999999999,190.8899999999999,190.4899999999999,190.7299999999999,3025
2026-02-24T18:45:00+00:00,190.7299999999999,190.8199999999999,190.3099999999999,190.4299999999999,3118
2026-02-24T19:00:00+00:00,190.4299999999999,190.62999999999988,190.2599999999999,190.4599999999999,3624
2026-02-24T19:15:00+00:00,190.4599999999999,190.4599999999999,189.9499999999999,190.2299999999999,3947
2026-02-24T19:30:00+00:00,190.2299999999999,190.5599999999999,190.18999999999988,190.3299999999999,3329
2026-02-24T19:45:00+00:00,190.3299999999999,190.84999999999988,190.2799999999999,190.5099999999999,2951
2026-02-24T20:00:00+00:00,190.5099999999999,190.59999999999988,190.3299999999999,190.4899999999999,2784
2026-02-24T20:15:00+00:00,190.4899999999999,190.7799999999999,190.3699999999999,190.5599999999999,2853
2026-02-24T20:30:00+00:00,190.5599999999999,190.9799999999999,190.5599999999999,190.9799999999999,2278
2026-02-24T20:45:00+00:00,190.9799999999999,191.5699999999999,190.4499999999999,190.65999999999988,4752
2026-02-25T14:30:00+00:00,190.65999999999988,192.7799999999999,190.65999999999988,192.40999999999988,9356
2026-02-25T14:45:00+00:00,192.40999999999988,193.7499999999999,192.2899999999999,193.6499999999999,7638
2026-02-25T15:00:00+00:00,193.6499999999999,194.3199999999999,193.3399999999999,193.3699999999999,7703
2026-02-25T15:15:00+00:00,193.3699999999999,193.84999999999988,192.9499999999999,193.8299999999999,6985
2026-02-25T15:30:00+00:00,193.8299999999999,193.9499999999999,193.3099999999999,193.46999999999989,5599
2026-02-25T15:45:00+00:00,193.46999999999989,194.1099999999999,193.2999999999999,194.0099999999999,4517
2026-02-25T16:00:00+00:00,194.0099999999999,194.4199999999999,193.8699999999999,194.3299999999999,3762
2026-02-25T16:15:00+00:00,194.3299999999999,194.3299999999999,193.6099999999999,194.12999999999988,4527
2026-02-25T16:30:00+00:00,194.12999999999988,194.9299999999999,194.1199999999999,194.8899999999999,3181
2026-02-25T16:45:00+00:00,194.8899999999999,195.1199999999999,194.65999999999988,194.84999999999988,2590
2026-02-25T17:00:00+00:00,194.84999999999988,195.3699999999999,194.6499999999999,195.2899999999999,2837
2026-02-25T17:15:00+00:00,195.2899999999999,195.4199999999999,195.0499999999999,195.1399999999999,2509
2026-02-25T17:30:00+00:00,195.1399999999999,195.3299999999999,194.9799999999999,195.15999999999988,2009
2026-02-25T17:45:00+00:00,195.15999999999988,195.18999999999988,194.8299999999999,194.8599999999999,1873
2026-02-25T18:00:00+00:00,194.8599999999999,194.9499999999999,194.5399999999999,194.6099999999999,2245
2026-02-25T18:15:00+00:00,194.6099999999999,194.6399999999999,194.3899999999999,194.5299999999999,1823
2026-02-25T18:30:00+00:00,194.5299999999999,194.6199999999999,194.2799999999999,194.4999999999999,1750
2026-02-25T18:45:00+00:00,194.4999999999999,194.5899999999999,194.37999999999988,194.4299999999999,1093
2026-02-25T19:00:00+00:00,194.4299999999999,195.0299999999999,194.40999999999988,194.9799999999999,1646
2026-02-25T19:15:00+00:00,194.9799999999999,195.2499999999999,194.84999999999988,194.87999999999988,1544
2026-02-25T19:30:00+00:00,194.87999999999988,195.0799999999999,194.6999999999999,194.96999999999989,2028
2026-02-25T19:45:00+00:00,194.96999999999989,195.1699999999999,194.8599999999999,194.96999999999989,1251
2026-02-25T20:00:00+00:00,194.96999999999989,195.0299999999999,194.46999999999989,194.5899999999999,1381
2026-02-25T20:15:00+00:00,194.5899999999999,194.8599999999999,194.4999999999999,194.6999999999999,1856
2026-02-25T20:30:00+00:00,194.6999999999999,194.9999999999999,194.37999999999988,194.9899999999999,2438
2026-02-25T20:45:00+00:00,194.9899999999999,194.9899999999999,193.2999999999999,193.5799999999999,4614
2026-02-26T14:30:00+00:00,193.5799999999999,193.5799999999999,187.4299999999999,188.0099999999999,15092
2026-02-26T14:45:00+00:00,188.0099999999999,188.0099999999999,186.2999999999999,187.40999999999988,14006
2026-02-26T15:00:00+00:00,187.40999999999988,187.7399999999999,184.88999999999987,184.88999999999987,13011
2026-02-26T15:15:00+00:00,184.88999999999987,185.13999999999987,183.59999999999988,184.12999999999988,15287
2026-02-26T15:30:00+00:00,184.12999999999988,184.81999999999988,182.5899999999999,184.72999999999988,13998
2026-02-26T15:45:00+00:00,184.72999999999988,184.88999999999987,183.85999999999987,184.37999999999988,12116
2026-02-26T16:00:00+00:00,184.37999999999988,185.5599999999999,184.2999999999999,185.3599999999999,10986
2026-02-26T16:15:00+00:00,185.3599999999999,185.9899999999999,185.21999999999989,185.84999999999988,8864
2026-02-26T16:30:00+00:00,185.84999999999988,186.0199999999999,184.7399999999999,184.7599999999999,8035
2026-02-26T16:45:00+00:00,184.7599999999999,185.0199999999999,183.8899999999999,183.9299999999999,7171
2026-02-26T17:00:00+00:00,183.9299999999999,185.5099999999999,183.9299999999999,185.0599999999999,6789
2026-02-26T17:15:00+00:00,185.0599999999999,185.7399999999999,184.68999999999988,185.6199999999999,5050
2026-02-26T17:30:00+00:00,185.6199999999999,186.1699999999999,184.6199999999999,184.6799999999999,5368
2026-02-26T17:45:00+00:00,184.6799999999999,184.9599999999999,184.2399999999999,184.8099999999999,4884
2026-02-26T18:00:00+00:00,184.8099999999999,184.82999999999987,183.04999999999987,183.21999999999989,5980
2026-02-26T18:15:00+00:00,183.21999999999989,183.5899999999999,182.91999999999987,183.40999999999988,5880
2026-02-26T18:30:00+00:00,183.40999999999988,184.0499999999999,183.0199999999999,183.66999999999987,7056
2026-02-26T18:45:00+00:00,183.66999999999987,183.94999999999987,182.8999999999999,183.22999999999993,7079.351844121125
2026-02-26T19:00:00+00:00,183.22999999999993,185.0499999999999,183.16999999999993,184.4799999999999,6439.205512834393
2026-02-26T19:15:00+00:00,184.4799999999999,184.77999999999992,183.7599999999999,183.7699999999999,6718.982705004625
2026-02-26T19:30:00+00:00,183.7699999999999,183.7699999999999,182.4099999999999,182.70999999999992,4703.839649365731
2026-02-26T19:45:00+00:00,182.70999999999992,183.35999999999993,182.70999999999992,182.86999999999995,4767.665956420183
2026-02-26T20:00:00+00:00,182.86999999999995,182.96999999999994,181.94999999999996,181.94999999999996,6352.731747811899
2026-02-26T20:15:00+00:00,181.94999999999996,182.38,181.45999999999998,181.56999999999996,5390.27267894975
2026-02-26T20:30:00+00:00,181.56999999999996,182.43999999999997,181.42999999999998,181.75999999999996,5150
2026-02-26T20:45:00+00:00,181.75999999999996,181.97999999999996,181.23999999999998,181.78999999999996,6714
2026-02-27T14:30:00+00:00,181.78999999999996,181.78999999999996,176.61999999999998,177.45999999999998,12702
2026-02-27T14:45:00+00:00,177.45999999999998,178.05999999999997,176.45999999999998,176.65999999999997,10252
2026-02-27T15:00:00+00:00,176.65999999999997,179.46999999999997,176.61999999999998,178.90999999999997,10439
2026-02-27T15:15:00+00:00,178.90999999999997,179.17999999999998,177.73999999999998,178.72999999999996,8691
2026-02-27T15:30:00+00:00,178.72999999999996,178.94999999999996,178.24999999999997,178.78999999999996,6693
2026-02-27T15:45:00+00:00,178.78999999999996,179.10999999999999,177.94999999999996,178.41999999999996,6962.432471643366
2026-02-27T16:00:00+00:00,178.41999999999996,178.85999999999996,178.22999999999996,178.47999999999996,7224
2026-02-27T16:15:00+00:00,178.47999999999996,178.76999999999995,177.90999999999997,177.92999999999995,6793
2026-02-27T16:30:00+00:00,177.92999999999995,178.36999999999995,177.11999999999995,177.12999999999997,6742
2026-02-27T16:45:00+00:00,177.12999999999997,177.91999999999996,177.03999999999996,177.24999999999994,6458
2026-02-27T17:00:00+00:00,177.24999999999994,177.59999999999997,176.76999999999995,176.85999999999996,5496
2026-02-27T17:15:00+00:00,176.85999999999996,176.88999999999996,175.94999999999996,176.82999999999996,5257
2026-02-27T17:30:00+00:00,176.82999999999996,177.17999999999995,176.50999999999996,176.63999999999996,6582
2026-02-27T17:45:00+00:00,176.63999999999996,176.77999999999994,176.30999999999995,176.67999999999995,5080
2026-02-27T18:00:00+00:00,176.67999999999995,176.73999999999995,176.10999999999996,176.20999999999995,5028
2026-02-27T18:15:00+00:00,176.20999999999995,176.21999999999994,175.54999999999995,175.86999999999995,4754
2026-02-27T18:30:00+00:00,175.86999999999995,176.22999999999996,175.65999999999997,175.68999999999997,4461
2026-02-27T18:45:00+00:00,175.68999999999997,175.70999999999995,175.08999999999995,175.29999999999995,4002
2026-02-27T19:00:00+00:00,175.29999999999995,175.99999999999994,175.24999999999994,175.26999999999995,4281
2026-02-27T19:15:00+00:00,175.26999999999995,175.62999999999997,175.00999999999996,175.57999999999996,4023
2026-02-27T19:30:00+00:00,175.57999999999996,175.83999999999995,175.32999999999996,175.50999999999996,4335
2026-02-27T19:45:00+00:00,175.50999999999996,176.59999999999997,175.42999999999995,176.27999999999994,3959
2026-02-27T20:00:00+00:00,176.27999999999994,176.32999999999996,175.53999999999996,176.06999999999996,4795
2026-02-27T20:15:00+00:00,176.06999999999996,176.28999999999996,175.56999999999996,175.79999999999995,5351
2026-02-27T20:30:00+00:00,175.79999999999995,175.90999999999997,174.90999999999997,175.07999999999996,5126
2026-02-27T20:45:00+00:00,175.07999999999996,175.17999999999995,173.49999999999994,174.12999999999997,8899
2026-03-02T14:30:00+00:00,174.12999999999997,179.17999999999995,173.77999999999994,178.68999999999994,14862
2026-03-02T14:45:00+00:00,178.68999999999994,179.25999999999996,178.02999999999994,178.83999999999995,13436
2026-03-02T15:00:00+00:00,178.83999999999995,180.10999999999996,178.16999999999996,179.82999999999996,13133
2026-03-02T15:15:00+00:00,179.82999999999996,180.48999999999995,179.42999999999995,179.63999999999996,12372
2026-03-02T15:30:00+00:00,179.63999999999996,180.48999999999995,179.13999999999996,180.22999999999996,11518
2026-03-02T15:45:00+00:00,180.22999999999996,180.45999999999995,179.50999999999996,179.80999999999995,9875
2026-03-02T16:00:00+00:00,179.80999999999995,180.34999999999997,179.23999999999995,180.24999999999994,8083
2026-03-02T16:15:00+00:00,180.24999999999994,180.89999999999995,179.79999999999995,180.04999999999995,7772
2026-03-02T16:30:00+00:00,180.04999999999995,181.81999999999996,179.96999999999994,181.77999999999994,8155
2026-03-02T16:45:00+00:00,181.77999999999994,182.29999999999995,181.67999999999995,181.75999999999996,7598
2026-03-02T17:00:00+00:00,181.75999999999996,181.77999999999994,181.29999999999995,181.60999999999996,5890
2026-03-02T17:15:00+00:00,181.60999999999996,182.59999999999997,181.60999999999996,182.20999999999995,5138
2026-03-02T17:30:00+00:00,182.20999999999995,182.20999999999995,181.38999999999996,181.60999999999996,5727
2026-03-02T17:45:00+00:00,181.60999999999996,181.97999999999996,181.51999999999995,181.84999999999997,5182
2026-03-02T18:00:00+00:00,181.84999999999997,182.06999999999996,181.53999999999996,181.69999999999996,4169
2026-03-02T18:15:00+00:00,181.69999999999996,181.96999999999994,181.33999999999995,181.58999999999995,4349
2026-03-02T18:30:00+00:00,181.58999999999995,181.72999999999996,181.23999999999995,181.56999999999996,4148
2026-03-02T18:45:00+00:00,181.56999999999996,181.56999999999996,181.17999999999995,181.17999999999995,4396
2026-03-02T19:00:00+00:00,181.17999999999995,181.84999999999997,181.08999999999995,181.76999999999995,4283
2026-03-02T19:15:00+00:00,181.76999999999995,182.03999999999996,181.50999999999996,181.75999999999996,4059
2026-03-02T19:30:00+00:00,181.75999999999996,182.02999999999994,181.57999999999996,181.79999999999995,2759
2026-03-02T19:45:00+00:00,181.79999999999995,182.17999999999995,181.75999999999996,181.92999999999995,2235
2026-03-02T20:00:00+00:00,181.92999999999995,181.97999999999996,180.77999999999994,180.96999999999994,7498
2026-03-02T20:15:00+00:00,180.96999999999994,181.67999999999995,180.78999999999996,181.28999999999996,8830
2026-03-02T20:30:00+00:00,181.28999999999996,181.56999999999996,181.11999999999995,181.35999999999996,7130
2026-03-02T20:45:00+00:00,181.35999999999996,181.95999999999995,181.17999999999995,181.51999999999995,7255
2026-03-03T14:30:00+00:00,181.51999999999995,181.51999999999995,177.11999999999995,177.58999999999995,16595
2026-03-03T14:45:00+00:00,177.58999999999995,178.76999999999995,177.37999999999997,177.93999999999994,11908
2026-03-03T15:00:00+00:00,177.93999999999994,179.15999999999997,177.77999999999994,179.04999999999995,13113
2026-03-03T15:15:00+00:00,179.04999999999995,179.13999999999996,176.85999999999996,176.89999999999995,13114
2026-03-03T15:30:00+00:00,176.89999999999995,177.85999999999996,176.34999999999997,176.47999999999996,14791
2026-03-03T15:45:00+00:00,176.47999999999996,177.05999999999995,176.04999999999995,176.65999999999997,13588
2026-03-03T16:00:00+00:00,176.65999999999997,179.13999999999996,176.50999999999996,178.69999999999996,12856
2026-03-03T16:15:00+00:00,178.69999999999996,179.05999999999995,178.28999999999996,178.44999999999996,11393
2026-03-03T16:30:00+00:00,178.44999999999996,178.96999999999994,178.07999999999996,178.93999999999994,11787
2026-03-03T16:45:00+00:00,178.93999999999994,179.78999999999996,178.84999999999997,179.15999999999997,11170
2026-03-03T17:00:00+00:00,179.15999999999997,179.37999999999997,178.45999999999995,178.93999999999994,10236
2026-03-03T17:15:00+00:00,178.93999999999994,179.34999999999997,178.64999999999995,179.25999999999996,9246
2026-03-03T17:30:00+00:00,179.25999999999996,179.25999999999996,178.12999999999997,178.96999999999994,8799
2026-03-03T17:45:00+00:00,178.96999999999994,179.18999999999994,178.64999999999995,178.69999999999996,7875
2026-03-03T18:00:00+00:00,178.69999999999996,179.31999999999996,178.56999999999996,178.79999999999995,8057
2026-03-03T18:15:00+00:00,178.79999999999995,179.53999999999996,178.68999999999994,179.29999999999995,6833
2026-03-03T18:30:00+00:00,179.29999999999995,180.02999999999994,179.13999999999996,179.68999999999994,6794
2026-03-03T18:45:00+00:00,179.68999999999994,179.92999999999995,179.35999999999996,179.64999999999995,7679
2026-03-03T19:00:00+00:00,179.64999999999995,179.76999999999995,178.81999999999996,179.14999999999995,7782
2026-03-03T19:15:00+00:00,179.14999999999995,179.44999999999996,178.57999999999996,178.65999999999997,7438
2026-03-03T19:30:00+00:00,178.65999999999997,179.62999999999997,178.28999999999996,179.57999999999996,9602
2026-03-03T19:45:00+00:00,179.57999999999996,180.00999999999996,178.96999999999994,179.17999999999995,9020
2026-03-03T20:00:00+00:00,179.17999999999995,179.37999999999997,178.77999999999994,178.78999999999996,8245
2026-03-03T20:15:00+00:00,178.78999999999996,179.36999999999995,178.62999999999997,179.34999999999997,7943
2026-03-03T20:30:00+00:00,179.34999999999997,179.69999999999996,179.09999999999997,179.38999999999996,7061
2026-03-03T20:45:00+00:00,179.38999999999996,179.47999999999996,179.02999999999994,179.17999999999995,6898
2026-03-04T14:30:00+00:00,179.17999999999995,181.41999999999996,179.17999999999995,180.70999999999995,12374
2026-03-04T14:45:00+00:00,180.70999999999995,182.06999999999996,179.70999999999995,180.03999999999996,11908
2026-03-04T15:00:00+00:00,180.03999999999996,182.02999999999994,180.03999999999996,181.30999999999995,12156
2026-03-04T15:15:00+00:00,181.30999999999995,182.67999999999995,181.14999999999995,182.60999999999996,9313
2026-03-04T15:30:00+00:00,182.60999999999996,182.77999999999994,181.43999999999994,181.68999999999994,7777
2026-03-04T15:45:00+00:00,181.68999999999994,182.20999999999995,181.28999999999996,181.93999999999994,7985
2026-03-04T16:00:00+00:00,181.93999999999994,182.44999999999996,180.92999999999995,181.09999999999997,7238
2026-03-04T16:15:00+00:00,181.09999999999997,181.84999999999997,181.02999999999994,181.53999999999996,7941
2026-03-04T16:30:00+00:00,181.53999999999996,182.27999999999994,181.44999999999996,182.15999999999997,6940
2026-03-04T16:45:00+00:00,182.15999999999997,182.25999999999996,181.73999999999995,181.81999999999996,4769
2026-03-04T17:00:00+00:00,181.81999999999996,182.22999999999996,181.73999999999995,181.80999999999995,4359
2026-03-04T17:15:00+00:00,181.80999999999995,181.91999999999996,181.53999999999996,181.60999999999996,4729
2026-03-04T17:30:00+00:00,181.60999999999996,182.33999999999995,181.32999999999996,182.00999999999996,5117
2026-03-04T17:45:00+00:00,182.00999999999996,182.48999999999995,181.97999999999996,182.12999999999997,3472
2026-03-04T18:00:00+00:00,182.12999999999997,182.25999999999996,181.92999999999995,182.05999999999995,3073
2026-03-04T18:15:00+00:00,182.05999999999995,182.18999999999994,181.50999999999996,182.17999999999995,3809
2026-03-04T18:30:00+00:00,182.17999999999995,183.21999999999994,182.12999999999997,182.96999999999994,4750
2026-03-04T18:45:00+00:00,182.96999999999994,183.73999999999995,182.65999999999997,183.62999999999997,4781
2026-03-04T19:00:00+00:00,183.62999999999997,183.82999999999996,183.19999999999996,183.28999999999996,3714
2026-03-04T19:15:00+00:00,183.28999999999996,183.76999999999995,183.22999999999996,183.43999999999994,3086
2026-03-04T19:30:00+00:00,183.43999999999994,183.47999999999996,182.83999999999995,182.90999999999997,2300
2026-03-04T19:45:00+00:00,182.90999999999997,183.19999999999996,182.67999999999995,182.94999999999996,2137
2026-03-04T20:00:00+00:00,182.94999999999996,182.99999999999994,182.33999999999995,182.45999999999995,3099
2026-03-04T20:15:00+00:00,182.45999999999995,182.45999999999995,181.74999999999994,182.18999999999994,3699
2026-03-04T20:30:00+00:00,182.18999999999994,182.43999999999994,181.82999999999996,182.19999999999996,3572
2026-03-04T20:45:00+00:00,182.19999999999996,182.46999999999994,181.74999999999994,182.07999999999996,5539
2026-03-05T14:30:00+00:00,182.07999999999996,182.07999999999996,179.93999999999994,180.18999999999994,12503
2026-03-05T14:45:00+00:00,180.18999999999994,181.90999999999997,180.02999999999994,181.58999999999995,11620
2026-03-05T15:00:00+00:00,181.58999999999995,181.91999999999996,180.93999999999994,181.72999999999996,11126
2026-03-05T15:15:00+00:00,181.72999999999996,181.82999999999996,180.57999999999996,180.80999999999995,10549
2026-03-05T15:30:00+00:00,180.80999999999995,181.86999999999995,179.98999999999995,181.62999999999997,10562
2026-03-05T15:45:00+00:00,181.62999999999997,183.04999999999995,181.45999999999995,183.04999999999995,9871
2026-03-05T16:00:00+00:00,183.04999999999995,183.18999999999994,182.14999999999995,182.56999999999996,10195
2026-03-05T16:15:00+00:00,182.56999999999996,182.74999999999994,181.84999999999997,181.90999999999997,9645
2026-03-05T16:30:00+00:00,181.90999999999997,182.79999999999995,181.90999999999997,182.14999999999995,9005
2026-03-05T16:45:00+00:00,182.14999999999995,182.55999999999995,181.99999999999994,182.14999999999995,7663
2026-03-05T17:00:00+00:00,182.14999999999995,182.95999999999995,181.68999999999994,181.94999999999996,7189
2026-03-05T17:15:00+00:00,181.94999999999996,181.95999999999995,180.20999999999995,180.20999999999995,8058
2026-03-05T17:30:00+00:00,180.20999999999995,180.34999999999997,178.33999999999995,178.47999999999996,12214
2026-03-05T17:45:00+00:00,178.47999999999996,178.58999999999995,177.07999999999996,177.80999999999995,11450
2026-03-05T18:00:00+00:00,177.80999999999995,179.04999999999995,177.77999999999994,178.98999999999995,10433
2026-03-05T18:15:00+00:00,178.98999999999995,179.24999999999994,177.90999999999997,178.01999999999995,9434
2026-03-05T18:30:00+00:00,178.01999999999995,179.31999999999996,177.93999999999994,179.05999999999995,8988
2026-03-05T18:45:00+00:00,179.05999999999995,179.19999999999996,178.54999999999995,179.11999999999995,7882
2026-03-05T19:00:00+00:00,179.11999999999995,179.92999999999995,179.00999999999996,179.83999999999995,7948
2026-03-05T19:15:00+00:00,179.83999999999995,180.14999999999995,179.42999999999995,179.87999999999997,7384
2026-03-05T19:30:00+00:00,179.87999999999997,179.87999999999997,179.01999999999995,179.56999999999996,7181
2026-03-05T19:45:00+00:00,179.56999999999996,180.02999999999994,179.21999999999994,179.70999999999995,6626
2026-03-05T20:00:00+00:00,179.70999999999995,181.00999999999996,179.54999999999995,180.73999999999995,8975
2026-03-05T20:15:00+00:00,180.73999999999995,181.51999999999995,180.68999999999994,180.99999999999994,8199
2026-03-05T20:30:00+00:00,180.99999999999994,181.56999999999996,180.82999999999996,181.31999999999996,7862
2026-03-05T20:45:00+00:00,181.31999999999996,182.56999999999996,181.21999999999994,182.45999999999995,9161
2026-03-06T14:30:00+00:00,182.45999999999995,182.45999999999995,178.74999999999994,180.29999999999995,14884
2026-03-06T14:45:00+00:00,180.29999999999995,181.45999999999995,180.28999999999996,181.00999999999996,14821
2026-03-06T15:00:00+00:00,181.00999999999996,181.88999999999996,180.59999999999997,181.29999999999995,14532
2026-03-06T15:15:00+00:00,181.29999999999995,181.62999999999997,180.81999999999996,180.93999999999994,11969
2026-03-06T15:30:00+00:00,180.93999999999994,181.53999999999996,180.73999999999995,181.06999999999996,10190
2026-03-06T15:45:00+00:00,181.06999999999996,181.40999999999997,180.01999999999995,181.07999999999996,9959
2026-03-06T16:00:00+00:00,181.07999999999996,181.25999999999996,180.34999999999997,180.50999999999996,9080
2026-03-06T16:15:00+00:00,180.50999999999996,180.91999999999996,180.15999999999997,180.83999999999995,9098
2026-03-06T16:30:00+00:00,180.83999999999995,181.00999999999996,180.36999999999995,180.90999999999997,9624
2026-03-06T16:45:00+00:00,180.90999999999997,181.58999999999995,180.87999999999997,181.45999999999995,8536
2026-03-06T17:00:00+00:00,181.45999999999995,181.59999999999997,180.62999999999997,180.76999999999995,8242
2026-03-06T17:15:00+00:00,180.76999999999995,181.03999999999996,180.16999999999996,180.29999999999995,7785
2026-03-06T17:30:00+00:00,180.29999999999995,180.34999999999997,179.63999999999996,179.98999999999995,6974
2026-03-06T17:45:00+00:00,179.98999999999995,180.27999999999994,179.87999999999997,179.94999999999996,6181
2026-03-06T18:00:00+00:00,179.94999999999996,180.73999999999995,179.75999999999996,180.69999999999996,6624
2026-03-06T18:15:00+00:00,180.69999999999996,180.95999999999995,180.39999999999995,180.59999999999997,7137
2026-03-06T18:30:00+00:00,180.59999999999997,180.89999999999995,180.24999999999994,180.56999999999996,7447
2026-03-06T18:45:00+00:00,180.56999999999996,180.61999999999995,179.94999999999996,179.99999999999994,6327
2026-03-06T19:00:00+00:00,179.99999999999994,180.13999999999996,179.66999999999996,180.03999999999996,5952
2026-03-06T19:15:00+00:00,180.03999999999996,180.03999999999996,179.30999999999995,179.66999999999996,6261
2026-03-06T19:30:00+00:00,179.66999999999996,179.89999999999995,179.14999999999995,179.29999999999995,5914
2026-03-06T19:45:00+00:00,179.29999999999995,179.34999999999997,179.02999999999994,179.18999999999994,5275
2026-03-06T20:00:00+00:00,179.18999999999994,179.45999999999995,177.47999999999996,177.94999999999996,7005
2026-03-06T20:15:00+00:00,177.94999999999996,178.50999999999996,176.11999999999995,176.25999999999996,8981
2026-03-06T20:30:00+00:00,176.25999999999996,177.21999999999994,175.94999999999996,176.88999999999996,10890
2026-03-06T20:45:00+00:00,176.88999999999996,177.51999999999995,176.72999999999996,176.83999999999995,9523
2026-03-09T13:30:00+00:00,176.83999999999995,177.25999999999996,174.74999999999994,175.23999999999995,13544
2026-03-09T13:45:00+00:00,175.23999999999995,176.47999999999996,174.70999999999995,176.06999999999996,13559
2026-03-09T14:00:00+00:00,176.06999999999996,177.13999999999996,175.38999999999996,176.07999999999996,14042
2026-03-09T14:15:00+00:00,176.07999999999996,177.63999999999996,175.99999999999994,177.21999999999994,12630
2026-03-09T14:30:00+00:00,177.21999999999994,178.20999999999995,177.12999999999997,178.17999999999995,11226
2026-03-09T14:45:00+00:00,178.17999999999995,178.48999999999995,177.81999999999996,177.85999999999996,9311
2026-03-09T15:00:00+00:00,177.85999999999996,178.57999999999996,177.85999999999996,178.16999999999996,8129
2026-03-09T15:15:00+00:00,178.16999999999996,178.51999999999995,177.77999999999994,178.30999999999995,6891
2026-03-09T15:30:00+00:00,178.30999999999995,178.38999999999996,177.92999999999995,178.00999999999996,7309
2026-03-09T15:45:00+00:00,178.00999999999996,179.25999999999996,177.96999999999994,178.86999999999995,6113
2026-03-09T16:00:00+00:00,178.86999999999995,179.16999999999996,178.68999999999994,178.77999999999994,5869
2026-03-09T16:15:00+00:00,178.77999999999994,179.75999999999996,178.72999999999996,179.58999999999995,5680
2026-03-09T16:30:00+00:00,179.58999999999995,180.04999999999995,179.20999999999995,179.66999999999996,6605
2026-03-09T16:45:00+00:00,179.66999999999996,179.85999999999996,179.15999999999997,179.27999999999994,4854
2026-03-09T17:00:00+00:00,179.27999999999994,179.28999999999996,178.73999999999995,179.04999999999995,5794
2026-03-09T17:15:00+00:00,179.04999999999995,179.07999999999996,178.31999999999996,178.51999999999995,5649
2026-03-09T17:30:00+00:00,178.51999999999995,178.77999999999994,178.15999999999997,178.26999999999995,6194
2026-03-09T17:45:00+00:00,178.26999999999995,178.82999999999996,178.26999999999995,178.77999999999994,5543
2026-03-09T18:00:00+00:00,178.77999999999994,179.16999999999996,178.76999999999995,179.05999999999995,5390
2026-03-09T18:15:00+00:00,179.05999999999995,179.32999999999996,178.91999999999996,179.04999999999995,5311
2026-03-09T18:30:00+00:00,179.04999999999995,179.60999999999996,178.91999999999996,179.33999999999995,4771
2026-03-09T18:45:00+00:00,179.33999999999995,179.55999999999995,178.42999999999995,178.45999999999995,4123
2026-03-09T19:00:00+00:00,178.45999999999995,179.35999999999996,178.44999999999996,178.95999999999995,4634
2026-03-09T19:15:00+00:00,178.95999999999995,181.18999999999994,178.82999999999996,181.14999999999995,12119
2026-03-09T19:30:00+00:00,181.14999999999995,182.01999999999995,180.57999999999996,180.94999999999996,13597
2026-03-09T19:45:00+00:00,180.94999999999996,181.95999999999995,180.66999999999996,181.77999999999994,11120
2026-03-10T13:30:00+00:00,181.77999999999994,182.69999999999996,181.13999999999996,182.49999999999994,12452
2026-03-10T13:45:00+00:00,182.49999999999994,183.00999999999996,181.60999999999996,181.88999999999996,11087
2026-03-10T14:00:00+00:00,181.88999999999996,182.34999999999997,181.34999999999997,182.25999999999996,10437
2026-03-10T14:15:00+00:00,182.25999999999996,183.34999999999997,182.01999999999995,183.16999999999996,8462
2026-03-10T14:30:00+00:00,183.16999999999996,184.11999999999995,183.14999999999995,183.99999999999994,7449
2026-03-10T14:45:00+00:00,183.99999999999994,184.83999999999995,183.86999999999995,184.60999999999996,5729
2026-03-10T15:00:00+00:00,184.60999999999996,185.03999999999996,184.36999999999995,184.88999999999996,5925
2026-03-10T15:15:00+00:00,184.88999999999996,185.54999999999995,184.87999999999997,185.08999999999995,5526
2026-03-10T15:30:00+00:00,185.08999999999995,185.24999999999994,184.55999999999995,184.79999999999995,5705
2026-03-10T15:45:00+00:00,184.79999999999995,185.08999999999995,184.64999999999995,185.06999999999996,5436
2026-03-10T16:00:00+00:00,185.06999999999996,185.06999999999996,184.16999999999996,184.62999999999997,5319
2026-03-10T16:15:00+00:00,184.62999999999997,184.73999999999995,184.16999999999996,184.41999999999996,5710
2026-03-10T16:30:00+00:00,184.41999999999996,184.89999999999995,184.39999999999995,184.89999999999995,4760
2026-03-10T16:45:00+00:00,184.89999999999995,184.94999999999996,184.36999999999995,184.75999999999996,4698
2026-03-10T17:00:00+00:00,184.75999999999996,185.06999999999996,184.67999999999995,184.75999999999996,4340
2026-03-10T17:15:00+00:00,184.75999999999996,185.35999999999996,184.73999999999995,185.25999999999996,4748
2026-03-10T17:30:00+00:00,185.25999999999996,185.26999999999995,184.23999999999995,184.53999999999996,7239
2026-03-10T17:45:00+00:00,184.53999999999996,184.91999999999996,184.38999999999996,184.85999999999996,5488
2026-03-10T18:00:00+00:00,184.85999999999996,184.93999999999994,183.73999999999995,183.76999999999995,5514
2026-03-10T18:15:00+00:00,183.76999999999995,184.41999999999996,183.23999999999995,184.02999999999994,12625
2026-03-10T18:30:00+00:00,184.02999999999994,184.37999999999997,183.48999999999995,183.48999999999995,9790
2026-03-10T18:45:00+00:00,183.48999999999995,184.08999999999995,183.37999999999997,183.51999999999995,7756
2026-03-10T19:00:00+00:00,183.51999999999995,183.90999999999997,183.15999999999997,183.87999999999997,7613
2026-03-10T19:15:00+00:00,183.87999999999997,184.16999999999996,183.48999999999995,183.53999999999996,7172
2026-03-10T19:30:00+00:00,183.53999999999996,183.61999999999995,182.81999999999996,182.90999999999997,9307
2026-03-10T19:45:00+00:00,182.90999999999997,183.96999999999994,182.41999999999996,183.86999999999995,8092
2026-03-11T13:30:00+00:00,183.86999999999995,184.93999999999994,182.91999999999996,184.04999999999995,11320
2026-03-11T13:45:00+00:00,184.04999999999995,184.95999999999995,183.65999999999994,184.85999999999996,10643
2026-03-11T14:00:00+00:00,184.85999999999996,185.57999999999996,184.41999999999996,185.39999999999995,12571
2026-03-11T14:15:00+00:00,185.39999999999995,185.52999999999994,184.38999999999996,184.88999999999996,9667
2026-03-11T14:30:00+00:00,184.88999999999996,184.90999999999994,183.85999999999996,184.20999999999995,9040
2026-03-11T14:45:00+00:00,184.20999999999995,184.58999999999995,184.07999999999996,184.40999999999994,5992
2026-03-11T15:00:00+00:00,184.40999999999994,184.75999999999996,183.45999999999995,184.12999999999994,7988
2026-03-11T15:15:00+00:00,184.12999999999994,184.15999999999994,183.03999999999994,183.04999999999995,7389
2026-03-11T15:30:00+00:00,183.04999999999995,183.79999999999995,182.81999999999994,183.45999999999995,6853
2026-03-11T15:45:00+00:00,183.45999999999995,183.75999999999996,183.21999999999994,183.58999999999995,6626
2026-03-11T16:00:00+00:00,183.58999999999995,183.69999999999996,183.23999999999995,183.66999999999996,6773
2026-03-11T16:15:00+00:00,183.66999999999996,183.71999999999994,183.23999999999995,183.51999999999995,6339
2026-03-11T16:30:00+00:00,183.51999999999995,184.04999999999995,183.50999999999996,183.65999999999994,5410
2026-03-11T16:45:00+00:00,183.65999999999994,183.80999999999995,183.48999999999995,183.68999999999994,4350
2026-03-11T17:00:00+00:00,183.68999999999994,183.85999999999996,183.40999999999994,183.49999999999994,3465
2026-03-11T17:15:00+00:00,183.49999999999994,183.66999999999996,183.22999999999996,183.58999999999995,4138
2026-03-11T17:30:00+00:00,183.58999999999995,183.68999999999994,182.43999999999994,183.12999999999994,7905
2026-03-11T17:45:00+00:00,183.12999999999994,183.40999999999994,182.92999999999995,183.12999999999994,7090
2026-03-11T18:00:00+00:00,183.12999999999994,183.21999999999994,182.69999999999996,182.94999999999996,4911
2026-03-11T18:15:00+00:00,182.94999999999996,183.21999999999994,182.79999999999995,183.12999999999994,4168
2026-03-11T18:30:00+00:00,183.12999999999994,183.40999999999994,182.99999999999994,183.16999999999996,3439
2026-03-11T18:45:00+00:00,183.16999999999996,183.71999999999994,183.11999999999995,183.58999999999995,3533
2026-03-11T19:00:00+00:00,183.58999999999995,183.65999999999994,183.22999999999996,183.34999999999994,3449
2026-03-11T19:15:00+00:00,183.34999999999994,183.68999999999994,183.29999999999995,183.33999999999995,3615
2026-03-11T19:30:00+00:00,183.33999999999995,183.64999999999995,183.20999999999995,183.51999999999995,3275
2026-03-11T19:45:00+00:00,183.51999999999995,184.01999999999995,183.31999999999994,183.98999999999995,3664
2026-03-12T13:30:00+00:00,183.98999999999995,183.98999999999995,181.50999999999996,181.63999999999996,10209
2026-03-12T13:45:00+00:00,181.63999999999996,181.76999999999995,180.02999999999994,180.35999999999996,10147
2026-03-12T14:00:00+00:00,180.35999999999996,181.21999999999994,180.30999999999995,181.10999999999996,10277
2026-03-12T14:15:00+00:00,181.10999999999996,181.19999999999996,180.06999999999994,180.06999999999994,7708
2026-03-12T14:30:00+00:00,180.06999999999994,180.37999999999994,179.73999999999995,180.23999999999995,7693
2026-03-12T14:45:00+00:00,180.23999999999995,180.89999999999995,179.81999999999994,180.36999999999995,8713
2026-03-12T15:00:00+00:00,180.36999999999995,180.60999999999996,179.79999999999995,180.17999999999995,7311
2026-03-12T15:15:00+00:00,180.17999999999995,180.93999999999994,180.10999999999996,180.87999999999994,6764
2026-03-12T15:30:00+00:00,180.87999999999994,182.15999999999994,180.74999999999994,181.96999999999994,8839
2026-03-12T15:45:00+00:00,181.96999999999994,182.36999999999995,181.43999999999994,182.30999999999995,8410
2026-03-12T16:00:00+00:00,182.30999999999995,182.91999999999996,181.97999999999996,182.63999999999996,7829
2026-03-12T16:15:00+00:00,182.63999999999996,182.86999999999995,182.15999999999994,182.25999999999996,7870
2026-03-12T16:30:00+00:00,182.25999999999996,182.70999999999995,182.19999999999996,182.42999999999995,7526
2026-03-12T16:45:00+00:00,182.42999999999995,182.47999999999996,181.68999999999994,181.95999999999995,6077
2026-03-12T17:00:00+00:00,181.95999999999995,182.53999999999994,181.72999999999996,181.77999999999994,3795
2026-03-12T17:15:00+00:00,181.77999999999994,182.08999999999995,181.50999999999996,181.72999999999996,3628
2026-03-12T17:30:00+00:00,181.72999999999996,182.16999999999996,181.65999999999994,181.74999999999994,4864
2026-03-12T17:45:00+00:00,181.74999999999994,181.75999999999996,181.14999999999995,181.51999999999995,5062
2026-03-12T18:00:00+00:00,181.51999999999995,181.96999999999994,181.50999999999996,181.70999999999995,4745
2026-03-12T18:15:00+00:00,181.70999999999995,181.84999999999994,181.22999999999996,181.53999999999994,4643
2026-03-12T18:30:00+00:00,181.53999999999994,181.60999999999996,181.09999999999994,181.13999999999996,3711
2026-03-12T18:45:00+00:00,181.13999999999996,181.30999999999995,180.90999999999994,181.05999999999995,3629
2026-03-12T19:00:00+00:00,181.05999999999995,181.42999999999995,180.75999999999996,180.99999999999994,5674
2026-03-12T19:15:00+00:00,180.99999999999994,181.58999999999995,180.85999999999996,181.40999999999994,4657
2026-03-12T19:30:00+00:00,181.40999999999994,181.64999999999995,180.69999999999996,180.95999999999995,4938
2026-03-12T19:45:00+00:00,180.95999999999995,181.56999999999994,180.75999999999996,181.08999999999995,6569
2026-03-13T13:30:00+00:00,181.08999999999995,184.04999999999995,181.08999999999995,183.56999999999994,11398
2026-03-13T13:45:00+00:00,183.56999999999994,183.88999999999996,182.64999999999995,182.86999999999995,9149
2026-03-13T14:00:00+00:00,182.86999999999995,183.07999999999996,181.71999999999994,181.96999999999994,9546
2026-03-13T14:15:00+00:00,181.96999999999994,182.30999999999995,181.58999999999995,181.90999999999994,10261
2026-03-13T14:30:00+00:00,181.90999999999994,182.21999999999994,180.85999999999996,180.88999999999996,9366
2026-03-13T14:45:00+00:00,180.88999999999996,180.88999999999996,179.98999999999995,180.10999999999996,10283
2026-03-13T15:00:00+00:00,180.10999999999996,180.81999999999994,179.63999999999996,180.72999999999996,9437
2026-03-13T15:15:00+00:00,180.72999999999996,180.75999999999996,179.73999999999995,179.86999999999995,7657
2026-03-13T15:30:00+00:00,179.86999999999995,180.23999999999995,178.89999999999995,179.12999999999994,7935
2026-03-13T15:45:00+00:00,179.12999999999994,179.53999999999994,178.72999999999996,179.03999999999994,9362
2026-03-13T16:00:00+00:00,179.03999999999994,179.56999999999994,178.85999999999996,179.15999999999994,8091
2026-03-13T16:15:00+00:00,179.15999999999994,179.50999999999996,178.69999999999996,179.11999999999995,7773
2026-03-13T16:30:00+00:00,179.11999999999995,179.74999999999994,179.06999999999994,179.29999999999995,7554
2026-03-13T16:45:00+00:00,179.29999999999995,179.73999999999995,178.95999999999995,179.04999999999995,6322
2026-03-13T17:00:00+00:00,179.04999999999995,179.47999999999996,178.89999999999995,179.47999999999996,6091
2026-03-13T17:15:00+00:00,179.47999999999996,179.64999999999995,179.18999999999994,179.51999999999995,5456
2026-03-13T17:30:00+00:00,179.51999999999995,179.57999999999996,179.05999999999995,179.19999999999996,5250
2026-03-13T17:45:00+00:00,179.19999999999996,179.27999999999994,178.42999999999995,178.48999999999995,5906
2026-03-13T18:00:00+00:00,178.48999999999995,178.52999999999994,178.16999999999996,178.33999999999995,4878
2026-03-13T18:15:00+00:00,178.33999999999995,178.59999999999994,177.98999999999995,178.52999999999994,4574
2026-03-13T18:30:00+00:00,178.52999999999994,179.02999999999994,178.35999999999996,178.94999999999996,4104
2026-03-13T18:45:00+00:00,178.94999999999996,179.11999999999995,178.79999999999995,179.00999999999996,4094
2026-03-13T19:00:00+00:00,179.00999999999996,179.01999999999995,178.55999999999995,178.80999999999995,3594
2026-03-13T19:15:00+00:00,178.80999999999995,178.96999999999994,178.25999999999996,178.68999999999994,4118
2026-03-13T19:30:00+00:00,178.68999999999994,178.80999999999995,178.14999999999995,178.40999999999994,3394
2026-03-13T19:45:00+00:00,178.40999999999994,178.59999999999994,177.90999999999994,178.22999999999996,4005
2026-03-16T13:30:00+00:00,178.22999999999996,183.02999999999994,178.22999999999996,182.24999999999994,10139
2026-03-16T13:45:00+00:00,182.24999999999994,182.69999999999996,181.98999999999995,182.49999999999994,7949
2026-03-16T14:00:00+00:00,182.49999999999994,182.52999999999994,181.84999999999994,182.23999999999995,7035
2026-03-16T14:15:00+00:00,182.23999999999995,182.45999999999995,182.03999999999994,182.04999999999995,5653
2026-03-16T14:30:00+00:00,182.04999999999995,182.21999999999994,181.44999999999996,181.57999999999996,7252
2026-03-16T14:45:00+00:00,181.57999999999996,182.08999999999995,181.28999999999994,182.07999999999996,6205
2026-03-16T15:00:00+00:00,182.07999999999996,182.69999999999996,181.67999999999995,182.64999999999995,5113
2026-03-16T15:15:00+00:00,182.64999999999995,182.89999999999995,182.39999999999995,182.70999999999995,3162
2026-03-16T15:30:00+00:00,182.70999999999995,182.91999999999996,182.56999999999994,182.56999999999994,2776
2026-03-16T15:45:00+00:00,182.56999999999994,182.83999999999995,182.08999999999995,182.08999999999995,3855
2026-03-16T16:00:00+00:00,182.08999999999995,182.40999999999994,181.89999999999995,181.96999999999994,4917
2026-03-16T16:15:00+00:00,181.96999999999994,182.09999999999994,181.59999999999994,181.89999999999995,5352
2026-03-16T16:30:00+00:00,181.89999999999995,182.43999999999994,181.74999999999994,182.35999999999996,4771
2026-03-16T16:45:00+00:00,182.35999999999996,182.53999999999994,182.18999999999994,182.41999999999996,3733
2026-03-16T17:00:00+00:00,182.41999999999996,182.99999999999994,182.39999999999995,182.85999999999996,4653
2026-03-16T17:15:00+00:00,182.85999999999996,183.04999999999995,182.62999999999994,182.74999999999994,3143
2026-03-16T17:30:00+00:00,182.74999999999994,182.88999999999996,182.28999999999994,182.31999999999994,2818
2026-03-16T17:45:00+00:00,182.31999999999994,182.57999999999996,182.23999999999995,182.46999999999994,3069
2026-03-16T18:00:00+00:00,182.46999999999994,183.34999999999994,182.42999999999995,183.23999999999995,2802
2026-03-16T18:15:00+00:00,183.23999999999995,183.50999999999996,182.80999999999995,182.91999999999996,2636
2026-03-16T18:30:00+00:00,182.91999999999996,183.03999999999994,182.31999999999994,182.43999999999994,2567
2026-03-16T18:45:00+00:00,182.43999999999994,182.44999999999996,181.76999999999995,181.81999999999994,2393
2026-03-16T19:00:00+00:00,181.81999999999994,186.80999999999995,181.39999999999995,183.51999999999995,8757
2026-03-16T19:15:00+00:00,183.51999999999995,183.92999999999995,179.67999999999995,179.80999999999995,11866
2026-03-16T19:30:00+00:00,179.80999999999995,181.60999999999996,179.39999999999995,181.53999999999994,8206
2026-03-16T19:45:00+00:00,181.53999999999994,181.62999999999994,180.76999999999995,181.15999999999994,7638
2026-03-17T13:30:00+00:00,181.15999999999994,183.33999999999995,181.15999999999994,182.04999999999995,10762
2026-03-17T13:45:00+00:00,182.04999999999995,182.26999999999995,180.93999999999994,181.06999999999994,7873
2026-03-17T14:00:00+00:00,181.06999999999994,181.21999999999994,179.87999999999994,180.35999999999996,8090
2026-03-17T14:15:00+00:00,180.35999999999996,181.56999999999994,180.18999999999994,181.05999999999995,7816
2026-03-17T14:30:00+00:00,181.05999999999995,181.38999999999996,180.61999999999995,181.14999999999995,6476
2026-03-17T14:45:00+00:00,181.14999999999995,181.32999999999996,180.72999999999996,180.99999999999994,5152
2026-03-17T15:00:00+00:00,180.99999999999994,181.19999999999996,180.22999999999996,180.59999999999994,5398
2026-03-17T15:15:00+00:00,180.59999999999994,180.87999999999994,180.37999999999994,180.42999999999995,5206
2026-03-17T15:30:00+00:00,180.42999999999995,180.54999999999995,179.65999999999994,180.30999999999995,5708
2026-03-17T15:45:00+00:00,180.30999999999995,180.56999999999994,180.13999999999996,180.15999999999994,4985
2026-03-17T16:00:00+00:00,180.15999999999994,180.16999999999996,179.71999999999994,179.96999999999994,6104
2026-03-17T16:15:00+00:00,179.96999999999994,181.08999999999995,179.93999999999994,180.67999999999995,6369
2026-03-17T16:30:00+00:00,180.67999999999995,180.93999999999994,180.28999999999994,180.55999999999995,5696
2026-03-17T16:45:00+00:00,180.55999999999995,180.58999999999995,179.92999999999995,180.01999999999995,3591
2026-03-17T17:00:00+00:00,180.01999999999995,180.61999999999995,180.01999999999995,180.39999999999995,2776
2026-03-17T17:15:00+00:00,180.39999999999995,180.68999999999994,180.31999999999994,180.40999999999994,2166
2026-03-17T17:30:00+00:00,180.40999999999994,181.17999999999995,180.36999999999995,180.82999999999996,2515
2026-03-17T17:45:00+00:00,180.82999999999996,181.20999999999995,180.67999999999995,180.95999999999995,2376
2026-03-17T18:00:00+00:00,180.95999999999995,181.45999999999995,180.93999999999994,181.22999999999996,2801
2026-03-17T18:15:00+00:00,181.22999999999996,181.31999999999994,180.99999999999994,181.00999999999996,2689
2026-03-17T18:30:00+00:00,181.00999999999996,181.13999999999996,180.61999999999995,180.68999999999994,2420
2026-03-17T18:45:00+00:00,180.68999999999994,180.82999999999996,180.29999999999995,180.31999999999994,2303
2026-03-17T19:00:00+00:00,180.31999999999994,180.47999999999996,180.02999999999994,180.26999999999995,2459
2026-03-17T19:15:00+00:00,180.26999999999995,180.67999999999995,180.17999999999995,180.63999999999996,2249
2026-03-17T19:30:00+00:00,180.63999999999996,180.91999999999996,180.25999999999996,180.34999999999994,3376
2026-03-17T19:45:00+00:00,180.34999999999994,180.45999999999995,179.77999999999994,179.93999999999994,3561
2026-03-18T13:30:00+00:00,179.93999999999994,180.74999999999994,178.70999999999995,179.60999999999996,9297
2026-03-18T13:45:00+00:00,179.60999999999996,180.57999999999996,179.58999999999995,180.41999999999996,7760
2026-03-18T14:00:00+00:00,180.41999999999996,181.35999999999996,180.16999999999996,180.39999999999995,8089
2026-03-18T14:15:00+00:00,180.39999999999995,180.92999999999995,180.09999999999994,180.27999999999994,7317
2026-03-18T14:30:00+00:00,180.27999999999994,180.78999999999994,180.08999999999995,180.08999999999995,6234
2026-03-18T14:45:00+00:00,180.08999999999995,180.74999999999994,179.81999999999994,180.74999999999994,5386
2026-03-18T15:00:00+00:00,180.74999999999994,181.21999999999994,180.58999999999995,180.93999999999994,5935
2026-03-18T15:15:00+00:00,180.93999999999994,180.97999999999996,180.24999999999994,180.53999999999994,5419
2026-03-18T15:30:00+00:00,180.53999999999994,180.68999999999994,180.29999999999995,180.45999999999995,4593
2026-03-18T15:45:00+00:00,180.45999999999995,180.65999999999994,180.29999999999995,180.44999999999996,4273
2026-03-18T16:00:00+00:00,180.44999999999996,180.79999999999995,180.32999999999996,180.68999999999994,3635
2026-03-18T16:15:00+00:00,180.68999999999994,180.83999999999995,180.33999999999995,180.73999999999995,3850
2026-03-18T16:30:00+00:00,180.73999999999995,180.74999999999994,180.07999999999996,180.25999999999996,4453
2026-03-18T16:45:00+00:00,180.25999999999996,180.65999999999994,180.14999999999995,180.39999999999995,3102
2026-03-18T17:00:00+00:00,180.39999999999995,180.42999999999995,179.88999999999996,179.92999999999995,3595
2026-03-18T17:15:00+00:00,179.92999999999995,180.06999999999994,179.80999999999995,180.02999999999994,2814
2026-03-18T17:30:00+00:00,180.02999999999994,180.50999999999996,179.78999999999994,180.35999999999996,2987
2026-03-18T17:45:00+00:00,180.35999999999996,180.70999999999995,180.35999999999996,180.60999999999996,2570
2026-03-18T18:00:00+00:00,180.60999999999996,181.11999999999995,180.53999999999994,180.67999999999995,3623
2026-03-18T18:15:00+00:00,180.67999999999995,180.70999999999995,180.00999999999996,180.30999999999995,4179
2026-03-18T18:30:00+00:00,180.30999999999995,180.37999999999994,179.57999999999996,179.86999999999995,5956
2026-03-18T18:45:00+00:00,179.86999999999995,179.93999999999994,179.06999999999994,179.19999999999996,4318
2026-03-18T19:00:00+00:00,179.19999999999996,179.65999999999994,179.06999999999994,179.23999999999995,5537
2026-03-18T19:15:00+00:00,179.23999999999995,179.32999999999996,178.85999999999996,179.20999999999995,4375
2026-03-18T19:30:00+00:00,179.20999999999995,179.36999999999995,178.67999999999995,178.77999999999994,3948
2026-03-18T19:45:00+00:00,178.77999999999994,178.94999999999996,178.30999999999995,178.33999999999995,4873
2026-03-19T13:30:00+00:00,178.33999999999995,178.33999999999995,173.77999999999994,174.31999999999994,12567
2026-03-19T13:45:00+00:00,174.31999999999994,175.65999999999994,174.00999999999996,175.65999999999994,10820
2026-03-19T14:00:00+00:00,175.65999999999994,176.16999999999996,175.19999999999996,176.05999999999995,10155
2026-03-19T14:15:00+00:00,176.05999999999995,176.37999999999994,175.43999999999994,175.58999999999995,9566
2026-03-19T14:30:00+00:00,175.58999999999995,176.45999999999995,175.52999999999994,175.80999999999995,9230
2026-03-19T14:45:00+00:00,175.80999999999995,176.37999999999994,175.59999999999994,176.18999999999994,8022
2026-03-19T15:00:00+00:00,176.18999999999994,177.03999999999994,176.00999999999996,176.85999999999996,7452
2026-03-19T15:15:00+00:00,176.85999999999996,177.00999999999996,176.02999999999994,176.20999999999995,6909
2026-03-19T15:30:00+00:00,176.20999999999995,176.22999999999996,175.66999999999996,175.79999999999995,6734
2026-03-19T15:45:00+00:00,175.79999999999995,176.34999999999994,175.63999999999996,176.28999999999994,8181
2026-03-19T16:00:00+00:00,176.28999999999994,176.92999999999995,176.13999999999996,176.58999999999995,7431
2026-03-19T16:15:00+00:00,176.58999999999995,176.85999999999996,176.31999999999994,176.77999999999994,5798
2026-03-19T16:30:00+00:00,176.77999999999994,176.88999999999996,176.30999999999995,176.37999999999994,5713
2026-03-19T16:45:00+00:00,176.37999999999994,176.44999999999996,176.02999999999994,176.12999999999994,4681
2026-03-19T17:00:00+00:00,176.12999999999994,176.17999999999995,175.53999999999994,175.66999999999996,4374
2026-03-19T17:15:00+00:00,175.66999999999996,176.73999999999995,175.60999999999996,176.53999999999994,4516
2026-03-19T17:30:00+00:00,176.53999999999994,176.73999999999995,176.03999999999994,176.13999999999996,3861
2026-03-19T17:45:00+00:00,176.13999999999996,176.51999999999995,175.94999999999996,176.22999999999996,3207
2026-03-19T18:00:00+00:00,176.22999999999996,176.91999999999996,176.05999999999995,176.84999999999994,3681
2026-03-19T18:15:00+00:00,176.84999999999994,177.22999999999996,176.68999999999994,176.94999999999996,3466
2026-03-19T18:30:00+00:00,176.94999999999996,176.97999999999996,176.21999999999994,176.25999999999996,3337
2026-03-19T18:45:00+00:00,176.25999999999996,176.70999999999995,176.06999999999994,176.62999999999994,4065
2026-03-19T19:00:00+00:00,176.62999999999994,177.91999999999996,176.55999999999995,177.68999999999994,11957
2026-03-19T19:15:00+00:00,177.68999999999994,177.96999999999994,176.86999999999995,177.12999999999994,9707
2026-03-19T19:30:00+00:00,177.12999999999994,177.12999999999994,176.18999999999994,176.35999999999996,8282
2026-03-19T19:45:00+00:00,176.35999999999996,176.86999999999995,175.88999999999996,176.52999999999994,6883
2026-03-20T13:30:00+00:00,176.52999999999994,176.52999999999994,174.72999999999996,175.68999999999994,10072
2026-03-20T13:45:00+00:00,175.68999999999994,175.81999999999994,173.81999999999994,173.81999999999994,9358
2026-03-20T14:00:00+00:00,173.81999999999994,174.31999999999994,173.40999999999994,173.54999999999995,9794
2026-03-20T14:15:00+00:00,173.54999999999995,174.25999999999996,173.42999999999995,173.72999999999996,9005
2026-03-20T14:30:00+00:00,173.72999999999996,174.08999999999995,173.50999999999996,173.64999999999995,7438
2026-03-20T14:45:00+00:00,173.64999999999995,173.85999999999996,172.97999999999996,173.81999999999994,7081
2026-03-20T15:00:00+00:00,173.81999999999994,174.22999999999996,173.52999999999994,174.05999999999995,6919
2026-03-20T15:15:00+00:00,174.05999999999995,174.18999999999994,173.45999999999995,173.68999999999994,7212
2026-03-20T15:30:00+00:00,173.68999999999994,173.91999999999996,173.52999999999994,173.81999999999994,5806
2026-03-20T15:45:00+00:00,173.81999999999994,174.01999999999995,173.66999999999996,173.84999999999994,4806
2026-03-20T16:00:00+00:00,173.84999999999994,174.39999999999995,173.75999999999996,174.34999999999994,4673
2026-03-20T16:15:00+00:00,174.34999999999994,174.43999999999994,173.84999999999994,173.96999999999994,4282
2026-03-20T16:30:00+00:00,173.96999999999994,173.97999999999996,173.50999999999996,173.69999999999996,4578
2026-03-20T16:45:00+00:00,173.69999999999996,173.88999999999996,173.36999999999995,173.58999999999995,3439
2026-03-20T17:00:00+00:00,173.58999999999995,173.90999999999994,173.32999999999996,173.36999999999995,5160
2026-03-20T17:15:00+00:00,173.36999999999995,173.48999999999995,173.00999999999996,173.04999999999995,3570
2026-03-20T17:30:00+00:00,173.04999999999995,173.07999999999996,172.50999999999996,172.55999999999995,4123
2026-03-20T17:45:00+00:00,172.55999999999995,172.97999999999996,172.48999999999995,172.91999999999996,3424
2026-03-20T18:00:00+00:00,172.91999999999996,172.99999999999994,172.52999999999994,172.59999999999994,2965
2026-03-20T18:15:00+00:00,172.59999999999994,172.75999999999996,171.92999999999995,172.22999999999996,5679
2026-03-20T18:30:00+00:00,172.22999999999996,172.31999999999994,171.57999999999996,171.60999999999996,4412
2026-03-20T18:45:00+00:00,171.60999999999996,171.76999999999995,171.24999999999994,171.44999999999996,4258
2026-03-20T19:00:00+00:00,171.44999999999996,171.73999999999995,170.95999999999995,171.18999999999994,4852
2026-03-20T19:15:00+00:00,171.18999999999994,171.33999999999995,170.34999999999994,170.39999999999995,4194
2026-03-20T19:30:00+00:00,170.39999999999995,170.77999999999994,169.69999999999996,170.72999999999996,6096
2026-03-20T19:45:00+00:00,170.72999999999996,171.02999999999994,170.09999999999994,170.96999999999994,7206
2026-03-23T13:30:00+00:00,170.96999999999994,175.63999999999996,170.96999999999994,174.53999999999994,13339
2026-03-23T13:45:00+00:00,174.53999999999994,175.88999999999996,174.41999999999996,175.81999999999994,11823
2026-03-23T14:00:00+00:00,175.81999999999994,175.93999999999994,174.65999999999994,175.28999999999994,11145
2026-03-23T14:15:00+00:00,175.28999999999994,176.20999999999995,175.22999999999996,175.84999999999994,8266
2026-03-23T14:30:00+00:00,175.84999999999994,176.06999999999994,175.37999999999994,175.41999999999996,8469
2026-03-23T14:45:00+00:00,175.41999999999996,175.75999999999996,175.20999999999995,175.63999999999996,8493
2026-03-23T15:00:00+00:00,175.63999999999996,176.34999999999994,175.50999999999996,175.97999999999996,7022
2026-03-23T15:15:00+00:00,175.97999999999996,176.02999999999994,175.37999999999994,175.55999999999995,6906
2026-03-23T15:30:00+00:00,175.55999999999995,175.76999999999995,174.50999999999996,174.66999999999996,7314
2026-03-23T15:45:00+00:00,174.66999999999996,174.69999999999996,173.00999999999996,173.09999999999994,10279
2026-03-23T16:00:00+00:00,173.09999999999994,173.74999999999994,173.04999999999995,173.61999999999995,10672
2026-03-23T16:15:00+00:00,173.61999999999995,173.65999999999994,172.73999999999995,172.80999999999995,9174
2026-03-23T16:30:00+00:00,172.80999999999995,173.63999999999996,172.76999999999995,173.55999999999995,8659
2026-03-23T16:45:00+00:00,173.55999999999995,173.86999999999995,173.42999999999995,173.51999999999995,7986
2026-03-23T17:00:00+00:00,173.51999999999995,173.66999999999996,173.12999999999994,173.29999999999995,6531
2026-03-23T17:15:00+00:00,173.29999999999995,173.44999999999996,172.95999999999995,173.27999999999994,6018
2026-03-23T17:30:00+00:00,173.27999999999994,174.04999999999995,173.23999999999995,173.80999999999995,6844
2026-03-23T17:45:00+00:00,173.80999999999995,174.19999999999996,173.62999999999994,174.17999999999995,4563
2026-03-23T18:00:00+00:00,174.17999999999995,174.38999999999996,173.82999999999996,174.18999999999994,5501
2026-03-23T18:15:00+00:00,174.18999999999994,174.29999999999995,173.96999999999994,174.07999999999996,4798
2026-03-23T18:30:00+00:00,174.07999999999996,174.94999999999996,174.06999999999994,174.51999999999995,5878
2026-03-23T18:45:00+00:00,174.51999999999995,174.73999999999995,174.41999999999996,174.55999999999995,3887
2026-03-23T19:00:00+00:00,174.55999999999995,174.63999999999996,174.24999999999994,174.42999999999995,3980
2026-03-23T19:15:00+00:00,174.42999999999995,174.55999999999995,174.15999999999994,174.20999999999995,3840
2026-03-23T19:30:00+00:00,174.20999999999995,174.62999999999994,174.14999999999995,174.56999999999994,3235
2026-03-23T19:45:00+00:00,174.56999999999994,174.67999999999995,173.49999999999994,173.50999999999996,4994
2026-03-24T13:30:00+00:00,173.50999999999996,173.88999999999996,172.37999999999994,172.74999999999994,8593
2026-03-24T13:45:00+00:00,172.74999999999994,173.28999999999994,172.07999999999996,172.91999999999996,8804
2026-03-24T14:00:00+00:00,172.91999999999996,173.30999999999995,171.98999999999995,172.26999999999995,9630
2026-03-24T14:15:00+00:00,172.26999999999995,172.72999999999996,171.95999999999995,172.24999999999994,8852
2026-03-24T14:30:00+00:00,172.24999999999994,172.74999999999994,172.10999999999996,172.62999999999994,7538
2026-03-24T14:45:00+00:00,172.62999999999994,173.35999999999996,172.17999999999995,172.76999999999995,10915
2026-03-24T15:00:00+00:00,172.76999999999995,173.58999999999995,172.75999999999996,173.39999999999995,9223
2026-03-24T15:15:00+00:00,173.39999999999995,174.14999999999995,173.35999999999996,173.60999999999996,6825
2026-03-24T15:30:00+00:00,173.60999999999996,173.88999999999996,173.37999999999994,173.60999999999996,5111
2026-03-24T15:45:00+00:00,173.60999999999996,173.82999999999996,173.19999999999996,173.30999999999995,4974
2026-03-24T16:00:00+00:00,173.30999999999995,173.38999999999996,172.89999999999995,173.18999999999994,5684
2026-03-24T16:15:00+00:00,173.18999999999994,173.70999999999995,173.17999999999995,173.30999999999995,4108
2026-03-24T16:30:00+00:00,173.30999999999995,173.46999999999994,172.64999999999995,173.08999999999995,4668
2026-03-24T16:45:00+00:00,173.08999999999995,173.40999999999994,172.90999999999994,173.12999999999994,4548
2026-03-24T17:00:00+00:00,173.12999999999994,173.26999999999995,172.38999999999996,172.55999999999995,6807
2026-03-24T17:15:00+00:00,172.55999999999995,172.73999999999995,172.35999999999996,172.69999999999996,5217
2026-03-24T17:30:00+00:00,172.69999999999996,172.88999999999996,172.37999999999994,172.55999999999995,4710
2026-03-24T17:45:00+00:00,172.55999999999995,173.36999999999995,172.46999999999994,173.34999999999994,6095
2026-03-24T18:00:00+00:00,173.34999999999994,173.58999999999995,173.14999999999995,173.26999999999995,4796
2026-03-24T18:15:00+00:00,173.26999999999995,173.54999999999995,173.02999999999994,173.41999999999996,4764
2026-03-24T18:30:00+00:00,173.41999999999996,174.20999999999995,173.29999999999995,173.77999999999994,5679
2026-03-24T18:45:00+00:00,173.77999999999994,173.87999999999994,173.27999999999994,173.48999999999995,3478
2026-03-24T19:00:00+00:00,173.48999999999995,173.73999999999995,173.42999999999995,173.65999999999994,3244
2026-03-24T19:15:00+00:00,173.65999999999994,173.73999999999995,173.41999999999996,173.49999999999994,3007
2026-03-24T19:30:00+00:00,173.49999999999994,173.60999999999996,173.08999999999995,173.12999999999994,4001
2026-03-24T19:45:00+00:00,173.12999999999994,173.30999999999995,172.83999999999995,173.28999999999994,4419
2026-03-25T13:30:00+00:00,173.28999999999994,177.82999999999996,173.28999999999994,177.20999999999995,9983
2026-03-25T13:45:00+00:00,177.20999999999995,177.22999999999996,176.03999999999994,176.14999999999995,9839
2026-03-25T14:00:00+00:00,176.14999999999995,177.51999999999995,175.86999999999995,177.31999999999994,9597
2026-03-25T14:15:00+00:00,177.31999999999994,178.28999999999994,177.12999999999994,178.03999999999994,8732
2026-03-25T14:30:00+00:00,178.03999999999994,178.61999999999995,177.80999999999995,178.52999999999994,7285
2026-03-25T14:45:00+00:00,178.52999999999994,179.19999999999996,178.37999999999994,178.48999999999995,6024
2026-03-25T15:00:00+00:00,178.48999999999995,178.51999999999995,177.69999999999996,177.83999999999995,6161
2026-03-25T15:15:00+00:00,177.83999999999995,178.25999999999996,177.17999999999995,177.97999999999996,9272
2026-03-25T15:30:00+00:00,177.97999999999996,178.03999999999994,177.22999999999996,177.53999999999994,6492
2026-03-25T15:45:00+00:00,177.53999999999994,177.67999999999995,177.11999999999995,177.33999999999995,6250
2026-03-25T16:00:00+00:00,177.33999999999995,177.42999999999995,176.70999999999995,177.11999999999995,5530
2026-03-25T16:15:00+00:00,177.11999999999995,177.41999999999996,176.81999999999994,177.10999999999996,6401
2026-03-25T16:30:00+00:00,177.10999999999996,177.32999999999996,176.90999999999994,177.18999999999994,5130
2026-03-25T16:45:00+00:00,177.18999999999994,177.28999999999994,176.83999999999995,176.91999999999996,3363
2026-03-25T17:00:00+00:00,176.91999999999996,177.08999999999995,176.48999999999995,176.90999999999994,4447
2026-03-25T17:15:00+00:00,176.90999999999994,177.11999999999995,176.52999999999994,176.90999999999994,4156
2026-03-25T17:30:00+00:00,176.90999999999994,177.54999999999995,176.63999999999996,177.32999999999996,4145
2026-03-25T17:45:00+00:00,177.32999999999996,177.35999999999996,176.77999999999994,176.95999999999995,5502
2026-03-25T18:00:00+00:00,176.95999999999995,177.15999999999994,176.77999999999994,177.04999999999995,3628
2026-03-25T18:15:00+00:00,177.04999999999995,177.30999999999995,176.96999999999994,177.01999999999995,3054
2026-03-25T18:30:00+00:00,177.01999999999995,177.16999999999996,176.72999999999996,176.78999999999994,2680
2026-03-25T18:45:00+00:00,176.78999999999994,176.85999999999996,176.05999999999995,176.26999999999995,4071
2026-03-25T19:00:00+00:00,176.26999999999995,176.45999999999995,175.80999999999995,176.44999999999996,4739
2026-03-25T19:15:00+00:00,176.44999999999996,176.79999999999995,176.41999999999996,176.58999999999995,2973
2026-03-25T19:30:00+00:00,176.58999999999995,176.78999999999994,176.22999999999996,176.53999999999994,2627
2026-03-25T19:45:00+00:00,176.53999999999994,176.99999999999994,176.45999999999995,176.66999999999996,3066
2026-03-26T13:30:00+00:00,176.66999999999996,176.66999999999996,173.13999999999996,173.92999999999995,9541
2026-03-26T13:45:00+00:00,173.92999999999995,174.00999999999996,173.16999999999996,173.66999999999996,10725
2026-03-26T14:00:00+00:00,173.66999999999996,173.85999999999996,172.96999999999994,173.23999999999995,9876
2026-03-26T14:15:00+00:00,173.23999999999995,173.41999999999996,172.77999999999994,172.78999999999994,6488
2026-03-26T14:30:00+00:00,172.78999999999994,173.13999999999996,171.84999999999994,171.91999999999996,8555
2026-03-26T14:45:00+00:00,171.91999999999996,172.09999999999994,171.01999999999995,171.59999999999994,10398
2026-03-26T15:00:00+00:00,171.59999999999994,172.11999999999995,171.57999999999996,171.95999999999995,8075
2026-03-26T15:15:00+00:00,171.95999999999995,172.25999999999996,171.82999999999996,172.05999999999995,6017
2026-03-26T15:30:00+00:00,172.05999999999995,172.47999999999996,171.67999999999995,172.41999999999996,5016
2026-03-26T15:45:00+00:00,172.41999999999996,172.82999999999996,172.36999999999995,172.64999999999995,5851
2026-03-26T16:00:00+00:00,172.64999999999995,172.71999999999994,172.18999999999994,172.40999999999994,3947
2026-03-26T16:15:00+00:00,172.40999999999994,172.41999999999996,171.73999999999995,171.77999999999994,5243
2026-03-26T16:30:00+00:00,171.77999999999994,171.95999999999995,171.55999999999995,171.85999999999996,4840
2026-03-26T16:45:00+00:00,171.85999999999996,171.90999999999994,171.43999999999994,171.80999999999995,4367
2026-03-26T17:00:00+00:00,171.80999999999995,171.97999999999996,171.54999999999995,171.78999999999994,3720
2026-03-26T17:15:00+00:00,171.78999999999994,171.95999999999995,171.31999999999994,171.52999999999994,3439
2026-03-26T17:30:00+00:00,171.52999999999994,171.68999999999994,170.96999999999994,170.97999999999996,3634
2026-03-26T17:45:00+00:00,170.97999999999996,171.03999999999994,169.80999999999995,169.89999999999995,5024
2026-03-26T18:00:00+00:00,169.89999999999995,170.48999999999995,169.88999999999996,170.37999999999994,5363
2026-03-26T18:15:00+00:00,170.37999999999994,170.45999999999995,169.98999999999995,170.08999999999995,4151
2026-03-26T18:30:00+00:00,170.08999999999995,170.36999999999995,170.00999999999996,170.12999999999994,3746
2026-03-26T18:45:00+00:00,170.12999999999994,170.48999999999995,169.94999999999996,170.27999999999994,2869
2026-03-26T19:00:00+00:00,170.27999999999994,170.34999999999994,169.53999999999994,169.93999999999994,3613
2026-03-26T19:15:00+00:00,169.93999999999994,170.37999999999994,169.93999999999994,170.09999999999994,3018
2026-03-26T19:30:00+00:00,170.09999999999994,170.13999999999996,169.68999999999994,169.79999999999995,3665
2026-03-26T19:45:00+00:00,169.79999999999995,169.86999999999995,169.11999999999995,169.23999999999995,5271
2026-03-27T13:30:00+00:00,169.23999999999995,169.23999999999995,167.04999999999995,168.11999999999995,10968
2026-03-27T13:45:00+00:00,168.11999999999995,168.74999999999994,166.13999999999996,166.36999999999995,9506
2026-03-27T14:00:00+00:00,166.36999999999995,167.36999999999995,166.13999999999996,166.81999999999994,10554
2026-03-27T14:15:00+00:00,166.81999999999994,167.10999999999996,165.77999999999994,165.81999999999994,8985
2026-03-27T14:30:00+00:00,165.81999999999994,166.25999999999996,165.52999999999994,165.96999999999994,7657
2026-03-27T14:45:00+00:00,165.96999999999994,166.89999999999995,165.91999999999996,166.66999999999996,7380
2026-03-27T15:00:00+00:00,166.66999999999996,167.10999999999996,166.53999999999994,166.59999999999994,6504
2026-03-27T15:15:00+00:00,166.59999999999994,167.54999999999995,166.21999999999994,167.54999999999995,8078
2026-03-27T15:30:00+00:00,167.54999999999995,167.91999999999996,167.16999999999996,167.34999999999994,6886
2026-03-27T15:45:00+00:00,167.34999999999994,167.70999999999995,167.29999999999995,167.54999999999995,4903
2026-03-27T16:00:00+00:00,167.54999999999995,167.62999999999994,167.10999999999996,167.29999999999995,4595
2026-03-27T16:15:00+00:00,167.29999999999995,167.31999999999994,166.68999999999994,166.78999999999994,3604
2026-03-27T16:30:00+00:00,166.78999999999994,166.92999999999995,166.34999999999994,166.85999999999996,4201
2026-03-27T16:45:00+00:00,166.85999999999996,167.18999999999994,166.77999999999994,166.84999999999994,3542
2026-03-27T17:00:00+00:00,166.84999999999994,167.25999999999996,166.54999999999995,166.67999999999995,5083
2026-03-27T17:15:00+00:00,166.67999999999995,166.72999999999996,165.80999999999995,165.81999999999994,3470
2026-03-27T17:30:00+00:00,165.81999999999994,166.20999999999995,165.81999999999994,165.90999999999994,3336
2026-03-27T17:45:00+00:00,165.90999999999994,166.05999999999995,165.57999999999996,165.84999999999994,3056
2026-03-27T18:00:00+00:00,165.84999999999994,166.01999999999992,165.73999999999995,165.97999999999993,3128.7385309601405
2026-03-27T18:15:00+00:00,165.97999999999993,166.19999999999993,165.85999999999993,165.95999999999995,3876
2026-03-27T18:30:00+00:00,165.95999999999995,166.23999999999995,165.74999999999994,165.94999999999993,3148
2026-03-27T18:45:00+00:00,165.94999999999993,165.96999999999994,165.25999999999993,165.42999999999995,2487
2026-03-27T19:00:00+00:00,165.42999999999995,165.62999999999994,165.18999999999994,165.39999999999995,2547
2026-03-27T19:15:00+00:00,165.39999999999995,165.69999999999993,165.27999999999994,165.39999999999995,2523
2026-03-27T19:30:00+00:00,165.39999999999995,165.55999999999995,165.20999999999995,165.45999999999995,2943
2026-03-27T19:45:00+00:00,165.45999999999995,165.89999999999995,164.95999999999995,165.39999999999995,5750
2026-03-30T13:30:00+00:00,165.39999999999995,167.37999999999994,164.72999999999993,165.84999999999994,10737
2026-03-30T13:45:00+00:00,165.84999999999994,165.86999999999995,164.16999999999993,164.24999999999994,11117
2026-03-30T14:00:00+00:00,164.24999999999994,166.03999999999994,164.22999999999993,165.84999999999994,10454
2026-03-30T14:15:00+00:00,165.84999999999994,166.04999999999993,164.80999999999995,164.87999999999994,9017
2026-03-30T14:30:00+00:00,164.87999999999994,165.27999999999994,164.21999999999994,164.56999999999994,8892
2026-03-30T14:45:00+00:00,164.56999999999994,165.97999999999993,164.56999999999994,165.91999999999993,10132
2026-03-30T15:00:00+00:00,165.91999999999993,166.20999999999995,164.94999999999993,165.02999999999994,7727
2026-03-30T15:15:00+00:00,165.02999999999994,165.23999999999995,164.50999999999993,164.94999999999993,6422
2026-03-30T15:30:00+00:00,164.94999999999993,165.94999999999993,164.80999999999995,165.86999999999995,6428
2026-03-30T15:45:00+00:00,165.86999999999995,165.98999999999995,165.24999999999994,165.32999999999993,5575
2026-03-30T16:00:00+00:00,165.32999999999993,165.38999999999993,164.79999999999993,165.02999999999994,5643
2026-03-30T16:15:00+00:00,165.02999999999994,165.07999999999993,164.30999999999995,164.44999999999993,4371
2026-03-30T16:30:00+00:00,164.44999999999993,164.78999999999994,164.19999999999993,164.72999999999993,4063
2026-03-30T16:45:00+00:00,164.72999999999993,164.88999999999993,164.35999999999993,164.54999999999993,3640
2026-03-30T17:00:00+00:00,164.54999999999993,164.78999999999994,163.98999999999995,164.13999999999993,4100
2026-03-30T17:15:00+00:00,164.13999999999993,164.21999999999994,163.76999999999992,163.82999999999993,4849
2026-03-30T17:30:00+00:00,163.82999999999993,164.20999999999995,163.54999999999993,164.13999999999993,5032
2026-03-30T17:45:00+00:00,164.13999999999993,164.41999999999993,163.96999999999994,164.14999999999995,4870
2026-03-30T18:00:00+00:00,164.14999999999995,164.23999999999995,163.75999999999993,164.10999999999993,4076
2026-03-30T18:15:00+00:00,164.10999999999993,164.22999999999993,163.59999999999994,163.65999999999994,3046
2026-03-30T18:30:00+00:00,163.65999999999994,164.03999999999994,163.49999999999994,163.52999999999994,3821
2026-03-30T18:45:00+00:00,163.52999999999994,163.64999999999995,163.14999999999995,163.24999999999994,3237
2026-03-30T19:00:00+00:00,163.24999999999994,163.43999999999994,162.46999999999994,162.64999999999995,4899
2026-03-30T19:15:00+00:00,162.64999999999995,162.76999999999992,162.24999999999994,162.43999999999994,4800
2026-03-30T19:30:00+00:00,162.43999999999994,162.88999999999993,162.22999999999993,162.66999999999993,4863
2026-03-30T19:45:00+00:00,162.66999999999993,163.49999999999994,162.47999999999993,163.06999999999994,6086
2026-03-31T13:30:00+00:00,163.06999999999994,166.68999999999994,163.06999999999994,166.22999999999993,9389
2026-03-31T13:45:00+00:00,166.22999999999993,168.10999999999993,166.22999999999993,168.03999999999994,8942
2026-03-31T14:00:00+00:00,168.03999999999994,168.09999999999994,167.15999999999994,167.86999999999995,8689
2026-03-31T14:15:00+00:00,167.86999999999995,169.03999999999994,167.81999999999994,168.94999999999993,8555
2026-03-31T14:30:00+00:00,168.94999999999993,169.34999999999994,168.24999999999994,168.35999999999993,8186
2026-03-31T14:45:00+00:00,168.35999999999993,168.59999999999994,167.51999999999992,167.99999999999994,8644
2026-03-31T15:00:00+00:00,167.99999999999994,168.68999999999994,167.93999999999994,168.59999999999994,7894
2026-03-31T15:15:00+00:00,168.59999999999994,168.69999999999993,168.03999999999994,168.27999999999994,7677
2026-03-31T15:30:00+00:00,168.27999999999994,168.57999999999993,167.96999999999994,168.06999999999994,7505
2026-03-31T15:45:00+00:00,168.06999999999994,168.47999999999993,167.75999999999993,167.79999999999993,6135
2026-03-31T16:00:00+00:00,167.79999999999993,168.74999999999994,167.70999999999995,168.60999999999993,5924
2026-03-31T16:15:00+00:00,168.60999999999993,169.24999999999994,168.57999999999993,169.00999999999993,4435
2026-03-31T16:30:00+00:00,169.00999999999993,171.69999999999993,168.71999999999994,171.22999999999993,10778
2026-03-31T16:45:00+00:00,171.22999999999993,171.83999999999995,170.36999999999995,170.88999999999993,15138
2026-03-31T17:00:00+00:00,170.88999999999993,171.70999999999995,170.70999999999995,171.33999999999995,11440
2026-03-31T17:15:00+00:00,171.33999999999995,171.84999999999994,171.07999999999993,171.23999999999995,9875
2026-03-31T17:30:00+00:00,171.23999999999995,171.68999999999994,170.65999999999994,170.90999999999994,10071
2026-03-31T17:45:00+00:00,170.90999999999994,171.09999999999994,170.23999999999995,170.39999999999995,7715
2026-03-31T18:00:00+00:00,170.39999999999995,171.09999999999994,170.37999999999994,170.98999999999995,6049
2026-03-31T18:15:00+00:00,170.98999999999995,171.43999999999994,170.95999999999995,171.20999999999995,5256
2026-03-31T18:30:00+00:00,171.20999999999995,171.69999999999993,170.97999999999993,171.38999999999993,5352
2026-03-31T18:45:00+00:00,171.38999999999993,171.96999999999994,171.36999999999995,171.67999999999995,3744
2026-03-31T19:00:00+00:00,171.67999999999995,172.17999999999995,171.52999999999994,171.86999999999995,5505
2026-03-31T19:15:00+00:00,171.86999999999995,172.23999999999995,171.81999999999994,171.89999999999995,4871
2026-03-31T19:30:00+00:00,171.89999999999995,172.52999999999994,171.79999999999993,172.16999999999993,4811
2026-03-31T19:45:00+00:00,172.16999999999993,172.57999999999993,171.85999999999993,172.34999999999994,7198
2026-04-01T13:30:00+00:00,172.34999999999994,174.54999999999993,172.34999999999994,173.55999999999995,9790
2026-04-01T13:45:00+00:00,173.55999999999995,174.08999999999995,173.40999999999994,173.83999999999995,9387
2026-04-01T14:00:00+00:00,173.83999999999995,174.13999999999993,173.49999999999994,174.13999999999993,9875
2026-04-01T14:15:00+00:00,174.13999999999993,174.39999999999995,173.72999999999993,174.17999999999995,7937
2026-04-01T14:30:00+00:00,174.17999999999995,174.31999999999994,173.45999999999995,173.92999999999995,8406
2026-04-01T14:45:00+00:00,173.92999999999995,174.67999999999995,173.75999999999993,174.62999999999994,5841
2026-04-01T15:00:00+00:00,174.62999999999994,175.08999999999995,174.57999999999993,174.78999999999994,4367
2026-04-01T15:15:00+00:00,174.78999999999994,174.91999999999993,174.43999999999994,174.44999999999993,3892
2026-04-01T15:30:00+00:00,174.44999999999993,174.88999999999993,174.35999999999993,174.82999999999993,4263
2026-04-01T15:45:00+00:00,174.82999999999993,175.22999999999993,174.70999999999995,175.07999999999993,2563
2026-04-01T16:00:00+00:00,175.07999999999993,175.32999999999993,174.85999999999993,175.12999999999994,3130
2026-04-01T16:15:00+00:00,175.12999999999994,175.33999999999995,174.85999999999993,175.04999999999993,2645
2026-04-01T16:30:00+00:00,175.04999999999993,175.12999999999994,174.76999999999992,174.81999999999994,2320
2026-04-01T16:45:00+00:00,174.81999999999994,174.85999999999993,174.56999999999994,174.60999999999993,1513
2026-04-01T17:00:00+00:00,174.60999999999993,175.05999999999995,174.57999999999993,174.85999999999993,1664
2026-04-01T17:15:00+00:00,174.85999999999993,174.89999999999995,174.62999999999994,174.62999999999994,1309
2026-04-01T17:30:00+00:00,174.62999999999994,174.68999999999994,174.34999999999994,174.38999999999993,1926
2026-04-01T17:45:00+00:00,174.38999999999993,174.53999999999994,173.80999999999995,173.90999999999994,1875
2026-04-01T18:00:00+00:00,173.90999999999994,174.00999999999993,173.35999999999993,173.50999999999993,4473
2026-04-01T18:15:00+00:00,173.50999999999993,173.54999999999993,172.83999999999995,173.02999999999994,5874
2026-04-01T18:30:00+00:00,173.02999999999994,173.63999999999993,172.75999999999993,173.42999999999995,5500
2026-04-01T18:45:00+00:00,173.42999999999995,173.57999999999993,173.17999999999995,173.42999999999995,4265
2026-04-01T19:00:00+00:00,173.42999999999995,173.84999999999994,173.34999999999994,173.68999999999994,3993
2026-04-01T19:15:00+00:00,173.68999999999994,174.28999999999994,173.61999999999995,173.95999999999995,3025
2026-04-01T19:30:00+00:00,173.95999999999995,174.22999999999993,173.71999999999994,174.05999999999995,3167
2026-04-01T19:45:00+00:00,174.05999999999995,174.18999999999994,173.45999999999995,173.79999999999993,5062
2026-04-02T13:30:00+00:00,173.79999999999993,173.79999999999993,169.33999999999995,170.01999999999992,10909
2026-04-02T13:45:00+00:00,170.01999999999992,172.14999999999995,169.78999999999994,172.02999999999994,11143
2026-04-02T14:00:00+00:00,172.02999999999994,172.56999999999994,171.57999999999993,172.22999999999993,10661
2026-04-02T14:15:00+00:00,172.22999999999993,173.06999999999994,171.95999999999995,171.98999999999995,9741
2026-04-02T14:30:00+00:00,171.98999999999995,174.63999999999993,171.88999999999993,174.33999999999995,13808
2026-04-02T14:45:00+00:00,174.33999999999995,174.50999999999993,173.09999999999994,174.32999999999996,11817.600515780425
2026-04-02T15:00:00+00:00,174.32999999999996,175.13999999999996,173.73999999999995,174.72999999999996,10294
2026-04-02T15:15:00+00:00,174.72999999999996,174.94999999999996,174.18999999999994,174.66999999999996,9191
2026-04-02T15:30:00+00:00,174.66999999999996,175.00999999999996,174.21999999999994,174.92999999999995,8170
2026-04-02T15:45:00+00:00,174.92999999999995,174.95999999999995,174.04999999999995,174.47999999999996,7841
2026-04-02T16:00:00+00:00,174.47999999999996,174.74999999999994,173.87999999999994,174.10999999999996,6582
2026-04-02T16:15:00+00:00,174.10999999999996,174.31999999999994,173.68999999999994,174.09999999999994,6344
2026-04-02T16:30:00+00:00,174.09999999999994,174.80999999999995,173.74999999999994,174.45999999999995,7017
2026-04-02T16:45:00+00:00,174.45999999999995,174.61999999999995,174.31999999999994,174.35999999999996,4739
2026-04-02T17:00:00+00:00,174.35999999999996,174.75999999999996,174.18999999999994,174.67999999999995,4906
2026-04-02T17:15:00+00:00,174.67999999999995,174.89999999999995,174.58999999999995,174.74999999999994,4230
2026-04-02T17:30:00+00:00,174.74999999999994,174.85999999999996,174.52999999999994,174.70999999999995,4417
2026-04-02T17:45:00+00:00,174.70999999999995,174.77999999999994,174.08999999999995,174.35999999999996,4943
2026-04-02T18:00:00+00:00,174.35999999999996,175.03999999999994,174.35999999999996,174.76999999999995,4678
2026-04-02T18:15:00+00:00,174.76999999999995,174.86999999999995,174.47999999999996,174.50999999999996,3901
2026-04-02T18:30:00+00:00,174.50999999999996,175.08999999999995,174.47999999999996,175.02999999999994,3730
2026-04-02T18:45:00+00:00,175.02999999999994,175.05999999999995,174.72999999999996,174.82999999999996,3225
2026-04-02T19:00:00+00:00,174.82999999999996,175.45999999999995,174.80999999999995,175.27999999999994,3723
2026-04-02T19:15:00+00:00,175.27999999999994,175.36999999999995,174.84999999999994,174.87999999999994,4114
2026-04-02T19:30:00+00:00,174.87999999999994,175.15999999999994,174.84999999999994,174.95999999999995,3679
2026-04-02T19:45:00+00:00,174.95999999999995,175.46999999999994,174.85999999999996,175.41999999999996,5107
2026-04-06T13:30:00+00:00,175.41999999999996,175.69999999999996,173.74999999999994,174.69999999999996,9933
2026-04-06T13:45:00+00:00,174.69999999999996,175.44999999999996,174.64999999999995,175.00999999999996,8329
2026-04-06T14:00:00+00:00,175.00999999999996,175.30999999999995,173.95999999999995,174.46999999999994,9878
2026-04-06T14:15:00+00:00,174.46999999999994,175.07999999999996,174.44999999999996,174.75999999999996,7720
2026-04-06T14:30:00+00:00,174.75999999999996,174.93999999999994,174.26999999999995,174.39999999999995,8753
2026-04-06T14:45:00+00:00,174.39999999999995,174.81999999999994,174.14999999999995,174.57999999999996,6938
2026-04-06T15:00:00+00:00,174.57999999999996,174.93999999999994,174.49999999999994,174.61999999999995,5711
2026-04-06T15:15:00+00:00,174.61999999999995,174.89999999999995,174.38999999999996,174.45999999999995,4965
2026-04-06T15:30:00+00:00,174.45999999999995,175.07999999999996,174.43999999999994,175.00999999999996,4805
2026-04-06T15:45:00+00:00,175.00999999999996,175.59999999999994,174.94999999999996,175.42999999999995,3539
2026-04-06T16:00:00+00:00,175.42999999999995,175.46999999999994,174.91999999999996,175.14999999999995,3189
2026-04-06T16:15:00+00:00,175.14999999999995,175.32999999999996,175.00999999999996,175.13999999999996,2834
2026-04-06T16:30:00+00:00,175.13999999999996,175.42999999999995,174.97999999999996,175.16999999999996,2967
2026-04-06T16:45:00+00:00,175.16999999999996,175.28999999999994,174.83999999999995,174.97999999999996,3260
2026-04-06T17:00:00+00:00,174.97999999999996,175.01999999999995,174.01999999999995,174.24999999999994,5425
2026-04-06T17:15:00+00:00,174.24999999999994,175.02999999999994,174.17999999999995,174.92999999999995,5125
2026-04-06T17:30:00+00:00,174.92999999999995,175.12999999999994,174.61999999999995,174.70999999999995,4053
2026-04-06T17:45:00+00:00,174.70999999999995,174.76999999999995,174.52999999999994,174.58999999999995,3216
2026-04-06T18:00:00+00:00,174.58999999999995,175.00999999999996,174.41999999999996,174.83999999999995,4674
2026-04-06T18:15:00+00:00,174.83999999999995,175.28999999999994,174.81999999999994,174.96999999999994,4535
2026-04-06T18:30:00+00:00,174.96999999999994,175.10999999999996,174.72999999999996,175.06999999999994,3090
2026-04-06T18:45:00+00:00,175.06999999999994,175.29999999999995,175.03999999999994,175.14999999999995,1757
2026-04-06T19:00:00+00:00,175.14999999999995,175.26999999999995,175.00999999999996,175.24999999999994,2493
2026-04-06T19:15:00+00:00,175.24999999999994,175.40999999999994,175.18999999999994,175.21999999999994,2034
2026-04-06T19:30:00+00:00,175.21999999999994,175.41999999999996,175.12999999999994,175.23999999999995,2011
2026-04-06T19:45:00+00:00,175.23999999999995,175.66999999999996,175.05999999999995,175.57999999999996,3154
2026-04-07T13:30:00+00:00,175.57999999999996,175.57999999999996,173.21999999999994,174.38999999999996,9705
2026-04-07T13:45:00+00:00,174.38999999999996,174.53999999999994,173.28999999999994,173.29999999999995,8686
2026-04-07T14:00:00+00:00,173.29999999999995,173.43999999999994,172.41999999999996,172.83999999999995,8575
2026-04-07T14:15:00+00:00,172.83999999999995,173.61999999999995,172.77999999999994,173.04999999999995,8334
2026-04-07T14:30:00+00:00,173.04999999999995,173.14999999999995,172.51999999999995,172.72999999999996,8065
2026-04-07T14:45:00+00:00,172.72999999999996,172.97999999999996,172.20999999999995,172.23999999999995,7085
2026-04-07T15:00:00+00:00,172.23999999999995,172.48999999999995,171.63999999999996,172.41999999999996,7362
2026-04-07T15:15:00+00:00,172.41999999999996,173.04999999999995,172.36999999999995,173.00999999999996,7295
2026-04-07T15:30:00+00:00,173.00999999999996,173.14999999999995,172.65999999999994,172.84999999999994,5649
2026-04-07T15:45:00+00:00,172.84999999999994,173.45999999999995,172.79999999999995,173.19999999999996,5182
2026-04-07T16:00:00+00:00,173.19999999999996,173.92999999999995,172.93999999999994,173.07999999999996,7815
2026-04-07T16:15:00+00:00,173.07999999999996,173.62999999999994,172.99999999999994,173.38999999999996,6092
2026-04-07T16:30:00+00:00,173.38999999999996,173.66999999999996,173.25999999999996,173.54999999999995,4399
2026-04-07T16:45:00+00:00,173.54999999999995,173.93999999999994,173.47999999999996,173.50999999999996,3976
2026-04-07T17:00:00+00:00,173.50999999999996,173.82999999999996,173.38999999999996,173.42999999999995,4477
2026-04-07T17:15:00+00:00,173.42999999999995,173.59999999999994,173.28999999999994,173.37999999999994,3396
2026-04-07T17:30:00+00:00,173.37999999999994,174.16999999999996,173.31999999999994,173.50999999999996,5754
2026-04-07T17:45:00+00:00,173.50999999999996,174.04999999999995,173.43999999999994,173.74999999999994,3586
2026-04-07T18:00:00+00:00,173.74999999999994,173.99999999999994,173.59999999999994,173.82999999999996,2830
2026-04-07T18:15:00+00:00,173.82999999999996,174.04999999999995,173.62999999999994,173.66999999999996,3497
2026-04-07T18:30:00+00:00,173.66999999999996,173.77999999999994,173.35999999999996,173.49999999999994,3435
2026-04-07T18:45:00+00:00,173.49999999999994,173.57999999999996,172.95999999999995,173.22999999999996,4405
2026-04-07T19:00:00+00:00,173.22999999999996,173.68999999999994,173.08999999999995,173.62999999999994,4846
2026-04-07T19:15:00+00:00,173.62999999999994,174.85999999999996,173.56999999999994,174.26999999999995,8978
2026-04-07T19:30:00+00:00,174.26999999999995,174.79999999999995,174.05999999999995,174.64999999999995,5543
2026-04-07T19:45:00+00:00,174.64999999999995,176.18999999999994,174.48999999999995,176.08999999999995,9914
2026-04-08T13:30:00+00:00,176.08999999999995,183.19999999999996,176.08999999999995,181.00999999999996,10668
2026-04-08T13:45:00+00:00,181.00999999999996,181.95999999999995,180.55999999999995,180.61999999999995,9257
2026-04-08T14:00:00+00:00,180.61999999999995,180.77999999999994,179.22999999999996,179.75999999999996,8364
2026-04-08T14:15:00+00:00,179.75999999999996,180.23999999999995,179.37999999999994,179.78999999999994,6827
2026-04-08T14:30:00+00:00,179.78999999999994,179.90999999999994,179.00999999999996,179.03999999999994,7676
2026-04-08T14:45:00+00:00,179.03999999999994,179.14999999999995,178.27999999999994,178.85999999999996,8006.938623970298
2026-04-08T15:00:00+00:00,178.85999999999996,179.49999999999997,178.82999999999996,179.23999999999998,6588
2026-04-08T15:15:00+00:00,179.23999999999998,179.65999999999997,178.90999999999997,179.26999999999995,5797
2026-04-08T15:30:00+00:00,179.26999999999995,179.69999999999996,179.09999999999997,179.67999999999998,5158
2026-04-08T15:45:00+00:00,179.67999999999998,179.88999999999996,179.53999999999996,179.60999999999996,3381
2026-04-08T16:00:00+00:00,179.60999999999996,179.98999999999998,179.54999999999995,179.67999999999998,2950
2026-04-08T16:15:00+00:00,179.67999999999998,179.75999999999996,179.23999999999998,179.41999999999996,3966
2026-04-08T16:30:00+00:00,179.41999999999996,179.69999999999996,179.34999999999997,179.54999999999995,2921
2026-04-08T16:45:00+00:00,179.54999999999995,179.74999999999997,179.43999999999997,179.54999999999995,2837
2026-04-08T17:00:00+00:00,179.54999999999995,179.75999999999996,179.38999999999996,179.58999999999997,1810
2026-04-08T17:15:00+00:00,179.58999999999997,179.77999999999997,179.33999999999997,179.41999999999996,3763
2026-04-08T17:30:00+00:00,179.41999999999996,179.69999999999996,179.24999999999997,179.53999999999996,3831
2026-04-08T17:45:00+00:00,179.53999999999996,179.81999999999996,179.45999999999998,179.70999999999998,2189
2026-04-08T18:00:00+00:00,179.70999999999998,180.13999999999996,179.55999999999997,180.05999999999997,2273
2026-04-08T18:15:00+00:00,180.05999999999997,180.14999999999998,179.43999999999997,179.66999999999996,6158
2026-04-08T18:30:00+00:00,179.66999999999996,180.00999999999996,179.57999999999996,179.61999999999998,3530
2026-04-08T18:45:00+00:00,179.61999999999998,179.87999999999997,179.05999999999997,179.11999999999998,3515
2026-04-08T19:00:00+00:00,179.11999999999998,179.93999999999997,179.05999999999997,179.87999999999997,4410
2026-04-08T19:15:00+00:00,179.87999999999997,179.90999999999997,179.56999999999996,179.66999999999996,3586
2026-04-08T19:30:00+00:00,179.66999999999996,180.05999999999997,179.63999999999996,179.79999999999995,3376
2026-04-08T19:45:00+00:00,179.79999999999995,180.18999999999997,179.60999999999996,180.08999999999997,3958
2026-04-09T13:30:00+00:00,180.08999999999997,180.21999999999997,178.58999999999997,179.83999999999997,7588
2026-04-09T13:45:00+00:00,179.83999999999997,179.90999999999997,179.08999999999997,179.43999999999997,6862
2026-04-09T14:00:00+00:00,179.43999999999997,180.21999999999997,179.26999999999995,179.83999999999997,6231
2026-04-09T14:15:00+00:00,179.83999999999997,179.84999999999997,179.23999999999998,179.56999999999996,4964
2026-04-09T14:30:00+00:00,179.56999999999996,179.94999999999996,179.33999999999997,179.85999999999996,4561
2026-04-09T14:45:00+00:00,179.85999999999996,180.72999999999996,179.85999999999996,180.49999999999997,4596
2026-04-09T15:00:00+00:00,180.49999999999997,181.26999999999995,180.32999999999996,181.22999999999996,3652
2026-04-09T15:15:00+00:00,181.22999999999996,181.49999999999997,180.71999999999997,180.80999999999997,4157
2026-04-09T15:30:00+00:00,180.80999999999997,181.33999999999997,180.68999999999997,180.82999999999996,7505
2026-04-09T15:45:00+00:00,180.82999999999996,181.53999999999996,180.68999999999997,181.36999999999998,4643
2026-04-09T16:00:00+00:00,181.36999999999998,181.92999999999998,181.32999999999996,181.32999999999996,4839
2026-04-09T16:15:00+00:00,181.32999999999996,181.55999999999997,181.15999999999997,181.48999999999998,3192
2026-04-09T16:30:00+00:00,181.48999999999998,181.52999999999997,181.19999999999996,181.40999999999997,3132
2026-04-09T16:45:00+00:00,181.40999999999997,181.62999999999997,181.04999999999995,181.44999999999996,2869
2026-04-09T17:00:00+00:00,181.44999999999996,181.85999999999996,181.34999999999997,181.68999999999997,1944
2026-04-09T17:15:00+00:00,181.68999999999997,181.81999999999996,181.39999999999998,181.42999999999998,2367
2026-04-09T17:30:00+00:00,181.42999999999998,181.69999999999996,181.10999999999996,181.55999999999997,2666
2026-04-09T17:45:00+00:00,181.55999999999997,181.65999999999997,181.35999999999996,181.51999999999995,1986
2026-04-09T18:00:00+00:00,181.51999999999995,181.64999999999998,180.95999999999998,181.28999999999996,4902
2026-04-09T18:15:00+00:00,181.28999999999996,181.45999999999998,180.95999999999998,181.03999999999996,3733
2026-04-09T18:30:00+00:00,181.03999999999996,181.52999999999997,180.88999999999996,181.34999999999997,3030
2026-04-09T18:45:00+00:00,181.34999999999997,181.56999999999996,181.22999999999996,181.43999999999997,2464
2026-04-09T19:00:00+00:00,181.43999999999997,181.78999999999996,181.39999999999998,181.66999999999996,2443
2026-04-09T19:15:00+00:00,181.66999999999996,181.75999999999996,181.42999999999998,181.60999999999996,2671
2026-04-09T19:30:00+00:00,181.60999999999996,181.81999999999996,181.55999999999997,181.67999999999998,2367
2026-04-09T19:45:00+00:00,181.67999999999998,182.03999999999996,181.55999999999997,181.84999999999997,4078
2026-04-10T13:30:00+00:00,181.84999999999997,184.45999999999998,181.84999999999997,183.79999999999995,8305
2026-04-10T13:45:00+00:00,183.79999999999995,185.88999999999996,183.76999999999995,185.02999999999997,7373
2026-04-10T14:00:00+00:00,185.02999999999997,185.30999999999997,184.26999999999995,185.20999999999998,6961
2026-04-10T14:15:00+00:00,185.20999999999998,185.78999999999996,185.07999999999996,185.76999999999995,4654
2026-04-10T14:30:00+00:00,185.76999999999995,186.79999999999995,185.67999999999998,186.04999999999995,6723
2026-04-10T14:45:00+00:00,186.04999999999995,186.88999999999996,185.89999999999998,186.83999999999997,5512.808994441637
2026-04-10T15:00:00+00:00,186.83999999999997,187.16,186.51999999999998,187.02999999999997,5004
2026-04-10T15:15:00+00:00,187.02999999999997,187.95,186.99999999999997,187.42,4855
2026-04-10T15:30:00+00:00,187.42,187.52999999999997,186.41,186.79,5507
2026-04-10T15:45:00+00:00,186.79,186.98,186.08999999999997,186.38,4325
2026-04-10T16:00:00+00:00,186.38,186.73,186.02999999999997,186.55999999999997,4576
2026-04-10T16:15:00+00:00,186.55999999999997,186.7,186.2,186.41,3395
2026-04-10T16:30:00+00:00,186.41,186.49999999999997,185.92,186.1,3303
2026-04-10T16:45:00+00:00,186.1,186.51999999999998,185.88,186.47,3593
2026-04-10T17:00:00+00:00,186.47,186.57,186.24999999999997,186.39,2819
2026-04-10T17:15:00+00:00,186.39,186.45999999999998,186.04,186.1,2607
2026-04-10T17:30:00+00:00,186.1,186.47,185.91,186.45,2956
2026-04-10T17:45:00+00:00,186.45,186.7,186.35,186.63,1508
2026-04-10T18:00:00+00:00,186.63,186.66,186.23,186.52999999999997,2392
2026-04-10T18:15:00+00:00,186.52999999999997,186.94,186.47,186.52999999999997,2315
2026-04-10T18:30:00+00:00,186.52999999999997,186.67,186.32,186.57,1886
2026-04-10T18:45:00+00:00,186.57,186.86999999999998,186.54,186.73,1385
2026-04-10T19:00:00+00:00,186.73,187.51,186.69,187.36999999999998,1903
2026-04-10T19:15:00+00:00,187.36999999999998,187.63,187.08999999999997,187.32,2230
2026-04-10T19:30:00+00:00,187.32,187.32,186.60999999999999,186.86999999999998,2111
2026-04-10T19:45:00+00:00,186.86999999999998,186.91,186.04999999999998,186.61999999999998,3842
2026-04-13T13:30:00+00:00,186.61999999999998,186.61999999999998,183.67,184.17,8012
2026-04-13T13:45:00+00:00,184.17,185.98999999999998,183.94,185.98,8986
2026-04-13T14:00:00+00:00,185.98,186.29,185.64,185.82,6406
2026-04-13T14:15:00+00:00,185.82,186.42,185.55999999999997,186.35,6003
2026-04-13T14:30:00+00:00,186.35,186.85,186.07999999999998,186.82999999999998,4432
2026-04-13T14:45:00+00:00,186.82999999999998,187.57,186.79,187.32,4213
2026-04-13T15:00:00+00:00,187.32,187.6,186.83999999999997,187.41,4707
2026-04-13T15:15:00+00:00,187.41,187.54,186.51999999999998,186.55999999999997,3656
2026-04-13T15:30:00+00:00,186.55999999999997,186.85,186.24999999999997,186.29,4407
2026-04-13T15:45:00+00:00,186.29,186.54,185.94,186.2,3224
2026-04-13T16:00:00+00:00,186.2,186.33999999999997,185.85999999999999,186.1,4343
2026-04-13T16:15:00+00:00,186.1,186.57,185.85,186.39,3928
2026-04-13T16:30:00+00:00,186.39,186.39,185.79,186.14999999999998,5902
2026-04-13T16:45:00+00:00,186.14999999999998,186.42999999999998,185.99999999999997,186.26999999999998,4462
2026-04-13T17:00:00+00:00,186.26999999999998,186.58999999999997,186.10999999999999,186.22,2716
2026-04-13T17:15:00+00:00,186.22,186.41,186.05999999999997,186.14999999999998,1933
2026-04-13T17:30:00+00:00,186.14999999999998,186.35999999999999,185.95999999999998,186.14999999999998,2240
2026-04-13T17:45:00+00:00,186.14999999999998,186.26,185.94,186.04999999999998,1775
2026-04-13T18:00:00+00:00,186.04999999999998,186.2,186.01,186.04,1241
2026-04-13T18:15:00+00:00,186.04,186.1,185.91,185.95999999999998,1385
2026-04-13T18:30:00+00:00,185.95999999999998,186.22,185.92,186.16,1446
2026-04-13T18:45:00+00:00,186.16,186.67999999999998,186.14999999999998,186.48,1950
2026-04-13T19:00:00+00:00,186.48,186.64999999999998,186.42999999999998,186.54999999999998,1399
2026-04-13T19:15:00+00:00,186.54999999999998,186.83999999999997,186.51,186.64999999999998,1058
2026-04-13T19:30:00+00:00,186.64999999999998,186.94,186.44,186.61999999999998,2127
2026-04-13T19:45:00+00:00,186.61999999999998,187.41,186.54999999999998,187.17999999999998,4463
2026-04-14T13:30:00+00:00,187.17999999999998,191.23999999999998,187.17999999999998,190.23,9242
2026-04-14T13:45:00+00:00,190.23,191.13,190.07,190.17,6730
2026-04-14T14:00:00+00:00,190.17,190.48,189.39,190.35999999999999,6506
2026-04-14T14:15:00+00:00,190.35999999999999,190.94,190.19,190.82,3980
2026-04-14T14:30:00+00:00,190.82,191.42,190.60999999999999,191.04999999999998,3602
2026-04-14T14:45:00+00:00,191.04999999999998,191.36999999999998,190.98999999999998,191.24999999999997,3280
2026-04-14T15:00:00+00:00,191.24999999999997,191.27999999999997,190.6,191.07,3537
2026-04-14T15:15:00+00:00,191.07,191.67999999999998,190.89999999999998,191.39999999999998,3119
2026-04-14T15:30:00+00:00,191.39999999999998,192.01,191.26999999999998,191.82,2977
2026-04-14T15:45:00+00:00,191.82,192.32999999999998,191.77999999999997,191.98,3174
2026-04-14T16:00:00+00:00,191.98,192.52999999999997,191.92999999999998,192.48999999999998,2344
2026-04-14T16:15:00+00:00,192.48999999999998,192.89,192.45999999999998,192.73999999999998,1783
2026-04-14T16:30:00+00:00,192.73999999999998,192.82,192.48,192.64,1976
2026-04-14T16:45:00+00:00,192.64,192.76999999999998,192.39999999999998,192.51,1949
2026-04-14T17:00:00+00:00,192.51,192.58999999999997,192.26999999999998,192.55999999999997,1610
2026-04-14T17:15:00+00:00,192.55999999999997,192.94,192.45999999999998,192.67,1847
2026-04-14T17:30:00+00:00,192.67,192.82,192.58999999999997,192.73,1289
2026-04-14T17:45:00+00:00,192.73,192.79999999999998,192.64999999999998,192.73,1167
2026-04-14T18:00:00+00:00,192.73,192.85,192.67999999999998,192.77999999999997,962
2026-04-14T18:15:00+00:00,192.77999999999997,192.80999999999997,192.32999999999998,192.51,2861
2026-04-14T18:30:00+00:00,192.51,192.89999999999998,192.49999999999997,192.64999999999998,1643
2026-04-14T18:45:00+00:00,192.64999999999998,192.88,192.60999999999999,192.86999999999998,1210
2026-04-14T19:00:00+00:00,192.86999999999998,194.11999999999998,192.83999999999997,194.04999999999998,2285
2026-04-14T19:15:00+00:00,194.04999999999998,194.27999999999997,194.01999999999998,194.16,2276
2026-04-14T19:30:00+00:00,194.16,194.29999999999998,193.85999999999999,193.88,2417
2026-04-14T19:45:00+00:00,193.88,194.45999999999998,193.51999999999998,194.45,3421
2026-04-15T13:30:00+00:00,194.45,196.63,194.2,194.82999999999998,9240
2026-04-15T13:45:00+00:00,194.82999999999998,196.6,194.76999999999998,196.49999999999997,6992
2026-04-15T14:00:00+00:00,196.49999999999997,196.85999999999999,196.16,196.80999999999997,5919
2026-04-15T14:15:00+00:00,196.80999999999997,197.51999999999998,196.48,197.19,5521
2026-04-15T14:30:00+00:00,197.19,197.82,197.01999999999998,197.17999999999998,5106
2026-04-15T14:45:00+00:00,197.17999999999998,197.57999999999998,196.97,197.31,4043.0566910914
2026-04-15T15:00:00+00:00,197.31,197.81,197.27,197.67000000000002,3867
2026-04-15T15:15:00+00:00,197.67000000000002,197.9,197.52,197.74,3237
2026-04-15T15:30:00+00:00,197.74,197.93,197.37,197.82,3269
2026-04-15T15:45:00+00:00,197.82,198.35,197.43,197.64000000000001,3704
2026-04-15T16:00:00+00:00,197.64000000000001,197.69,197.27,197.46,2980
2026-04-15T16:15:00+00:00,197.46,197.72,197.04,197.09,2923
2026-04-15T16:30:00+00:00,197.09,197.1,195.54,195.74,5151
2026-04-15T16:45:00+00:00,195.74,195.76,194.09,195.01,6457
2026-04-15T17:00:00+00:00,195.01,195.52,194.85,195.25,3983
2026-04-15T17:15:00+00:00,195.25,195.45000000000002,194.9,194.93,2448
2026-04-15T17:30:00+00:00,194.93,195.67000000000002,194.72,194.78,2976
2026-04-15T17:45:00+00:00,194.78,194.95000000000002,194.12,194.19,2656
2026-04-15T18:00:00+00:00,194.19,194.93,193.69,194.79,4783
2026-04-15T18:15:00+00:00,194.79,195.09,194.48000000000002,194.92000000000002,2506
2026-04-15T18:30:00+00:00,194.92000000000002,195.48000000000002,194.9,195.25,2623
2026-04-15T18:45:00+00:00,195.25,195.48000000000002,195.16,195.27,2143
2026-04-15T19:00:00+00:00,195.27,195.75,195.11,195.53,2954
2026-04-15T19:15:00+00:00,195.53,196.23000000000002,195.47,196.21,1932
2026-04-15T19:30:00+00:00,196.21,196.45000000000002,195.98000000000002,196.17000000000002,2972
2026-04-15T19:45:00+00:00,196.17000000000002,197.12,195.97,196.84,4960
2026-04-16T13:30:00+00:00,196.84,196.84,193.76,195.07,9410
2026-04-16T13:45:00+00:00,195.07,195.32,193.95000000000002,194.66,9170
2026-04-16T14:00:00+00:00,194.66,195.69,194.35,195.33,7587
2026-04-16T14:15:00+00:00,195.33,195.72,194.82,195.32,5874
2026-04-16T14:30:00+00:00,195.32,195.95000000000002,195.25,195.8,5489
2026-04-16T14:45:00+00:00,195.8,196.71,195.78,196.62,5287
2026-04-16T15:00:00+00:00,196.62,197.8,196.59,197.29,4818
2026-04-16T15:15:00+00:00,197.29,197.6,196.95000000000002,196.97,4817
2026-04-16T15:30:00+00:00,196.97,197.59,196.8,197.07,6281
2026-04-16T15:45:00+00:00,197.07,197.08,196.35,196.92000000000002,4036
2026-04-16T16:00:00+00:00,196.92000000000002,197.06,196.56,196.92000000000002,3078
2026-04-16T16:15:00+00:00,196.92000000000002,197.17000000000002,196.53,196.57,2911
2026-04-16T16:30:00+00:00,196.57,196.72,195.69,196.5,5333
2026-04-16T16:45:00+00:00,196.5,196.8,196.27,196.32,3569
2026-04-16T17:00:00+00:00,196.32,196.41,195.76,195.87,4513
2026-04-16T17:15:00+00:00,195.87,196.51,195.75,196.35,4420
2026-04-16T17:30:00+00:00,196.35,196.66,196.08,196.65,2661
2026-04-16T17:45:00+00:00,196.65,196.68,195.88,196.15,3096
2026-04-16T18:00:00+00:00,196.15,196.36,195.43,195.89000000000001,4904
2026-04-16T18:15:00+00:00,195.89000000000001,196,195.25,195.43,3942
2026-04-16T18:30:00+00:00,195.43,196.22,195.42000000000002,196.17000000000002,3182
2026-04-16T18:45:00+00:00,196.17000000000002,196.35,195.93,196.07,2616
2026-04-16T19:00:00+00:00,196.07,196.31,195.98000000000002,196.18,3218
2026-04-16T19:15:00+00:00,196.18,196.31,196.01,196.08,1958
2026-04-16T19:30:00+00:00,196.08,196.56,196.04,196.23000000000002,2766
2026-04-16T19:45:00+00:00,196.23000000000002,196.6,196.05,196.22,4668
2026-04-17T13:30:00+00:00,196.22,198.85,196.22,198.4,9745
2026-04-17T13:45:00+00:00,198.4,199.35,198.05,199.09,9709
2026-04-17T14:00:00+00:00,199.09,199.64000000000001,198.83,199.42000000000002,6382
2026-04-17T14:15:00+00:00,199.42000000000002,199.43,197.75,198.31,6149
2026-04-17T14:30:00+00:00,198.31,198.86,198.18,198.6,5648
2026-04-17T14:45:00+00:00,198.6,198.83,197.97,198.26000000000002,5096.674706943192
2026-04-17T15:00:00+00:00,198.26000000000002,198.94000000000003,198.06,198.67000000000002,5192
2026-04-17T15:15:00+00:00,198.67000000000002,198.83,198.27,198.58,4278
2026-04-17T15:30:00+00:00,198.58,199.25,198.56,198.85000000000002,4229
2026-04-17T15:45:00+00:00,198.85000000000002,199.35000000000002,198.31,198.34,4252
2026-04-17T16:00:00+00:00,198.34,199.04000000000002,198.17000000000002,198.86,3375
2026-04-17T16:15:00+00:00,198.86,199.02,198.5,198.64000000000001,2512
2026-04-17T16:30:00+00:00,198.64000000000001,198.71,198.32000000000002,198.54000000000002,2480
2026-04-17T16:45:00+00:00,198.54000000000002,198.82000000000002,198.48000000000002,198.69000000000003,2044
2026-04-17T17:00:00+00:00,198.69000000000003,198.79000000000002,198.06,198.27,3626
2026-04-17T17:15:00+00:00,198.27,198.44000000000003,197.4,197.84,5779
2026-04-17T17:30:00+00:00,197.84,198.29000000000002,197.77,198.27,4038
2026-04-17T17:45:00+00:00,198.27,198.56,198.24,198.24,2781
2026-04-17T18:00:00+00:00,198.24,198.51000000000002,198.24,198.4,2921
2026-04-17T18:15:00+00:00,198.4,198.83,198.32000000000002,198.60000000000002,3987
2026-04-17T18:30:00+00:00,198.60000000000002,198.89000000000001,198.53,198.89000000000001,2358
2026-04-17T18:45:00+00:00,198.89000000000001,198.94000000000003,198.47000000000003,198.81,2911
2026-04-17T19:00:00+00:00,198.81,198.91000000000003,198.67000000000002,198.84,2733
2026-04-17T19:15:00+00:00,198.84,199.42000000000002,198.82000000000002,199.22000000000003,2646
2026-04-17T19:30:00+00:00,199.22000000000003,199.41000000000003,199.05,199.34,3391
2026-04-17T19:45:00+00:00,199.34,199.63000000000002,199.20000000000002,199.60000000000002,3875
2026-04-20T13:30:00+00:00,199.60000000000002,199.60000000000002,196.35000000000002,197.81,8757
2026-04-20T13:45:00+00:00,197.81,198.37,197.28,198.19000000000003,6475
2026-04-20T14:00:00+00:00,198.19000000000003,198.28,197.32000000000002,197.52,5099
2026-04-20T14:15:00+00:00,197.52,197.52,196.83,197.08,5302
2026-04-20T14:30:00+00:00,197.08,197.35000000000002,196.77,197,5625
2026-04-20T14:45:00+00:00,197,197.36,196.31,196.48000000000002,6778
2026-04-20T15:00:00+00:00,196.48000000000002,196.81,195.77,196.38000000000002,5974
2026-04-20T15:15:00+00:00,196.38000000000002,197.28,196.26000000000002,197.20000000000002,5914
2026-04-20T15:30:00+00:00,197.20000000000002,197.25,196.68,196.74,4278
2026-04-20T15:45:00+00:00,196.74,196.84,196.37,196.60000000000002,2612
2026-04-20T16:00:00+00:00,196.60000000000002,197.20000000000002,196.51000000000002,197.06,2685
2026-04-20T16:15:00+00:00,197.06,197.41000000000003,196.82000000000002,197.12,2828
2026-04-20T16:30:00+00:00,197.12,197.53,197.08,197.38000000000002,2758
2026-04-20T16:45:00+00:00,197.38000000000002,197.47000000000003,197.16000000000003,197.24,2012
2026-04-20T17:00:00+00:00,197.24,197.64000000000001,197.08,197.54000000000002,2505
2026-04-20T17:15:00+00:00,197.54000000000002,197.75,197.45000000000002,197.46,1866
2026-04-20T17:30:00+00:00,197.46,197.9,197.39000000000001,197.88000000000002,2271
2026-04-20T17:45:00+00:00,197.88000000000002,198.08,197.83,197.9,1590
2026-04-20T18:00:00+00:00,197.9,198.32000000000002,197.88000000000002,198.24,2778
2026-04-20T18:15:00+00:00,198.24,198.68,198.18,198.53,2390
2026-04-20T18:30:00+00:00,198.53,198.89000000000001,198.32000000000002,198.84,2630
2026-04-20T18:45:00+00:00,198.84,198.9,198.66000000000003,198.74,1984
2026-04-20T19:00:00+00:00,198.74,199.08,198.67000000000002,199.05,1740
2026-04-20T19:15:00+00:00,199.05,199.19000000000003,198.97000000000003,199.07000000000002,1854
2026-04-20T19:30:00+00:00,199.07000000000002,199.76000000000002,199.02,199.56,2471
2026-04-20T19:45:00+00:00,199.56,200.11,199.44000000000003,200.06,4423
2026-04-21T13:30:00+00:00,200.06,200.68,198.77,199.13000000000002,7249
2026-04-21T13:45:00+00:00,199.13000000000002,199.75,198.84,199.38000000000002,4783
2026-04-21T14:00:00+00:00,199.38000000000002,200.43,199.20000000000002,200.10000000000002,3837
2026-04-21T14:15:00+00:00,200.10000000000002,200.34,199.41000000000003,199.83,3607
2026-04-21T14:30:00+00:00,199.83,200,199.46,199.76000000000002,4219
2026-04-21T14:45:00+00:00,199.76000000000002,199.82000000000002,198.99,199.06,4776
2026-04-21T15:00:00+00:00,199.06,199.45000000000002,198.51000000000002,199.34,5997
2026-04-21T15:15:00+00:00,199.34,199.63000000000002,198.81,198.98000000000002,4503
2026-04-21T15:30:00+00:00,198.98000000000002,199.31,198.8,199.17000000000002,4005
2026-04-21T15:45:00+00:00,199.17000000000002,199.3,198.61,198.67000000000002,3259
2026-04-21T16:00:00+00:00,198.67000000000002,198.83,198.16000000000003,198.31,3742
2026-04-21T16:15:00+00:00,198.31,198.5,197.81,197.84,2890
2026-04-21T16:30:00+00:00,197.84,198.16000000000003,197.66000000000003,197.79000000000002,2786
2026-04-21T16:45:00+00:00,197.79000000000002,198.27,197.78,197.9,2547
2026-04-21T17:00:00+00:00,197.9,198.13000000000002,196.96,197.39000000000001,4606
2026-04-21T17:15:00+00:00,197.39000000000001,197.5,196.94000000000003,197.26000000000002,3740
2026-04-21T17:30:00+00:00,197.26000000000002,198.28,197.19000000000003,198,4778
2026-04-21T17:45:00+00:00,198,198.06,197.23000000000002,197.53,3005
2026-04-21T18:00:00+00:00,197.53,198.04000000000002,197.41000000000003,198.01000000000002,2586
2026-04-21T18:15:00+00:00,198.01000000000002,198.10000000000002,197.49,197.88000000000002,3110
2026-04-21T18:30:00+00:00,197.88000000000002,198.48000000000002,197.88000000000002,198.34,2093
2026-04-21T18:45:00+00:00,198.34,198.79000000000002,198.10000000000002,198.58,3693
2026-04-21T19:00:00+00:00,198.58,198.77,198.27,198.39000000000001,3542
2026-04-21T19:15:00+00:00,198.39000000000001,198.92000000000002,198.3,198.9,3351
2026-04-21T19:30:00+00:00,198.9,199.10000000000002,197.12,197.3,5559
2026-04-21T19:45:00+00:00,197.3,198.01000000000002,197.23000000000002,197.86,7161
2026-04-22T13:30:00+00:00,197.86,199.03,197.86,198.35000000000002,5453
2026-04-22T13:45:00+00:00,198.35000000000002,198.55,197.44000000000003,197.82000000000002,4631
2026-04-22T14:00:00+00:00,197.82000000000002,198.08,197.26000000000002,198.05,4563
2026-04-22T14:15:00+00:00,198.05,198.43,197.79000000000002,198.31,4700
2026-04-22T14:30:00+00:00,198.31,198.95000000000002,198.22000000000003,198.83,5045
2026-04-22T14:45:00+00:00,198.83,199.46,198.8,199.15,4128.806285293395
2026-04-22T15:00:00+00:00,199.15,199.43,198.89000000000001,199.32000000000002,3483
2026-04-22T15:15:00+00:00,199.32000000000002,199.82000000000002,199.16000000000003,199.56,3624
2026-04-22T15:30:00+00:00,199.56,199.64000000000001,198.97000000000003,198.98000000000002,3381
2026-04-22T15:45:00+00:00,198.98000000000002,199.51000000000002,198.87,199.15,2909
2026-04-22T16:00:00+00:00,199.15,199.36,199.05,199.12,2212
2026-04-22T16:15:00+00:00,199.12,199.26000000000002,198.86,199.04000000000002,2194
2026-04-22T16:30:00+00:00,199.04000000000002,199.20000000000002,198.89000000000001,199.05,2583
2026-04-22T16:45:00+00:00,199.05,199.23000000000002,198.96,199.05,1913
2026-04-22T17:00:00+00:00,199.05,199.84,199.05,199.65,2646
2026-04-22T17:15:00+00:00,199.65,199.93,199.55,199.70000000000002,1995
2026-04-22T17:30:00+00:00,199.70000000000002,200.14000000000001,199.66000000000003,199.96,1744
2026-04-22T17:45:00+00:00,199.96,200.36,199.74,200.24,2460
2026-04-22T18:00:00+00:00,200.24,200.43,200.03,200.11,2205
2026-04-22T18:15:00+00:00,200.11,200.12,199.56,199.60000000000002,2781
2026-04-22T18:30:00+00:00,199.60000000000002,199.93,199.46,199.75,2284
2026-04-22T18:45:00+00:00,199.75,199.97000000000003,199.51000000000002,199.53,1919
2026-04-22T19:00:00+00:00,199.53,199.74,199.16000000000003,199.69000000000003,3345
2026-04-22T19:15:00+00:00,199.69000000000003,199.94000000000003,199.55,199.60000000000002,2015
2026-04-22T19:30:00+00:00,199.60000000000002,199.83,199.53,199.61,2168
2026-04-22T19:45:00+00:00,199.61,200.44000000000003,199.53,200.36,4388
2026-04-23T13:30:00+00:00,200.36,201.06,199.05,200.60000000000002,5821
2026-04-23T13:45:00+00:00,200.60000000000002,201.76000000000002,200.57000000000002,201.02,5696
2026-04-23T14:00:00+00:00,201.02,201.15,199.96,200.19000000000003,5779
2026-04-23T14:15:00+00:00,200.19000000000003,200.82000000000002,199.56,199.71,5261
2026-04-23T14:30:00+00:00,199.71,200.42000000000002,199.69000000000003,199.96,4443
2026-04-23T14:45:00+00:00,199.96,200.71,199.71,200.49,3495
2026-04-23T15:00:00+00:00,200.49,201.03,200.49,200.86,2948
2026-04-23T15:15:00+00:00,200.86,201.05,200.42000000000002,200.46,2895
2026-04-23T15:30:00+00:00,200.46,200.67000000000002,200.03,200.03,2804
2026-04-23T15:45:00+00:00,200.03,200.08,199.12,199.44000000000003,4285
2026-04-23T16:00:00+00:00,199.44000000000003,199.61,198.91000000000003,199.22000000000003,3403
2026-04-23T16:15:00+00:00,199.22000000000003,199.44000000000003,198.89000000000001,199.05,2362
2026-04-23T16:30:00+00:00,199.05,199.67000000000002,198.99,199.59,2053
2026-04-23T16:45:00+00:00,199.59,199.84,199.33,199.43,2346
2026-04-23T17:00:00+00:00,199.43,199.58,197.83,198.10000000000002,6397
2026-04-23T17:15:00+00:00,198.10000000000002,198.12,197.16000000000003,197.38000000000002,6208
2026-04-23T17:30:00+00:00,197.38000000000002,198.08,195.89000000000001,196.06,6722
2026-04-23T17:45:00+00:00,196.06,196.9,195.17000000000002,196.8,8503
2026-04-23T18:00:00+00:00,196.8,197.4,196.60000000000002,197.12,5991
2026-04-23T18:15:00+00:00,197.12,197.28,196.73000000000002,197.07000000000002,3301
2026-04-23T18:30:00+00:00,197.07000000000002,197.59,197.03,197.28,3151
2026-04-23T18:45:00+00:00,197.28,197.37,196.17000000000002,196.28,3473
2026-04-23T19:00:00+00:00,196.28,196.87,196.12,196.78,3836
2026-04-23T19:15:00+00:00,196.78,197.24,196.77,197.05,2911
2026-04-23T19:30:00+00:00,197.05,197.41000000000003,196.63000000000002,196.98000000000002,4020
2026-04-23T19:45:00+00:00,196.98000000000002,197.65,196.65,197.63000000000002,4520
2026-04-24T13:30:00+00:00,197.63000000000002,201.16000000000003,197.63000000000002,199.69000000000003,7880
2026-04-24T13:45:00+00:00,199.69000000000003,200.93,199.07000000000002,199.92000000000002,5822
2026-04-24T14:00:00+00:00,199.92000000000002,201.06,199.61,200.38000000000002,6630
2026-04-24T14:15:00+00:00,200.38000000000002,200.92000000000002,200.21,200.53,6038
2026-04-24T14:30:00+00:00,200.53,204.18,200.4,204.17000000000002,7736
2026-04-24T14:45:00+00:00,204.17000000000002,206.79000000000002,204.06,206.63000000000002,8252.791237113403
2026-04-24T15:00:00+00:00,206.63000000000002,207.58,206.17000000000002,207.51000000000002,7489
2026-04-24T15:15:00+00:00,207.51000000000002,207.63000000000002,205.8,206.84000000000003,6694
2026-04-24T15:30:00+00:00,206.84000000000003,207.85000000000002,206.71000000000004,207.59000000000003,6177
2026-04-24T15:45:00+00:00,207.59000000000003,207.74,206.65000000000003,207.04000000000002,6257
2026-04-24T16:00:00+00:00,207.04000000000002,207.39000000000001,206.26000000000002,206.58,4724
2026-04-24T16:15:00+00:00,206.58,207.93000000000004,206.29000000000002,207.50000000000003,4239
2026-04-24T16:30:00+00:00,207.50000000000003,208.87000000000003,207.48000000000002,208.01000000000002,4857
2026-04-24T16:45:00+00:00,208.01000000000002,208.47000000000003,207.46000000000004,207.59000000000003,4077
2026-04-24T17:00:00+00:00,207.59000000000003,207.97000000000003,207.17000000000002,207.93000000000004,3535
2026-04-24T17:15:00+00:00,207.93000000000004,207.97000000000003,206.96000000000004,207.26000000000002,3557
2026-04-24T17:30:00+00:00,207.26000000000002,207.62000000000003,206.95000000000002,207.54000000000002,3600
2026-04-24T17:45:00+00:00,207.54000000000002,207.65000000000003,207.01000000000002,207.24,3003
2026-04-24T18:00:00+00:00,207.24,207.34000000000003,206.61,206.96000000000004,2956
2026-04-24T18:15:00+00:00,206.96000000000004,206.99,206.08,206.11,3357
2026-04-24T18:30:00+00:00,206.11,206.54000000000002,205.97000000000003,206.01000000000002,3088
2026-04-24T18:45:00+00:00,206.01000000000002,206.19000000000003,205.60000000000002,206.16000000000003,3186
2026-04-24T19:00:00+00:00,206.16000000000003,207.10000000000002,206.04000000000002,207.07000000000002,3209
2026-04-24T19:15:00+00:00,207.07000000000002,207.21000000000004,206.40000000000003,206.45000000000002,3359
2026-04-24T19:30:00+00:00,206.45000000000002,206.55,205.93000000000004,206.12000000000003,3936
2026-04-24T19:45:00+00:00,206.12000000000003,206.36,205.48000000000002,206.12000000000003,4665
2026-04-27T13:30:00+00:00,206.12000000000003,209.89000000000001,206.12000000000003,207.70000000000002,7634
2026-04-27T13:45:00+00:00,207.70000000000002,208.51000000000002,206.33,208.29000000000002,6601
2026-04-27T14:00:00+00:00,208.29000000000002,208.66000000000003,207.53000000000003,208.3,6638
2026-04-27T14:15:00+00:00,208.3,208.33,206.44000000000003,206.61,6709
2026-04-27T14:30:00+00:00,206.61,207.38000000000002,205.31000000000003,207.16000000000003,6359
2026-04-27T14:45:00+00:00,207.16000000000003,207.8,206.73000000000002,207.31000000000003,5006
2026-04-27T15:00:00+00:00,207.31000000000003,207.86,206.95000000000002,207.40000000000003,4855
2026-04-27T15:15:00+00:00,207.40000000000003,207.82000000000002,207.18000000000004,207.82000000000002,4560
2026-04-27T15:30:00+00:00,207.82000000000002,208.57000000000002,207.71000000000004,208.29000000000002,3691
2026-04-27T15:45:00+00:00,208.29000000000002,208.79000000000002,208.04000000000002,208.57000000000002,3392
2026-04-27T16:00:00+00:00,208.57000000000002,209.36,208.56000000000003,209.01000000000002,3507
2026-04-27T16:15:00+00:00,209.01000000000002,209.58,208.92000000000002,209.39000000000001,2806
2026-04-27T16:30:00+00:00,209.39000000000001,211.56000000000003,209.33,210.96000000000004,4724
2026-04-27T16:45:00+00:00,210.96000000000004,211.23000000000002,210.40000000000003,210.67000000000002,3630
2026-04-27T17:00:00+00:00,210.67000000000002,211.96000000000004,210.67000000000002,211.94000000000003,3186
2026-04-27T17:15:00+00:00,211.94000000000003,212.19000000000003,211.21000000000004,211.55,4166
2026-04-27T17:30:00+00:00,211.55,212.47000000000003,211.52,212.23000000000002,3415
2026-04-27T17:45:00+00:00,212.23000000000002,213.3,212.23000000000002,213.07000000000002,4024
2026-04-27T18:00:00+00:00,213.07000000000002,213.63000000000002,212.86,213.26000000000002,3665
2026-04-27T18:15:00+00:00,213.26000000000002,214.20000000000002,213.21000000000004,213.63000000000002,4193
2026-04-27T18:30:00+00:00,213.63000000000002,214.31000000000003,213.18000000000004,213.39000000000001,3827
2026-04-27T18:45:00+00:00,213.39000000000001,213.43000000000004,212.75000000000003,213.02,3351
2026-04-27T19:00:00+00:00,213.02,213.83,212.96000000000004,213.8,3047
2026-04-27T19:15:00+00:00,213.8,214.03000000000003,213.36,213.42000000000002,3198
2026-04-27T19:30:00+00:00,213.42000000000002,213.85000000000002,213.23000000000002,213.69000000000003,3149
2026-04-27T19:45:00+00:00,213.69000000000003,214.76000000000002,213.68000000000004,214.58,4869
2026-04-28T13:30:00+00:00,214.58,214.58,206.14000000000001,209.72000000000003,9308
2026-04-28T13:45:00+00:00,209.72000000000003,210.22000000000003,208.58,210.12000000000003,7197
2026-04-28T14:00:00+00:00,210.12000000000003,211.60000000000002,209.68000000000004,211.05,7252
2026-04-28T14:15:00+00:00,211.05,211.24,209.73000000000002,210.3,6955
2026-04-28T14:30:00+00:00,210.3,210.64000000000001,207.74,208.38000000000002,7401
2026-04-28T14:45:00+00:00,208.38000000000002,208.58,206.28000000000003,207.68000000000004,8500
2026-04-28T15:00:00+00:00,207.68000000000004,208.14000000000001,206.93000000000004,207.79000000000002,6533
2026-04-28T15:15:00+00:00,207.79000000000002,207.92000000000002,206.68000000000004,207.00000000000003,5177
2026-04-28T15:30:00+00:00,207.00000000000003,207.43000000000004,206.51000000000002,207.43000000000004,4760
2026-04-28T15:45:00+00:00,207.43000000000004,207.71000000000004,206.81000000000003,207.70000000000002,4233
2026-04-28T16:00:00+00:00,207.70000000000002,208.00000000000003,207.50000000000003,207.93000000000004,3616
2026-04-28T16:15:00+00:00,207.93000000000004,208.58,207.72000000000003,208.05,3252
2026-04-28T16:30:00+00:00,208.05,208.20000000000002,207.24,207.91000000000003,2952
2026-04-28T16:45:00+00:00,207.91000000000003,208.82000000000002,207.78000000000003,208.62000000000003,3418
2026-04-28T17:00:00+00:00,208.62000000000003,208.73000000000002,208.09000000000003,208.50000000000003,2971
2026-04-28T17:15:00+00:00,208.50000000000003,208.90000000000003,208.08,208.72000000000003,2787
2026-04-28T17:30:00+00:00,208.72000000000003,209.37000000000003,208.72000000000003,209.24,2829
2026-04-28T17:45:00+00:00,209.24,209.72000000000003,208.96000000000004,209.68000000000004,2638
2026-04-28T18:00:00+00:00,209.68000000000004,210.15000000000003,209.56000000000003,210.12000000000003,2443
2026-04-28T18:15:00+00:00,210.12000000000003,210.93000000000004,210.07000000000002,210.78000000000003,3262
2026-04-28T18:30:00+00:00,210.78000000000003,211.85000000000002,210.39000000000001,211.81000000000003,3079
2026-04-28T18:45:00+00:00,211.81000000000003,212.01000000000002,211.44000000000003,212.01000000000002,2781
2026-04-28T19:00:00+00:00,212.01000000000002,212.66000000000003,211.82000000000002,212.09000000000003,3362
2026-04-28T19:15:00+00:00,212.09000000000003,212.20000000000002,211.40000000000003,211.99,3913
2026-04-28T19:30:00+00:00,211.99,212.36,211.48000000000002,211.60000000000002,3700
2026-04-28T19:45:00+00:00,211.60000000000002,211.63000000000002,210.90000000000003,211.16000000000003,5880
2026-04-29T13:30:00+00:00,211.16000000000003,211.16000000000003,208.31000000000003,208.95000000000002,6376
2026-04-29T13:45:00+00:00,208.95000000000002,209.51000000000002,208.23000000000002,208.76000000000002,4982
2026-04-29T14:00:00+00:00,208.76000000000002,209.13000000000002,207.71000000000004,209.12000000000003,5562
2026-04-29T14:15:00+00:00,209.12000000000003,209.16000000000003,208.35000000000002,209.01000000000002,4372
2026-04-29T14:30:00+00:00,209.01000000000002,209.65000000000003,208.60000000000002,209.49,4463
2026-04-29T14:45:00+00:00,209.49,209.87000000000003,208.51000000000002,209.18,3749.022175639894
2026-04-29T15:00:00+00:00,209.18,209.24,208.23,208.25,3259
2026-04-29T15:15:00+00:00,208.25,208.94,208.11,208.65,3230
2026-04-29T15:30:00+00:00,208.65,209.26,208.42,208.85,3423
2026-04-29T15:45:00+00:00,208.85,209.22,208.05,208.5,4457
2026-04-29T16:00:00+00:00,208.5,209.09,208.35,208.37,2967
2026-04-29T16:15:00+00:00,208.37,208.44,207.52,207.53,2980
2026-04-29T16:30:00+00:00,207.53,207.71,206.78,207.44,3701
2026-04-29T16:45:00+00:00,207.44,207.54,206.42,206.77,2649
2026-04-29T17:00:00+00:00,206.77,207.64000000000001,206.51,207.35,2470
2026-04-29T17:15:00+00:00,207.35,207.44,207.03,207.3,2226
2026-04-29T17:30:00+00:00,207.3,207.42,206.93,207.15,2285
2026-04-29T17:45:00+00:00,207.15,207.56,206.79,206.99,2270
2026-04-29T18:00:00+00:00,206.99,207.06,205.46,205.8,3597
2026-04-29T18:15:00+00:00,205.8,206.61,205.75,205.9,2863
2026-04-29T18:30:00+00:00,205.9,206.59,205.44,205.88,4277
2026-04-29T18:45:00+00:00,205.88,206.91,205.71,206.83,3801
2026-04-29T19:00:00+00:00,206.83,207.07,206.4,207.06,3102
2026-04-29T19:15:00+00:00,207.06,207.35,206.86,207.18,3189
2026-04-29T19:30:00+00:00,207.18,207.29,206.67,206.84,3439
2026-04-29T19:45:00+00:00,206.84,207.22,206.54,207.21,4252
2026-04-30T13:30:00+00:00,207.21,208.1,203.36,204.59,6894
2026-04-30T13:45:00+00:00,204.59,204.79,200.58,201.77,7864
2026-04-30T14:00:00+00:00,201.77,201.81,199.3,199.78,8168
2026-04-30T14:15:00+00:00,199.78,199.81,197.28,198.47,8288
2026-04-30T14:30:00+00:00,198.47,198.97,196.56,198.52,7718
2026-04-30T14:45:00+00:00,198.52,200.16,198.43,199.63,5909
2026-04-30T15:00:00+00:00,199.63,200.31,199.06,199.76,6485
2026-04-30T15:15:00+00:00,199.76,200.01,198.86,199.17,5116
2026-04-30T15:30:00+00:00,199.17,199.67,198.02,198.42,5326
2026-04-30T15:45:00+00:00,198.42,199.23,198.15,198.53,4703
2026-04-30T16:00:00+00:00,198.53,198.67,197.66,198.57,4122
2026-04-30T16:15:00+00:00,198.57,198.69,197.28,198.01,3634
2026-04-30T16:30:00+00:00,198.01,198.19,197.41,197.42,3518
2026-04-30T16:45:00+00:00,197.42,197.94,197.19,197.69,4099
2026-04-30T17:00:00+00:00,197.69,198.91,197.66,198.26,4229
2026-04-30T17:15:00+00:00,198.26,198.52,197.94,198.34,3128
2026-04-30T17:30:00+00:00,198.34,199.05,198.26,198.36,3658
2026-04-30T17:45:00+00:00,198.36,199.14000000000001,198.36,199.12,3515
2026-04-30T18:00:00+00:00,199.12,199.6,198.12,198.53,4085
2026-04-30T18:15:00+00:00,198.53,198.91,198.19,198.65,3441
2026-04-30T18:30:00+00:00,198.65,199.37,198.6,199.31,2979
2026-04-30T18:45:00+00:00,199.31,199.86,199.29,199.68,2878
2026-04-30T19:00:00+00:00,199.68,199.82,198.98,199.31,3738
2026-04-30T19:15:00+00:00,199.31,199.36,198.66,198.67,3134
2026-04-30T19:30:00+00:00,198.67,198.87,198.33,198.64000000000001,3922
2026-04-30T19:45:00+00:00,198.64000000000001,198.77,197.35,197.44,5272
2026-05-01T13:30:00+00:00,197.44,200.84,197.44,199.74,6726
2026-05-01T13:45:00+00:00,199.74,199.86,197,198.32,6675
2026-05-01T14:00:00+00:00,198.32,198.45,197.2,197.83,4973
2026-05-01T14:15:00+00:00,197.83,197.92,197.06,197.17,4898
2026-05-01T14:30:00+00:00,197.17,197.25,194.99,197.15,6654
2026-05-01T14:45:00+00:00,197.15,197.88,197.08,197.37,5151.8074324324325
2026-05-01T15:00:00+00:00,197.37,197.68,196.81,197.32,4546
2026-05-01T15:15:00+00:00,197.32,197.64000000000001,196.61,196.8,3788
2026-05-01T15:30:00+00:00,196.8,197.61,196.57,197.41,3397
2026-05-01T15:45:00+00:00,197.41,197.7,196.74,196.96,4052
2026-05-01T16:00:00+00:00,196.96,197.1,196.35,196.79,3169
2026-05-01T16:15:00+00:00,196.79,197.27,196.43,196.52,3633
2026-05-01T16:30:00+00:00,196.52,196.87,196.45,196.53,3048
2026-05-01T16:45:00+00:00,196.53,197.2,196.42,197.01,2662
2026-05-01T17:00:00+00:00,197.01,197.78,196.98,197.69,2298
2026-05-01T17:15:00+00:00,197.69,198.07,197.41,197.73,2828
2026-05-01T17:30:00+00:00,197.73,198.15,197.6,197.93,2400
2026-05-01T17:45:00+00:00,197.93,197.97,197.41,197.53,2227
2026-05-01T18:00:00+00:00,197.53,197.61,196.96,197.07,2775
2026-05-01T18:15:00+00:00,197.07,197.24,196.79,196.98,2576
2026-05-01T18:30:00+00:00,196.98,197.06,196.32,196.48,3046
2026-05-01T18:45:00+00:00,196.48,196.56,196.08,196.22,2995
2026-05-01T19:00:00+00:00,196.22,196.91,196.04,196.88,2661
2026-05-01T19:15:00+00:00,196.88,197.7,196.83,197.56,3490
2026-05-01T19:30:00+00:00,197.56,197.79,197.34,197.47,4521
2026-05-01T19:45:00+00:00,197.47,197.49,196.17,196.28,5076
2026-05-04T13:30:00+00:00,196.28,199.57,195.76,198.25,6660
2026-05-04T13:45:00+00:00,198.25,198.31,195.48,196.45,5956
2026-05-04T14:00:00+00:00,196.45,196.91,195.66,196.63,5374
2026-05-04T14:15:00+00:00,196.63,196.75,195.2,195.22,4289
2026-05-04T14:30:00+00:00,195.22,195.94,195.16,195.77,3635
2026-05-04T14:45:00+00:00,195.77,196.24,195.04,195.08,3360
2026-05-04T15:00:00+00:00,195.08,195.87,194.71,194.84,4019
2026-05-04T15:15:00+00:00,194.84,194.96,192.61,193.66,6267
2026-05-04T15:30:00+00:00,193.66,194.38,193.12,194.27,5283
2026-05-04T15:45:00+00:00,194.27,194.4,193.44,193.54,4035
2026-05-04T16:00:00+00:00,193.54,193.81,192.72,193.38,4634
2026-05-04T16:15:00+00:00,193.38,194.44,192.97,194.08,4378
2026-05-04T16:30:00+00:00,194.08,194.75,193.96,194.61,3363
2026-05-04T16:45:00+00:00,194.61,194.72,194.35,194.59,2707
2026-05-04T17:00:00+00:00,194.59,195.17,194.54,195.12,3360
2026-05-04T17:15:00+00:00,195.12,195.69,195.02,195.15,3219
2026-05-04T17:30:00+00:00,195.15,195.64000000000001,194.77,195.55,2643
2026-05-04T17:45:00+00:00,195.55,196.28,195.27,196.16,2160
2026-05-04T18:00:00+00:00,196.16,197.04,196.16,196.51,2495
2026-05-04T18:15:00+00:00,196.51,196.6,195.72,196.09,2792
2026-05-04T18:30:00+00:00,196.09,196.15,195.21,195.33,1949
2026-05-04T18:45:00+00:00,195.33,196.19,195.27,196.06,2714
2026-05-04T19:00:00+00:00,196.06,196.31,195.63,196.22,2691
2026-05-04T19:15:00+00:00,196.22,196.59,195.92,196.49,2089
2026-05-04T19:30:00+00:00,196.49,197.04,196.38,196.56,2600
2026-05-04T19:45:00+00:00,196.56,196.73,195.85,196.42,4108
2026-05-05T13:30:00+00:00,196.42,197.81,195.96,197.4,5982
2026-05-05T13:45:00+00:00,197.4,198.08,196.13,196.27,5557
2026-05-05T14:00:00+00:00,196.27,196.82,195.49,195.77,5016
2026-05-05T14:15:00+00:00,195.77,196.89000000000001,195.36,196.37,5893
2026-05-05T14:30:00+00:00,196.37,196.54,194.89000000000001,194.91,4409
2026-05-05T14:45:00+00:00,194.91,195.44,194.63,194.95,3797
2026-05-05T15:00:00+00:00,194.95,195.78,194.71,195.58,3472
2026-05-05T15:15:00+00:00,195.58,195.75,194.53,194.89000000000001,3214
2026-05-05T15:30:00+00:00,194.89000000000001,195.28,194.68,195.21,3101
2026-05-05T15:45:00+00:00,195.21,195.35,194.97,195.29,2547
2026-05-05T16:00:00+00:00,195.29,195.67,195.12,195.6,2799
2026-05-05T16:15:00+00:00,195.6,196.37,195.49,195.82,2742
2026-05-05T16:30:00+00:00,195.82,195.94,195.23,195.45,2522
2026-05-05T16:45:00+00:00,195.45,195.75,195.28,195.49,1989
2026-05-05T17:00:00+00:00,195.49,195.66,195.19,195.4,1672
2026-05-05T17:15:00+00:00,195.4,195.68,195.02,195.65,1794
2026-05-05T17:30:00+00:00,195.65,195.83,195.17,195.25,1795
2026-05-05T17:45:00+00:00,195.25,195.37,195,195.07,1550
2026-05-05T18:00:00+00:00,195.07,195.31,194.84,195.28,1677
2026-05-05T18:15:00+00:00,195.28,195.66,195.02,195.35,1788
2026-05-05T18:30:00+00:00,195.35,195.5,195.19,195.34,1485
2026-05-05T18:45:00+00:00,195.34,195.5,194.22,194.59,2168
2026-05-05T19:00:00+00:00,194.59,194.76,194.19,194.43,2188
2026-05-05T19:15:00+00:00,194.43,194.6,194.09,194.16,2224
2026-05-05T19:30:00+00:00,194.16,194.47,193.89000000000001,194.24,2181
2026-05-05T19:45:00+00:00,194.24,194.44,194.01,194.39000000000001,3353
2026-05-06T13:30:00+00:00,194.39000000000001,199.39000000000001,194.39000000000001,199.15,7108
2026-05-06T13:45:00+00:00,199.15,202.45,198.94,202.29,7837
2026-05-06T14:00:00+00:00,202.29,203.69,200.82,203.26,7318
2026-05-06T14:15:00+00:00,203.26,203.29,200.78,201.79,6964
2026-05-06T14:30:00+00:00,201.79,203.22,201.79,202.78,5404
2026-05-06T14:45:00+00:00,202.78,203.32,202.2,202.6,5051.992114615727
2026-05-06T15:00:00+00:00,202.6,203.07,201.38,201.85,4217
2026-05-06T15:15:00+00:00,201.85,204.66,201.57,204.23,4584
2026-05-06T15:30:00+00:00,204.23,205.04,203.03,203.35,4331
2026-05-06T15:45:00+00:00,203.35,203.55,202.45,202.68,3828
2026-05-06T16:00:00+00:00,202.68,203.58,202.59,203.47,3302
2026-05-06T16:15:00+00:00,203.47,203.66,202.81,203.12,2842
2026-05-06T16:30:00+00:00,203.12,203.27,202.37,202.69,2500
2026-05-06T16:45:00+00:00,202.69,202.76,201.8,202.67,3145
2026-05-06T17:00:00+00:00,202.67,202.86,202.31,202.65,2571
2026-05-06T17:15:00+00:00,202.65,203.38,202.37,202.93,2307
2026-05-06T17:30:00+00:00,202.93,203.77,202.83,203.75,2127
2026-05-06T17:45:00+00:00,203.75,203.84,203.09,203.31,2135
2026-05-06T18:00:00+00:00,203.31,204.29,203.26,203.73,2242
2026-05-06T18:15:00+00:00,203.73,205.07,203.71,204.9,2857
2026-05-06T18:30:00+00:00,204.9,205.92,204.63,205.55,2866
2026-05-06T18:45:00+00:00,205.55,205.8,204.53,204.55,2739
2026-05-06T19:00:00+00:00,204.55,205.38,204.38,205.01,2773
2026-05-06T19:15:00+00:00,205.01,205.63,204.71,205.48,2780
2026-05-06T19:30:00+00:00,205.48,205.49,204.87,204.95,2988
2026-05-06T19:45:00+00:00,204.95,206.13,204.74,205.55,4405
2026-05-07T13:30:00+00:00,205.55,206.58,204.37,205.24,6655
2026-05-07T13:45:00+00:00,205.24,208.34,205.02,206.69,6832
2026-05-07T14:00:00+00:00,206.69,211.27,206.63,210.57,7417
2026-05-07T14:15:00+00:00,210.57,211.85,209.91,210.96,6032
2026-05-07T14:30:00+00:00,210.96,212.05,210.22,210.93,5408
2026-05-07T14:45:00+00:00,210.93,211.49,210.22,210.59,4391
2026-05-07T15:00:00+00:00,210.59,210.97,208.58,208.62,4166
2026-05-07T15:15:00+00:00,208.62,210.17,208.59,209.83,3703
2026-05-07T15:30:00+00:00,209.83,211.54,209.76,211.25,3352
2026-05-07T15:45:00+00:00,211.25,211.45,210.4,210.5,3976
2026-05-07T16:00:00+00:00,210.5,210.78,209.13,209.44,4778
2026-05-07T16:15:00+00:00,209.44,211.71,208.52,211.42,4960
2026-05-07T16:30:00+00:00,211.42,212.01,210.46,210.73,3631
2026-05-07T16:45:00+00:00,210.73,210.9,209.86,210.21,3219
2026-05-07T17:00:00+00:00,210.21,210.42,209.58,209.83,3257
2026-05-07T17:15:00+00:00,209.83,210.39000000000001,208.82,209.83,4677
2026-05-07T17:30:00+00:00,209.83,210.82,209.48,210.2,3783
2026-05-07T17:45:00+00:00,210.2,210.31,209.29,210.24,3398
2026-05-07T18:00:00+00:00,210.24,210.99,209.97,210.57,3176
2026-05-07T18:15:00+00:00,210.57,211.11,210.44,210.63,3042
2026-05-07T18:30:00+00:00,210.63,211.12,210.03,210.15,2860
2026-05-07T18:45:00+00:00,210.15,210.52,209.68,210.2,3711
2026-05-07T19:00:00+00:00,210.2,210.72,210.01,210.58,2714
2026-05-07T19:15:00+00:00,210.58,210.75,209.27,209.89000000000001,3870
2026-05-07T19:30:00+00:00,209.89000000000001,210.35,209.69,209.97,2968
2026-05-07T19:45:00+00:00,209.97,210.44,209.09,209.41,4897
2026-05-08T13:30:00+00:00,209.41,214.63,209.41,214.62,6834
2026-05-08T13:45:00+00:00,214.62,215.61,214.28,215.48,6022
2026-05-08T14:00:00+00:00,215.48,215.64000000000001,213.54,213.89000000000001,5782
2026-05-08T14:15:00+00:00,213.89000000000001,214.2,212.99,213.15,5074
2026-05-08T14:30:00+00:00,213.15,213.72,212.17,213.15,5017
2026-05-08T14:45:00+00:00,213.15,214.06,212.92,213.81000000000003,3745.408692722372
2026-05-08T15:00:00+00:00,213.81000000000003,214.68000000000004,213.51000000000002,214.21000000000004,3656
2026-05-08T15:15:00+00:00,214.21000000000004,214.27000000000004,213.27000000000004,214.15000000000003,3721
2026-05-08T15:30:00+00:00,214.15000000000003,215.09000000000003,213.78000000000003,214.23000000000002,3805
2026-05-08T15:45:00+00:00,214.23000000000002,214.42000000000004,213.39000000000004,213.41000000000003,2841
2026-05-08T16:00:00+00:00,213.41000000000003,213.80000000000004,213.05000000000004,213.37000000000003,3178
2026-05-08T16:15:00+00:00,213.37000000000003,214.06000000000003,213.17000000000004,213.78000000000003,2621
2026-05-08T16:30:00+00:00,213.78000000000003,213.97000000000003,213.30000000000004,213.56000000000003,2568
2026-05-08T16:45:00+00:00,213.56000000000003,213.72000000000003,212.92000000000004,213.13000000000002,3427
2026-05-08T17:00:00+00:00,213.13000000000002,213.55000000000004,212.98000000000002,213.37000000000003,3386
2026-05-08T17:15:00+00:00,213.37000000000003,213.97000000000003,213.32000000000002,213.58000000000004,3036
2026-05-08T17:30:00+00:00,213.58000000000004,213.70000000000002,213.08000000000004,213.15000000000003,2728
2026-05-08T17:45:00+00:00,213.15000000000003,213.32000000000002,212.74000000000004,212.85000000000002,2703
2026-05-08T18:00:00+00:00,212.85000000000002,213.69000000000003,212.81000000000003,213.19000000000003,3233
2026-05-08T18:15:00+00:00,213.19000000000003,213.51000000000002,213.07000000000002,213.26000000000002,2159
2026-05-08T18:30:00+00:00,213.26000000000002,213.36000000000004,213.00000000000003,213.02000000000004,2383
2026-05-08T18:45:00+00:00,213.02000000000004,213.38000000000002,212.85000000000002,212.96000000000004,2962
2026-05-08T19:00:00+00:00,212.96000000000004,213.71000000000004,212.95000000000002,213.41000000000003,2963
2026-05-08T19:15:00+00:00,213.41000000000003,213.49000000000004,212.71000000000004,212.75000000000003,2991
2026-05-08T19:30:00+00:00,212.75000000000003,213.30000000000004,212.57000000000002,213.17000000000004,3232
2026-05-08T19:45:00+00:00,213.17000000000004,213.19000000000003,212.80000000000004,213.06000000000003,4497
2026-05-11T13:30:00+00:00,213.06000000000003,216.94000000000003,211.79000000000002,216.79000000000002,7345
2026-05-11T13:45:00+00:00,216.79000000000002,218.77000000000004,214.43000000000004,214.83000000000004,7706
2026-05-11T14:00:00+00:00,214.83000000000004,217.43000000000004,214.79000000000002,217.29000000000002,5598
2026-05-11T14:15:00+00:00,217.29000000000002,217.57000000000002,215.86000000000004,215.86000000000004,4710
2026-05-11T14:30:00+00:00,215.86000000000004,217.27000000000004,215.26000000000002,217.15000000000003,5136
2026-05-11T14:45:00+00:00,217.15000000000003,220.08000000000004,217.05000000000004,219.48000000000002,5633
2026-05-11T15:00:00+00:00,219.48000000000002,220.16000000000003,218.60000000000002,218.63000000000002,4772
2026-05-11T15:15:00+00:00,218.63000000000002,219.90000000000003,218.49000000000004,219.86000000000004,4074
2026-05-11T15:30:00+00:00,219.86000000000004,220.00000000000003,218.86000000000004,218.99000000000004,3556
2026-05-11T15:45:00+00:00,218.99000000000004,219.95000000000002,218.89000000000004,219.85000000000002,3072
2026-05-11T16:00:00+00:00,219.85000000000002,220.19000000000003,219.30000000000004,219.65000000000003,2835
2026-05-11T16:15:00+00:00,219.65000000000003,220.11000000000004,219.34000000000003,219.85000000000002,2845
2026-05-11T16:30:00+00:00,219.85000000000002,219.98000000000002,218.27000000000004,218.67000000000004,3260
2026-05-11T16:45:00+00:00,218.67000000000004,219.02000000000004,218.29000000000002,218.51000000000002,3035
2026-05-11T17:00:00+00:00,218.51000000000002,218.88000000000002,217.81000000000003,217.86000000000004,2529
2026-05-11T17:15:00+00:00,217.86000000000004,218.74000000000004,217.77000000000004,218.64000000000004,2461
2026-05-11T17:30:00+00:00,218.64000000000004,218.99000000000004,218.56000000000003,218.91000000000003,1931
2026-05-11T17:45:00+00:00,218.91000000000003,219.17000000000004,218.30000000000004,218.30000000000004,1913
2026-05-11T18:00:00+00:00,218.30000000000004,218.82000000000002,218.26000000000002,218.70000000000002,2095
2026-05-11T18:15:00+00:00,218.70000000000002,219.33000000000004,218.45000000000002,219.30000000000004,1981
2026-05-11T18:30:00+00:00,219.30000000000004,219.46000000000004,218.96000000000004,219.01000000000002,2247
2026-05-11T18:45:00+00:00,219.01000000000002,219.07000000000002,217.85000000000002,217.93000000000004,2359
2026-05-11T19:00:00+00:00,217.93000000000004,218.46000000000004,217.79000000000002,217.97000000000003,2672
2026-05-11T19:15:00+00:00,217.97000000000003,218.03000000000003,216.82000000000002,217.04000000000002,3227
2026-05-11T19:30:00+00:00,217.04000000000002,217.45000000000002,216.89000000000004,217.01000000000002,3127
2026-05-11T19:45:00+00:00,217.01000000000002,217.49000000000004,216.81000000000003,217.39000000000004,4736
2026-05-12T13:30:00+00:00,217.39000000000004,221.62000000000003,214.90000000000003,221.61000000000004,7930
2026-05-12T13:45:00+00:00,221.61000000000004,221.61000000000004,218.08000000000004,218.20000000000002,7557
2026-05-12T14:00:00+00:00,218.20000000000002,219.66000000000003,217.90000000000003,218.30000000000004,7230
2026-05-12T14:15:00+00:00,218.30000000000004,218.52000000000004,216.51000000000002,216.75000000000003,5469
2026-05-12T14:30:00+00:00,216.75000000000003,216.99000000000004,215.54000000000002,216.15000000000003,5750
2026-05-12T14:45:00+00:00,216.15000000000003,216.80000000000004,215.13000000000002,215.27000000000004,5622
2026-05-12T15:00:00+00:00,215.27000000000004,215.89000000000004,214.96000000000004,215.22000000000003,5457
2026-05-12T15:15:00+00:00,215.22000000000003,215.26000000000002,212.83000000000004,213.32000000000002,6191
2026-05-12T15:30:00+00:00,213.32000000000002,215.48000000000002,213.00000000000003,215.17000000000004,5207
2026-05-12T15:45:00+00:00,215.17000000000004,215.49000000000004,214.60000000000002,214.78000000000003,4495
2026-05-12T16:00:00+00:00,214.78000000000003,216.14000000000004,214.37000000000003,216.05000000000004,4258
2026-05-12T16:15:00+00:00,216.05000000000004,216.07000000000002,215.01000000000002,215.38000000000002,3708
2026-05-12T16:30:00+00:00,215.38000000000002,215.74000000000004,214.68000000000004,215.12000000000003,3746
2026-05-12T16:45:00+00:00,215.12000000000003,215.39000000000004,213.57000000000002,213.73000000000002,3819
2026-05-12T17:00:00+00:00,213.73000000000002,214.47000000000003,213.43000000000004,214.37000000000003,3743
2026-05-12T17:15:00+00:00,214.37000000000003,215.99000000000004,214.35000000000002,215.60000000000002,3925
2026-05-12T17:30:00+00:00,215.60000000000002,216.60000000000002,215.53000000000003,216.35000000000002,3393
2026-05-12T17:45:00+00:00,216.35000000000002,216.69000000000003,216.09000000000003,216.46000000000004,2561
2026-05-12T18:00:00+00:00,216.46000000000004,216.59000000000003,215.68000000000004,216.31000000000003,2617
2026-05-12T18:15:00+00:00,216.31000000000003,217.08000000000004,215.69000000000003,216.80000000000004,2697
2026-05-12T18:30:00+00:00,216.80000000000004,217.74000000000004,216.75000000000003,217.54000000000002,3006
2026-05-12T18:45:00+00:00,217.54000000000002,218.23000000000002,216.89000000000004,217.43000000000004,3145
2026-05-12T19:00:00+00:00,217.43000000000004,218.56000000000003,217.41000000000003,218.48000000000002,3149
2026-05-12T19:15:00+00:00,218.48000000000002,219.03000000000003,218.16000000000003,218.63000000000002,3191
2026-05-12T19:30:00+00:00,218.63000000000002,219.62000000000003,218.60000000000002,219.16000000000003,3499
2026-05-12T19:45:00+00:00,219.16000000000003,219.19000000000003,218.03000000000003,218.90000000000003,5334
2026-05-13T13:30:00+00:00,218.90000000000003,225.02000000000004,218.90000000000003,222.40000000000003,7582
2026-05-13T13:45:00+00:00,222.40000000000003,222.64000000000004,219.45000000000002,221.87000000000003,8227
2026-05-13T14:00:00+00:00,221.87000000000003,222.18000000000004,220.95000000000002,221.91000000000003,6303
2026-05-13T14:15:00+00:00,221.91000000000003,223.04000000000002,221.50000000000003,222.29000000000002,5352
2026-05-13T14:30:00+00:00,222.29000000000002,223.30000000000004,221.59000000000003,223.12000000000003,4731
2026-05-13T14:45:00+00:00,223.12000000000003,224.35000000000002,222.35000000000002,224.27000000000004,4427.877303900557
2026-05-13T15:00:00+00:00,224.27000000000004,225.44000000000005,224.10000000000005,224.54000000000005,5356
2026-05-13T15:15:00+00:00,224.54000000000005,225.11000000000004,223.59000000000006,224.08000000000004,3897
2026-05-13T15:30:00+00:00,224.08000000000004,225.09000000000006,223.57000000000005,225.01000000000005,3605
2026-05-13T15:45:00+00:00,225.01000000000005,225.21000000000004,224.39000000000004,224.46000000000004,3328
2026-05-13T16:00:00+00:00,224.46000000000004,225.58000000000004,224.26000000000005,225.52000000000004,3375
2026-05-13T16:15:00+00:00,225.52000000000004,225.69000000000005,224.73000000000005,225.19000000000005,3296
2026-05-13T16:30:00+00:00,225.19000000000005,225.52000000000004,224.80000000000004,224.87000000000006,2715
2026-05-13T16:45:00+00:00,224.87000000000006,225.03000000000006,224.52000000000004,224.65000000000006,2344
2026-05-13T17:00:00+00:00,224.65000000000006,225.08000000000004,224.57000000000005,224.93000000000004,1895
2026-05-13T17:15:00+00:00,224.93000000000004,225.20000000000005,224.63000000000005,224.81000000000006,2408
2026-05-13T17:30:00+00:00,224.81000000000006,224.87000000000006,223.91000000000005,224.17000000000004,2641
2026-05-13T17:45:00+00:00,224.17000000000004,224.30000000000004,223.28000000000006,223.31000000000006,2520
2026-05-13T18:00:00+00:00,223.31000000000006,224.90000000000006,223.30000000000004,224.89000000000004,3108
2026-05-13T18:15:00+00:00,224.89000000000004,225.29000000000005,224.80000000000004,224.82000000000005,2994
2026-05-13T18:30:00+00:00,224.82000000000005,225.07000000000005,224.67000000000004,224.70000000000005,2710
2026-05-13T18:45:00+00:00,224.70000000000005,225.03000000000006,224.22000000000006,224.33000000000004,2672
2026-05-13T19:00:00+00:00,224.33000000000004,225.02000000000004,224.17000000000004,224.91000000000005,3173
2026-05-13T19:15:00+00:00,224.91000000000005,225.01000000000005,224.18000000000004,224.62000000000006,2541
2026-05-13T19:30:00+00:00,224.62000000000006,224.66000000000005,224.07000000000005,224.12000000000006,2485
2026-05-13T19:45:00+00:00,224.12000000000006,224.16000000000005,222.95000000000005,223.71000000000004,5414
2026-05-14T13:30:00+00:00,223.71000000000004,231.09000000000006,223.71000000000004,230.14000000000004,7571
2026-05-14T13:45:00+00:00,230.14000000000004,231.07000000000005,228.54000000000005,228.55000000000004,6379
2026-05-14T14:00:00+00:00,228.55000000000004,230.23000000000005,228.48000000000005,229.60000000000005,5270
2026-05-14T14:15:00+00:00,229.60000000000005,231.98000000000005,229.48000000000005,230.88000000000005,5374
2026-05-14T14:30:00+00:00,230.88000000000005,233.54000000000005,230.72000000000006,233.47000000000006,5489
2026-05-14T14:45:00+00:00,233.47000000000006,233.91000000000005,231.99000000000004,232.42000000000004,5133
2026-05-14T15:00:00+00:00,232.42000000000004,233.22000000000006,231.92000000000004,232.67000000000004,4071
2026-05-14T15:15:00+00:00,232.67000000000004,233.44000000000005,232.40000000000006,232.91000000000005,3582
2026-05-14T15:30:00+00:00,232.91000000000005,234.33000000000004,232.80000000000004,233.99000000000004,4624
2026-05-14T15:45:00+00:00,233.99000000000004,234.11000000000004,232.73000000000005,232.75000000000006,3790
2026-05-14T16:00:00+00:00,232.75000000000006,233.87000000000006,232.59000000000006,233.37000000000006,3138
2026-05-14T16:15:00+00:00,233.37000000000006,233.69000000000005,232.43000000000004,232.61000000000004,3658
2026-05-14T16:30:00+00:00,232.61000000000004,233.19000000000005,232.31000000000006,232.81000000000006,3696
2026-05-14T16:45:00+00:00,232.81000000000006,233.67000000000004,232.62000000000006,233.38000000000005,3340
2026-05-14T17:00:00+00:00,233.38000000000005,233.79000000000005,231.43000000000004,231.54000000000005,4388
2026-05-14T17:15:00+00:00,231.54000000000005,232.02000000000004,230.55000000000004,231.96000000000004,5731
2026-05-14T17:30:00+00:00,231.96000000000004,232.19000000000005,231.61000000000004,231.84000000000006,3842
2026-05-14T17:45:00+00:00,231.84000000000006,232.84000000000006,231.80000000000004,232.60000000000005,3123
2026-05-14T18:00:00+00:00,232.60000000000005,232.72000000000006,231.68000000000004,232.70000000000005,4425
2026-05-14T18:15:00+00:00,232.70000000000005,233.45000000000005,232.65000000000006,233.39000000000004,3331
2026-05-14T18:30:00+00:00,233.39000000000004,233.74000000000004,232.97000000000006,233.23000000000005,3125
2026-05-14T18:45:00+00:00,233.23000000000005,234.30000000000004,232.98000000000005,233.94000000000005,2748
2026-05-14T19:00:00+00:00,233.94000000000005,234.42000000000004,233.56000000000006,233.75000000000006,3104
2026-05-14T19:15:00+00:00,233.75000000000006,233.91000000000005,233.28000000000006,233.50000000000006,3006
2026-05-14T19:30:00+00:00,233.50000000000006,233.61000000000004,233.03000000000006,233.29000000000005,3044
2026-05-14T19:45:00+00:00,233.29000000000005,233.91000000000005,233.00000000000006,233.65000000000006,5141
2026-05-15T13:30:00+00:00,233.65000000000006,233.65000000000006,222.92000000000004,224.02000000000004,8864
2026-05-15T13:45:00+00:00,224.02000000000004,225.21000000000004,222.19000000000005,223.01000000000005,8606
2026-05-15T14:00:00+00:00,223.01000000000005,225.74000000000004,222.78000000000006,225.69000000000005,7306
2026-05-15T14:15:00+00:00,225.69000000000005,226.55000000000004,224.36000000000004,224.52000000000004,7144
2026-05-15T14:30:00+00:00,224.52000000000004,225.64000000000004,224.43000000000004,225.51000000000005,5944
2026-05-15T14:45:00+00:00,225.51000000000005,225.53000000000006,223.75000000000006,223.91000000000005,5803.980514587146
2026-05-15T15:00:00+00:00,223.91000000000005,224.68000000000006,223.51000000000008,224.27000000000007,5716
2026-05-15T15:15:00+00:00,224.27000000000007,225.72000000000006,224.23000000000008,225.56000000000006,4660
2026-05-15T15:30:00+00:00,225.56000000000006,226.98000000000008,225.41000000000005,225.99000000000007,5522
2026-05-15T15:45:00+00:00,225.99000000000007,226.32000000000008,225.26000000000008,225.93000000000006,5152
2026-05-15T16:00:00+00:00,225.93000000000006,226.31000000000006,225.02000000000007,225.46000000000006,4637
2026-05-15T16:15:00+00:00,225.46000000000006,226.17000000000007,224.88000000000005,226.06000000000006,3981
2026-05-15T16:30:00+00:00,226.06000000000006,226.33000000000007,225.49000000000007,226.30000000000007,3560
2026-05-15T16:45:00+00:00,226.30000000000007,226.42000000000007,225.44000000000005,225.71000000000006,3520
2026-05-15T17:00:00+00:00,225.71000000000006,226.35000000000008,225.54000000000008,226.30000000000007,3114
2026-05-15T17:15:00+00:00,226.30000000000007,227.12000000000006,226.02000000000007,227.00000000000006,3014
2026-05-15T17:30:00+00:00,227.00000000000006,228.16000000000005,226.95000000000007,227.96000000000006,3532
2026-05-15T17:45:00+00:00,227.96000000000006,228.73000000000008,227.68000000000006,228.66000000000005,3171
2026-05-15T18:00:00+00:00,228.66000000000005,229.32000000000008,228.44000000000005,228.86000000000007,3760
2026-05-15T18:15:00+00:00,228.86000000000007,228.93000000000006,227.44000000000005,227.65000000000006,4225
2026-05-15T18:30:00+00:00,227.65000000000006,227.67000000000007,226.45000000000007,226.49000000000007,4251
2026-05-15T18:45:00+00:00,226.49000000000007,226.94000000000005,225.96000000000006,226.79000000000008,3413
2026-05-15T19:00:00+00:00,226.79000000000008,226.92000000000007,225.22000000000006,225.79000000000008,3903
2026-05-15T19:15:00+00:00,225.79000000000008,225.94000000000005,224.53000000000006,224.84000000000006,4258
2026-05-15T19:30:00+00:00,224.84000000000006,225.37000000000006,224.72000000000006,224.95000000000007,3969
2026-05-15T19:45:00+00:00,224.95000000000007,225.01000000000008,222.75000000000006,223.15000000000006,7433
2026-05-18T13:30:00+00:00,223.15000000000006,227.78000000000006,222.10000000000008,222.10000000000008,8588
2026-05-18T13:45:00+00:00,222.10000000000008,224.28000000000006,221.39000000000007,223.29000000000008,10101
2026-05-18T14:00:00+00:00,223.29000000000008,224.08000000000007,222.02000000000007,222.60000000000008,8162
2026-05-18T14:15:00+00:00,222.60000000000008,223.22000000000006,220.24000000000007,220.64000000000007,7385
2026-05-18T14:30:00+00:00,220.64000000000007,221.02000000000007,218.47000000000006,219.93000000000006,9305
2026-05-18T14:45:00+00:00,219.93000000000006,220.35000000000008,218.23000000000008,219.97000000000006,8036
2026-05-18T15:00:00+00:00,219.97000000000006,221.21000000000006,219.78000000000006,221.00000000000006,6614
2026-05-18T15:15:00+00:00,221.00000000000006,221.00000000000006,219.49000000000007,219.52000000000007,5822
2026-05-18T15:30:00+00:00,219.52000000000007,221.16000000000005,219.35000000000008,220.11000000000007,5472
2026-05-18T15:45:00+00:00,220.11000000000007,220.84000000000006,219.70000000000007,220.36000000000007,4466
2026-05-18T16:00:00+00:00,220.36000000000007,220.50000000000006,219.32000000000008,220.25000000000006,4349
2026-05-18T16:15:00+00:00,220.25000000000006,220.98000000000008,218.07000000000008,218.21000000000006,5238
2026-05-18T16:30:00+00:00,218.21000000000006,219.05000000000007,217.44000000000005,218.75000000000006,5494
2026-05-18T16:45:00+00:00,218.75000000000006,220.27000000000007,218.18000000000006,219.92000000000007,4711
2026-05-18T17:00:00+00:00,219.92000000000007,220.35000000000008,219.08000000000007,219.10000000000008,3968
2026-05-18T17:15:00+00:00,219.10000000000008,219.30000000000007,218.55000000000007,219.26000000000008,4091
2026-05-18T17:30:00+00:00,219.26000000000008,219.67000000000007,218.84000000000006,219.48000000000008,3996
2026-05-18T17:45:00+00:00,219.48000000000008,219.57000000000008,218.68000000000006,219.32000000000008,3639
2026-05-18T18:00:00+00:00,219.32000000000008,219.33000000000007,217.82000000000008,217.84000000000006,4493
2026-05-18T18:15:00+00:00,217.84000000000006,217.96000000000006,217.04000000000008,217.75000000000006,5090
2026-05-18T18:30:00+00:00,217.75000000000006,218.28000000000006,216.93000000000006,217.32000000000008,4684
2026-05-18T18:45:00+00:00,217.32000000000008,217.62000000000006,216.21000000000006,217.41000000000005,4828
2026-05-18T19:00:00+00:00,217.41000000000005,219.46000000000006,217.36000000000007,218.18000000000006,6390
2026-05-18T19:15:00+00:00,218.18000000000006,218.45000000000007,217.59000000000006,217.99000000000007,4933
2026-05-18T19:30:00+00:00,217.99000000000007,219.60000000000008,217.94000000000005,219.57000000000008,5362
2026-05-18T19:45:00+00:00,219.57000000000008,220.22000000000006,219.32000000000008,220.20000000000007,6141
2026-05-19T13:30:00+00:00,220.20000000000007,221.13000000000005,217.32000000000008,219.46000000000006,7471
2026-05-19T13:45:00+00:00,219.46000000000006,220.59000000000006,217.99000000000007,218.66000000000005,7594
2026-05-19T14:00:00+00:00,218.66000000000005,218.69000000000005,216.33000000000007,216.48000000000008,8197
2026-05-19T14:15:00+00:00,216.48000000000008,217.07000000000008,215.74000000000007,216.36000000000007,7837
2026-05-19T14:30:00+00:00,216.36000000000007,217.94000000000005,215.97000000000006,216.89000000000007,6659
2026-05-19T14:45:00+00:00,216.89000000000007,218.85000000000008,216.53000000000006,218.78000000000006,6281
2026-05-19T15:00:00+00:00,218.78000000000006,219.30000000000007,217.84000000000006,218.83000000000007,5810
2026-05-19T15:15:00+00:00,218.83000000000007,219.41000000000005,217.85000000000008,218.32000000000008,5378
2026-05-19T15:30:00+00:00,218.32000000000008,219.82000000000008,218.14000000000007,219.50000000000006,5212
2026-05-19T15:45:00+00:00,219.50000000000006,219.61000000000007,218.02000000000007,218.49000000000007,5055
2026-05-19T16:00:00+00:00,218.49000000000007,219.13000000000005,218.11000000000007,218.24000000000007,4727
2026-05-19T16:15:00+00:00,218.24000000000007,219.81000000000006,218.13000000000005,219.72000000000006,4299
2026-05-19T16:30:00+00:00,219.72000000000006,220.95000000000007,219.56000000000006,220.94000000000005,4836
2026-05-19T16:45:00+00:00,220.94000000000005,221.22000000000006,220.28000000000006,220.91000000000005,4242
2026-05-19T17:00:00+00:00,220.91000000000005,221.72000000000006,220.82000000000008,221.63000000000005,4054
2026-05-19T17:15:00+00:00,221.63000000000005,222.31000000000006,220.92000000000007,221.17000000000007,4406
2026-05-19T17:30:00+00:00,221.17000000000007,221.95000000000007,221.13000000000005,221.58000000000007,4092
2026-05-19T17:45:00+00:00,221.58000000000007,221.63000000000005,219.88000000000005,220.92000000000007,4336
2026-05-19T18:00:00+00:00,220.92000000000007,221.48000000000008,220.77000000000007,221.14000000000007,3519
2026-05-19T18:15:00+00:00,221.14000000000007,221.28000000000006,220.05000000000007,220.47000000000006,4225
2026-05-19T18:30:00+00:00,220.47000000000006,220.89000000000007,220.12000000000006,220.48000000000008,3627
2026-05-19T18:45:00+00:00,220.48000000000008,220.95000000000007,220.00000000000006,220.30000000000007,4397
2026-05-19T19:00:00+00:00,220.30000000000007,220.59000000000006,219.68000000000006,220.40000000000006,4549
2026-05-19T19:15:00+00:00,220.40000000000006,220.49000000000007,218.98000000000008,219.72000000000006,5041
2026-05-19T19:30:00+00:00,219.72000000000006,220.32000000000008,219.18000000000006,219.26000000000008,4857
2026-05-19T19:45:00+00:00,219.26000000000008,219.41000000000005,216.83000000000007,218.52000000000007,6877
2026-05-20T13:30:00+00:00,218.52000000000007,220.99000000000007,218.32000000000008,219.75000000000006,7942
2026-05-20T13:45:00+00:00,219.75000000000006,220.15000000000006,218.60000000000008,219.77000000000007,7306
2026-05-20T14:00:00+00:00,219.77000000000007,221.88000000000005,219.55000000000007,221.46000000000006,7382
2026-05-20T14:15:00+00:00,221.46000000000006,222.88000000000005,221.05000000000007,222.15000000000006,8632
2026-05-20T14:30:00+00:00,222.15000000000006,223.12000000000006,221.99000000000007,222.70000000000007,6383
2026-05-20T14:45:00+00:00,222.70000000000007,223.02000000000007,221.69000000000005,222.50000000000006,5113.402461923639
2026-05-20T15:00:00+00:00,222.50000000000006,223.05000000000007,222.00000000000006,223.02000000000007,4241
2026-05-20T15:15:00+00:00,223.02000000000007,223.88000000000005,222.73000000000005,223.00000000000006,6623
2026-05-20T15:30:00+00:00,223.00000000000006,223.39000000000004,222.44000000000005,222.94000000000005,3820
2026-05-20T15:45:00+00:00,222.94000000000005,223.10000000000005,222.31000000000006,222.71000000000006,3200
2026-05-20T16:00:00+00:00,222.71000000000006,223.06000000000006,222.49000000000007,222.51000000000005,3105
2026-05-20T16:15:00+00:00,222.51000000000005,222.53000000000006,221.59000000000006,222.00000000000006,4698
2026-05-20T16:30:00+00:00,222.00000000000006,222.78000000000006,221.95000000000005,222.66000000000005,4099
2026-05-20T16:45:00+00:00,222.66000000000005,222.67000000000004,221.85000000000005,222.38000000000005,3470
2026-05-20T17:00:00+00:00,222.38000000000005,222.76000000000005,222.20000000000005,222.67000000000004,3296
2026-05-20T17:15:00+00:00,222.67000000000004,222.88000000000005,222.33000000000004,222.70000000000005,3141
2026-05-20T17:30:00+00:00,222.70000000000005,222.92000000000004,222.25000000000006,222.30000000000007,2902
2026-05-20T17:45:00+00:00,222.30000000000007,222.40000000000006,221.96000000000006,222.26000000000005,2265
2026-05-20T18:00:00+00:00,222.26000000000005,222.66000000000005,222.00000000000006,222.09000000000006,2788
2026-05-20T18:15:00+00:00,222.09000000000006,222.26000000000005,221.62000000000006,222.03000000000006,2456
2026-05-20T18:30:00+00:00,222.03000000000006,222.09000000000006,220.57000000000005,220.58000000000004,2608
2026-05-20T18:45:00+00:00,220.58000000000004,220.81000000000006,219.80000000000007,220.52000000000007,3347
2026-05-20T19:00:00+00:00,220.52000000000007,220.71000000000006,220.10000000000005,220.59000000000006,3244
2026-05-20T19:15:00+00:00,220.59000000000006,220.69000000000005,220.18000000000006,220.64000000000004,2776
2026-05-20T19:30:00+00:00,220.64000000000004,221.24000000000007,220.38000000000005,221.21000000000006,3481
2026-05-20T19:45:00+00:00,221.21000000000006,221.43000000000006,220.63000000000005,221.19000000000005,4670
2026-05-21T13:30:00+00:00,221.19000000000005,225.10000000000005,218.13000000000005,221.64000000000004,9579
2026-05-21T13:45:00+00:00,221.64000000000004,222.41000000000005,219.08000000000004,220.01000000000005,7778
2026-05-21T14:00:00+00:00,220.01000000000005,222.51000000000005,219.89000000000004,220.50000000000006,7600
2026-05-21T14:15:00+00:00,220.50000000000006,220.51000000000005,216.13000000000005,216.70000000000005,9543
2026-05-21T14:30:00+00:00,216.70000000000005,217.64000000000004,215.70000000000005,217.17000000000004,8174
2026-05-21T14:45:00+00:00,217.17000000000004,217.50000000000006,216.22000000000006,217.13000000000005,6370
2026-05-21T15:00:00+00:00,217.13000000000005,217.86000000000004,215.83000000000004,217.03000000000006,6686
2026-05-21T15:15:00+00:00,217.03000000000006,217.28000000000006,216.48000000000005,216.63000000000005,5261
2026-05-21T15:30:00+00:00,216.63000000000005,217.48000000000005,216.11000000000004,217.36000000000004,5101
2026-05-21T15:45:00+00:00,217.36000000000004,218.10000000000005,217.13000000000005,217.18000000000006,4165
2026-05-21T16:00:00+00:00,217.18000000000006,217.85000000000005,217.12000000000006,217.21000000000006,4176
2026-05-21T16:15:00+00:00,217.21000000000006,217.50000000000006,216.64000000000004,217.31000000000006,3830
2026-05-21T16:30:00+00:00,217.31000000000006,217.61000000000004,216.99000000000007,217.23000000000005,3387
2026-05-21T16:45:00+00:00,217.23000000000005,217.96000000000006,216.70000000000005,217.91000000000005,3026
2026-05-21T17:00:00+00:00,217.91000000000005,218.68000000000006,217.71000000000006,218.44000000000005,4258
2026-05-21T17:15:00+00:00,218.44000000000005,220.14000000000004,218.36000000000004,218.87000000000006,6213
2026-05-21T17:30:00+00:00,218.87000000000006,219.60000000000005,218.83000000000004,219.48000000000005,4070
2026-05-21T17:45:00+00:00,219.48000000000005,219.62000000000006,218.64000000000004,218.68000000000006,3925
2026-05-21T18:00:00+00:00,218.68000000000006,219.24000000000007,217.83000000000004,217.86000000000004,4558
2026-05-21T18:15:00+00:00,217.86000000000004,218.25000000000006,217.55000000000007,218.00000000000006,3953
2026-05-21T18:30:00+00:00,218.00000000000006,218.12000000000006,217.46000000000006,217.67000000000004,3136
2026-05-21T18:45:00+00:00,217.67000000000004,217.89000000000004,216.39000000000004,216.84000000000006,5925
2026-05-21T19:00:00+00:00,216.84000000000006,217.65000000000006,216.65000000000006,217.64000000000004,4538
2026-05-21T19:15:00+00:00,217.64000000000004,218.22000000000006,217.49000000000007,218.10000000000005,3286
2026-05-21T19:30:00+00:00,218.10000000000005,218.40000000000006,217.74000000000007,217.78000000000006,3515
2026-05-21T19:45:00+00:00,217.78000000000006,218.02000000000007,216.96000000000006,217.26000000000005,5994
2026-05-22T13:30:00+00:00,217.26000000000005,218.68000000000006,216.05000000000007,216.95000000000005,8098
2026-05-22T13:45:00+00:00,216.95000000000005,217.24000000000007,214.97000000000006,215.66000000000005,7483
2026-05-22T14:00:00+00:00,215.66000000000005,215.66000000000005,213.25000000000006,214.32000000000005,8101
2026-05-22T14:15:00+00:00,214.32000000000005,214.60000000000005,212.93000000000006,214.09000000000006,6900
2026-05-22T14:30:00+00:00,214.09000000000006,214.89000000000004,213.78000000000006,214.61000000000004,5072
2026-05-22T14:45:00+00:00,214.61000000000004,215.19000000000005,214.17000000000004,214.95000000000005,4560.844044746655
2026-05-22T15:00:00+00:00,214.95000000000005,215.46000000000004,214.82000000000005,215.22000000000006,3967
2026-05-22T15:15:00+00:00,215.22000000000006,216.05000000000004,215.10000000000005,215.91000000000005,3481
2026-05-22T15:30:00+00:00,215.91000000000005,216.08000000000004,215.20000000000005,215.26000000000005,3123
2026-05-22T15:45:00+00:00,215.26000000000005,215.46000000000004,214.60000000000005,215.06000000000003,2735
2026-05-22T16:00:00+00:00,215.06000000000003,215.32000000000005,214.47000000000006,214.99000000000004,2860
2026-05-22T16:15:00+00:00,214.99000000000004,215.02000000000004,214.54000000000005,214.87000000000003,2771
2026-05-22T16:30:00+00:00,214.87000000000003,214.96000000000004,214.16000000000005,214.31000000000003,2602
2026-05-22T16:45:00+00:00,214.31000000000003,214.89000000000004,214.29000000000005,214.85000000000005,2247
2026-05-22T17:00:00+00:00,214.85000000000005,215.58000000000004,214.85000000000005,215.38000000000005,2218
2026-05-22T17:15:00+00:00,215.38000000000005,216.24000000000004,215.18000000000004,215.97000000000006,3169
2026-05-22T17:30:00+00:00,215.97000000000006,216.03000000000006,214.53000000000006,214.57000000000005,3212
2026-05-22T17:45:00+00:00,214.57000000000005,214.66000000000005,213.48000000000005,213.94000000000005,2996
2026-05-22T18:00:00+00:00,213.94000000000005,214.15000000000003,213.51000000000005,213.99000000000004,2349
2026-05-22T18:15:00+00:00,213.99000000000004,214.01000000000005,213.20000000000005,213.79000000000005,2240
2026-05-22T18:30:00+00:00,213.79000000000005,213.85000000000005,213.18000000000004,213.74000000000004,2349
2026-05-22T18:45:00+00:00,213.74000000000004,213.96000000000004,213.49000000000004,213.73000000000005,2179
2026-05-22T19:00:00+00:00,213.73000000000005,214.07000000000005,212.91000000000005,212.95000000000005,3239
2026-05-22T19:15:00+00:00,212.95000000000005,213.34000000000003,212.59000000000003,213.07000000000005,3363
2026-05-22T19:30:00+00:00,213.07000000000005,213.51000000000005,212.87000000000003,213.25000000000006,3295
2026-05-22T19:45:00+00:00,213.25000000000006,213.69000000000005,212.95000000000005,212.99000000000004,4612
2026-05-26T13:30:00+00:00,212.99000000000004,215.20000000000005,212.58000000000004,214.17000000000004,8074
2026-05-26T13:45:00+00:00,214.17000000000004,214.77000000000004,212.63000000000005,213.08000000000004,7014
2026-05-26T14:00:00+00:00,213.08000000000004,214.03000000000006,212.02000000000004,213.95000000000005,5717
2026-05-26T14:15:00+00:00,213.95000000000005,215.46000000000004,213.34000000000003,215.34000000000003,5252
2026-05-26T14:30:00+00:00,215.34000000000003,215.92000000000004,214.21000000000004,214.88000000000005,5297
2026-05-26T14:45:00+00:00,214.88000000000005,215.52000000000004,213.23000000000005,213.28000000000006,4430
2026-05-26T15:00:00+00:00,213.28000000000006,213.64000000000004,211.35000000000005,212.16000000000005,5195
2026-05-26T15:15:00+00:00,212.16000000000005,212.49000000000004,211.60000000000005,212.17000000000004,4451
2026-05-26T15:30:00+00:00,212.17000000000004,212.51000000000005,211.17000000000004,211.22000000000006,4287
2026-05-26T15:45:00+00:00,211.22000000000006,211.54000000000005,210.27000000000004,210.94000000000005,4696
2026-05-26T16:00:00+00:00,210.94000000000005,211.40000000000003,210.12000000000003,210.15000000000003,3548
2026-05-26T16:15:00+00:00,210.15000000000003,210.90000000000003,209.75000000000006,210.86000000000004,3077
2026-05-26T16:30:00+00:00,210.86000000000004,211.19000000000005,210.63000000000005,210.94000000000005,2679
2026-05-26T16:45:00+00:00,210.94000000000005,211.69000000000005,210.88000000000005,211.37000000000003,2786
2026-05-26T17:00:00+00:00,211.37000000000003,211.87000000000003,211.33000000000004,211.60000000000005,1984
2026-05-26T17:15:00+00:00,211.60000000000005,211.63000000000005,211.02000000000004,211.37000000000003,2395
2026-05-26T17:30:00+00:00,211.37000000000003,211.54000000000005,210.65000000000003,211.17000000000004,2145
2026-05-26T17:45:00+00:00,211.17000000000004,211.63000000000005,210.71000000000004,210.84000000000003,1733
2026-05-26T18:00:00+00:00,210.84000000000003,211.66000000000005,210.65000000000003,211.50000000000006,2154
2026-05-26T18:15:00+00:00,211.50000000000006,212.20000000000005,211.44000000000005,211.65000000000003,2102
2026-05-26T18:30:00+00:00,211.65000000000003,211.78000000000006,211.05000000000004,211.13000000000005,2200
2026-05-26T18:45:00+00:00,211.13000000000005,211.41000000000005,210.88000000000005,211.01000000000005,2231
2026-05-26T19:00:00+00:00,211.01000000000005,211.41000000000005,210.59000000000003,210.76000000000005,2630
2026-05-26T19:15:00+00:00,210.76000000000005,211.44000000000005,210.70000000000005,211.39000000000004,2434
2026-05-26T19:30:00+00:00,211.39000000000004,212.31000000000003,211.20000000000005,212.01000000000005,2662
2026-05-26T19:45:00+00:00,212.01000000000005,212.63000000000005,211.77000000000004,212.59000000000003,3750
2026-05-27T13:30:00+00:00,212.59000000000003,212.59000000000003,208.46000000000004,208.64000000000004,9207
2026-05-27T13:45:00+00:00,208.64000000000004,209.73000000000005,208.04000000000005,209.07000000000005,8074
2026-05-27T14:00:00+00:00,209.07000000000005,209.36000000000004,208.05000000000004,208.49000000000004,6212
2026-05-27T14:15:00+00:00,208.49000000000004,208.54000000000005,207.23000000000005,207.66000000000005,7081
2026-05-27T14:30:00+00:00,207.66000000000005,207.91000000000005,207.08000000000004,207.18000000000004,5973
2026-05-27T14:45:00+00:00,207.18000000000004,208.14000000000004,206.71000000000004,206.73000000000002,5208.332010273173
2026-05-27T15:00:00+00:00,206.73000000000002,207.51000000000002,206.52000000000004,207.23000000000002,4619
2026-05-27T15:15:00+00:00,207.23000000000002,207.58,206.78000000000003,207.53000000000003,4467
2026-05-27T15:30:00+00:00,207.53000000000003,207.96000000000004,207.07000000000002,207.36,4027
2026-05-27T15:45:00+00:00,207.36,207.83,207.09000000000003,207.56000000000003,3696
2026-05-27T16:00:00+00:00,207.56000000000003,208.81000000000003,207.31000000000003,208.65000000000003,3383
2026-05-27T16:15:00+00:00,208.65000000000003,208.82000000000002,208.13000000000002,208.43000000000004,2704
2026-05-27T16:30:00+00:00,208.43000000000004,209.37000000000003,208.05,209.33,2632
2026-05-27T16:45:00+00:00,209.33,209.86,208.98000000000002,209.35000000000002,2813
2026-05-27T17:00:00+00:00,209.35000000000002,209.46000000000004,208.47000000000003,208.75000000000003,3041
2026-05-27T17:15:00+00:00,208.75000000000003,209.81000000000003,208.71000000000004,209.73000000000002,2311
2026-05-27T17:30:00+00:00,209.73000000000002,210.32000000000002,209.54000000000002,209.57000000000002,2757
2026-05-27T17:45:00+00:00,209.57000000000002,210.41000000000003,209.52000000000004,210.01000000000002,2498
2026-05-27T18:00:00+00:00,210.01000000000002,210.74000000000004,209.86,210.60000000000002,2419
2026-05-27T18:15:00+00:00,210.60000000000002,211.03000000000003,210.44000000000003,210.92000000000002,2258
2026-05-27T18:30:00+00:00,210.92000000000002,211.06000000000003,210.45000000000002,210.68000000000004,2243
2026-05-27T18:45:00+00:00,210.68000000000004,210.99000000000004,210.49000000000004,210.55,2074
2026-05-27T19:00:00+00:00,210.55,211.03000000000003,210.29000000000002,210.64000000000001,2314
2026-05-27T19:15:00+00:00,210.64000000000001,210.66000000000003,209.86,210.20000000000002,2456
2026-05-27T19:30:00+00:00,210.20000000000002,210.82000000000002,209.90000000000003,210.8,2435
2026-05-27T19:45:00+00:00,210.8,210.99000000000004,209.92000000000002,210.37000000000003,4110
2026-05-28T13:30:00+00:00,210.37000000000003,212.00000000000003,208.94000000000003,210.96000000000004,7815
2026-05-28T13:45:00+00:00,210.96000000000004,211.14000000000001,209.44000000000003,210.55,6298
2026-05-28T14:00:00+00:00,210.55,211.26000000000002,209.87000000000003,211.08,6511
2026-05-28T14:15:00+00:00,211.08,212.02000000000004,209.91000000000003,210.17000000000002,5530
2026-05-28T14:30:00+00:00,210.17000000000002,210.39000000000001,209.44000000000003,209.77000000000004,4405
2026-05-28T14:45:00+00:00,209.77000000000004,210.16000000000003,209.25000000000003,210.01000000000002,3758
2026-05-28T15:00:00+00:00,210.01000000000002,210.51000000000002,209.82000000000002,210.04000000000002,3227
2026-05-28T15:15:00+00:00,210.04000000000002,210.87000000000003,209.89000000000001,210.40000000000003,2907
2026-05-28T15:30:00+00:00,210.40000000000003,210.89000000000001,210.17000000000002,210.71000000000004,2671
2026-05-28T15:45:00+00:00,210.71000000000004,211.05,210.00000000000003,210.00000000000003,2334
2026-05-28T16:00:00+00:00,210.00000000000003,210.45000000000002,209.84000000000003,210.40000000000003,2243
2026-05-28T16:15:00+00:00,210.40000000000003,211.05,210.22000000000003,210.74000000000004,2200
2026-05-28T16:30:00+00:00,210.74000000000004,211.43000000000004,210.18000000000004,211.35000000000002,2048
2026-05-28T16:45:00+00:00,211.35000000000002,211.64000000000001,210.88000000000002,211.36,1970
2026-05-28T17:00:00+00:00,211.36,211.69000000000003,211.00000000000003,211.28000000000003,1817
2026-05-28T17:15:00+00:00,211.28000000000003,211.44000000000003,210.91000000000003,210.94000000000003,1642
2026-05-28T17:30:00+00:00,210.94000000000003,211.40000000000003,210.69000000000003,211.27000000000004,1783
2026-05-28T17:45:00+00:00,211.27000000000004,213.25000000000003,211.13000000000002,212.82000000000002,2777
2026-05-28T18:00:00+00:00,212.82000000000002,213.11,211.95000000000002,212.10000000000002,2605
2026-05-28T18:15:00+00:00,212.10000000000002,212.53000000000003,211.91000000000003,212.11,2140
2026-05-28T18:30:00+00:00,212.11,212.60000000000002,211.91000000000003,212.49000000000004,2060
2026-05-28T18:45:00+00:00,212.49000000000004,212.61,212.07000000000002,212.11,2250
2026-05-28T19:00:00+00:00,212.11,212.32000000000002,211.59000000000003,211.96000000000004,2117
2026-05-28T19:15:00+00:00,211.96000000000004,212.03000000000003,211.64000000000001,211.84000000000003,1927
2026-05-28T19:30:00+00:00,211.84000000000003,212.18000000000004,211.58,211.96000000000004,1856
2026-05-28T19:45:00+00:00,211.96000000000004,212.24000000000004,211.51000000000002,212.02000000000004,2991
2026-05-29T13:30:00+00:00,212.02000000000004,213.89000000000001,210.56000000000003,213.76000000000002,7177
2026-05-29T13:45:00+00:00,213.76000000000002,214.87000000000003,212.79000000000002,214.84000000000003,6261
2026-05-29T14:00:00+00:00,214.84000000000003,215.00000000000003,213.53000000000003,213.99000000000004,6169
2026-05-29T14:15:00+00:00,213.99000000000004,215.06000000000003,212.76000000000002,213.65000000000003,6820
2026-05-29T14:30:00+00:00,213.65000000000003,214.16000000000003,212.11,212.21000000000004,6531
2026-05-29T14:45:00+00:00,212.21000000000004,213.64000000000001,212.10000000000002,212.97000000000003,6466.804304828389
2026-05-29T15:00:00+00:00,212.97000000000003,214.81000000000003,212.68,214.76000000000002,4737
2026-05-29T15:15:00+00:00,214.76000000000002,214.79000000000002,212.71,213.20000000000002,4303
2026-05-29T15:30:00+00:00,213.20000000000002,213.58,212.75000000000003,212.85000000000002,3288
2026-05-29T15:45:00+00:00,212.85000000000002,213.41000000000003,212.59000000000003,212.82000000000002,2802
2026-05-29T16:00:00+00:00,212.82000000000002,214.92000000000002,212.81000000000003,214.46,3021
2026-05-29T16:15:00+00:00,214.46,214.58,213.68,213.8,2347
2026-05-29T16:30:00+00:00,213.8,215.32000000000002,213.59000000000003,214.88000000000002,3062
2026-05-29T16:45:00+00:00,214.88000000000002,215.05,214.09000000000003,214.43,2154
2026-05-29T17:00:00+00:00,214.43,214.86,214.12,214.58,1838
2026-05-29T17:15:00+00:00,214.58,214.70000000000002,213.94000000000003,214.08,1999
2026-05-29T17:30:00+00:00,214.08,214.11,213.79000000000002,213.95000000000002,1865
2026-05-29T17:45:00+00:00,213.95000000000002,214.17000000000002,213.21,213.3,2048
2026-05-29T18:00:00+00:00,213.3,213.87,213.09000000000003,213.4,2536
2026-05-29T18:15:00+00:00,213.4,214.84000000000003,213.39000000000001,214.78000000000003,2124
2026-05-29T18:30:00+00:00,214.78000000000003,215.28000000000003,214.25000000000003,215.12,2977
2026-05-29T18:45:00+00:00,215.12,215.14000000000001,214.32000000000002,214.52,3162
2026-05-29T19:00:00+00:00,214.52,215.63000000000002,214.47000000000003,215.41000000000003,2654
2026-05-29T19:15:00+00:00,215.41000000000003,215.53000000000003,214.62,214.81000000000003,2357
2026-05-29T19:30:00+00:00,214.81000000000003,215.26000000000002,214.67000000000002,214.91000000000003,2428
2026-05-29T19:45:00+00:00,214.91000000000003,214.96,208.97000000000003,209.22000000000003,8534
2026-06-01T13:30:00+00:00,209.22000000000003,218.54000000000002,209.22000000000003,216.87,9774
2026-06-01T13:45:00+00:00,216.87,218.65,216.66000000000003,216.96,7326
2026-06-01T14:00:00+00:00,216.96,218.74,216.37,218.43,6319
2026-06-01T14:15:00+00:00,218.43,219.98000000000002,218.33,219.18,6467
2026-06-01T14:30:00+00:00,219.18,219.89000000000001,218.06000000000003,218.25000000000003,5482
2026-06-01T14:45:00+00:00,218.25000000000003,218.71,217.11,217.42000000000002,4624
2026-06-01T15:00:00+00:00,217.42000000000002,217.67000000000002,216.82000000000002,216.91000000000003,4630
2026-06-01T15:15:00+00:00,216.91000000000003,218.09000000000003,216.81000000000003,217.23000000000002,4170
2026-06-01T15:30:00+00:00,217.23000000000002,218.47000000000003,217.15,217.91000000000003,4995
2026-06-01T15:45:00+00:00,217.91000000000003,218.11,217.37,217.47000000000003,2632
2026-06-01T16:00:00+00:00,217.47000000000003,218.36,217.42000000000002,218.22000000000003,3083
2026-06-01T16:15:00+00:00,218.22000000000003,220.17000000000002,218.18,219.75000000000003,3521
2026-06-01T16:30:00+00:00,219.75000000000003,220.19000000000003,218.82000000000002,219.29000000000002,3753
2026-06-01T16:45:00+00:00,219.29000000000002,220.15,218.97000000000003,219.89000000000001,3325
2026-06-01T17:00:00+00:00,219.89000000000001,220.05,219.3,219.50000000000003,2977
2026-06-01T17:15:00+00:00,219.50000000000003,219.79000000000002,219.16000000000003,219.77,2150
2026-06-01T17:30:00+00:00,219.77,221.18,219.34000000000003,220.93,4030
2026-06-01T17:45:00+00:00,220.93,221.84000000000003,220.67000000000002,221.35000000000002,3259
2026-06-01T18:00:00+00:00,221.35000000000002,222.26000000000002,220.89000000000001,221.02,3516
2026-06-01T18:15:00+00:00,221.02,222.46,220.95000000000002,222.42000000000002,2655
2026-06-01T18:30:00+00:00,222.42000000000002,222.60000000000002,221.84000000000003,222.35000000000002,2548
2026-06-01T18:45:00+00:00,222.35000000000002,222.58,221.58,221.8,2293
2026-06-01T19:00:00+00:00,221.8,222.67000000000002,221.77,222.51000000000002,2555
2026-06-01T19:15:00+00:00,222.51000000000002,222.53000000000003,221.48000000000002,221.81000000000003,2730
2026-06-01T19:30:00+00:00,221.81000000000003,221.86,220.98000000000002,221.37,2988
2026-06-01T19:45:00+00:00,221.37,222.24,220.20000000000002,222.20000000000002,4722
2026-06-02T13:30:00+00:00,222.20000000000002,225.28000000000003,222.20000000000002,224.37,8406
2026-06-02T13:45:00+00:00,224.37,230.08,224.23000000000002,229.18,9016
2026-06-02T14:00:00+00:00,229.18,229.45000000000002,226.88000000000002,227.56000000000003,7099
2026-06-02T14:15:00+00:00,227.56000000000003,227.89000000000001,226.14000000000001,226.27,6125
2026-06-02T14:30:00+00:00,226.27,226.77,224.65,224.81000000000003,5428
2026-06-02T14:45:00+00:00,224.81000000000003,225.16000000000003,223.16000000000003,223.93,5355
2026-06-02T15:00:00+00:00,223.93,224.94000000000003,223.8,224.53000000000003,4586
2026-06-02T15:15:00+00:00,224.53000000000003,224.72000000000003,223.47000000000003,223.71,3419
2026-06-02T15:30:00+00:00,223.71,224.68,223.17000000000002,223.34000000000003,3394
2026-06-02T15:45:00+00:00,223.34000000000003,223.81000000000003,222.53000000000003,223.26000000000002,3275
2026-06-02T16:00:00+00:00,223.26000000000002,223.76000000000002,222.97000000000003,223.44000000000003,3003
2026-06-02T16:15:00+00:00,223.44000000000003,223.45000000000002,221.96,222.64000000000001,3164
2026-06-02T16:30:00+00:00,222.64000000000001,223.37,222.48000000000002,222.93,2538
2026-06-02T16:45:00+00:00,222.93,223.15,222.33,223.09000000000003,2315
2026-06-02T17:00:00+00:00,223.09000000000003,223.43,222.71,223.25000000000003,2392
2026-06-02T17:15:00+00:00,223.25000000000003,223.29000000000002,221.68,221.98000000000002,2963
2026-06-02T17:30:00+00:00,221.98000000000002,222.02,220.69000000000003,220.8,3145
2026-06-02T17:45:00+00:00,220.8,221.00000000000003,220.38000000000002,220.97000000000003,2485
2026-06-02T18:00:00+00:00,220.97000000000003,221.44000000000003,220.86,221.07000000000002,2262
2026-06-02T18:15:00+00:00,221.07000000000002,221.09000000000003,220.38000000000002,220.76000000000002,1938
2026-06-02T18:30:00+00:00,220.76000000000002,220.99,219.70000000000002,220.17000000000002,2520
2026-06-02T18:45:00+00:00,220.17000000000002,220.48000000000002,220.08,220.42000000000002,1973
2026-06-02T19:00:00+00:00,220.42000000000002,221.09000000000003,220.42000000000002,220.77,2143
2026-06-02T19:15:00+00:00,220.77,221.27,220.39000000000001,220.45000000000002,1943
2026-06-02T19:30:00+00:00,220.45000000000002,220.60000000000002,219.73000000000002,219.73000000000002,2314
2026-06-02T19:45:00+00:00,219.73000000000002,220.74,219.16000000000003,220.64000000000001,4820
2026-06-03T13:30:00+00:00,220.64000000000001,220.64000000000001,215.83,215.88000000000002,8155
2026-06-03T13:45:00+00:00,215.88000000000002,215.93,213.85000000000002,215.03000000000003,8932
2026-06-03T14:00:00+00:00,215.03000000000003,215.39000000000001,213.70000000000002,214.11,7196
2026-06-03T14:15:00+00:00,214.11,214.58,213.20000000000002,213.95000000000002,6475
2026-06-03T14:30:00+00:00,213.95000000000002,214.10000000000002,212.39000000000001,213.20000000000002,5580
2026-06-03T14:45:00+00:00,213.20000000000002,213.64000000000001,212.92000000000002,213.55,4700.623099370297
2026-06-03T15:00:00+00:00,213.55,214.59000000000003,213.51000000000002,214.20000000000002,4474
2026-06-03T15:15:00+00:00,214.20000000000002,214.50000000000003,213.58,214.08,4114
2026-06-03T15:30:00+00:00,214.08,214.74,213.81000000000003,214.69000000000003,3785
2026-06-03T15:45:00+00:00,214.69000000000003,215.36,214.62,214.75000000000003,3993
2026-06-03T16:00:00+00:00,214.75000000000003,215.02,213.85000000000002,214.13000000000002,3513
2026-06-03T16:15:00+00:00,214.13000000000002,214.39000000000001,213.27,213.44000000000003,3936
2026-06-03T16:30:00+00:00,213.44000000000003,213.67000000000002,212.63000000000002,212.97000000000003,3567
2026-06-03T16:45:00+00:00,212.97000000000003,213.91000000000003,212.95000000000002,213.88000000000002,2851
2026-06-03T17:00:00+00:00,213.88000000000002,213.92000000000002,213.17000000000002,213.21,2649
2026-06-03T17:15:00+00:00,213.21,213.75000000000003,212.96,213.58,2296
2026-06-03T17:30:00+00:00,213.58,213.75000000000003,213.38000000000002,213.62,1985
2026-06-03T17:45:00+00:00,213.62,213.65,213.28000000000003,213.46,1857
2026-06-03T18:00:00+00:00,213.46,213.51000000000002,213.04000000000002,213.27,2309
2026-06-03T18:15:00+00:00,213.27,213.87,213.05,213.79000000000002,2280
2026-06-03T18:30:00+00:00,213.79000000000002,213.85000000000002,213.42000000000002,213.57000000000002,2196
2026-06-03T18:45:00+00:00,213.57000000000002,213.97000000000003,213.44000000000003,213.92000000000002,2272
2026-06-03T19:00:00+00:00,213.92000000000002,214.05,213.36,213.54000000000002,2360
2026-06-03T19:15:00+00:00,213.54000000000002,213.91000000000003,212.83,213.11,2542
2026-06-03T19:30:00+00:00,213.11,213.76000000000002,212.89000000000001,213.55,2888
2026-06-03T19:45:00+00:00,213.55,213.62,212.32000000000002,212.73000000000002,5752
2026-06-04T13:30:00+00:00,212.73000000000002,213.53000000000003,210.53000000000003,210.76000000000002,8294
2026-06-04T13:45:00+00:00,210.76000000000002,211.62,209.93,210.13000000000002,8322
2026-06-04T14:00:00+00:00,210.13000000000002,210.62,208.77,210.51000000000002,8936
2026-06-04T14:15:00+00:00,210.51000000000002,211.44000000000003,210.43,211.28000000000003,7052
2026-06-04T14:30:00+00:00,211.28000000000003,212.43,211.03000000000003,212.07000000000002,6383
2026-06-04T14:45:00+00:00,212.07000000000002,213.24,212.07000000000002,213.21,5362
2026-06-04T15:00:00+00:00,213.21,213.75000000000003,213.00000000000003,213.67000000000002,5202
2026-06-04T15:15:00+00:00,213.67000000000002,214.03000000000003,213.22000000000003,213.8,4638
2026-06-04T15:30:00+00:00,213.8,214.61,213.50000000000003,214.47000000000003,4162
2026-06-04T15:45:00+00:00,214.47000000000003,215.67000000000002,213.91000000000003,215.43,5372
2026-06-04T16:00:00+00:00,215.43,215.66000000000003,215.05,215.58,4446
2026-06-04T16:15:00+00:00,215.58,216.09000000000003,215.36,215.44000000000003,3483
2026-06-04T16:30:00+00:00,215.44000000000003,216.24,215.11,216.22000000000003,3540
2026-06-04T16:45:00+00:00,216.22000000000003,216.75000000000003,215.89000000000001,216.05,3201
2026-06-04T17:00:00+00:00,216.05,216.94000000000003,215.78000000000003,216.94000000000003,3053
2026-06-04T17:15:00+00:00,216.94000000000003,217.27,216.35000000000002,216.66000000000003,2765
2026-06-04T17:30:00+00:00,216.66000000000003,217.55,216.52,217.13000000000002,3144
2026-06-04T17:45:00+00:00,217.13000000000002,217.54000000000002,216.94000000000003,217.54000000000002,2712
2026-06-04T18:00:00+00:00,217.54000000000002,218.47000000000003,217.53000000000003,218.10000000000002,3361
2026-06-04T18:15:00+00:00,218.10000000000002,218.74,217.74,218.55,2662
2026-06-04T18:30:00+00:00,218.55,218.67000000000002,217.77,218.48000000000002,3080
2026-06-04T18:45:00+00:00,218.48000000000002,218.66000000000003,217.98000000000002,218.28000000000003,2477
2026-06-04T19:00:00+00:00,218.28000000000003,219.4,218.28000000000003,218.66000000000003,3097
2026-06-04T19:15:00+00:00,218.66000000000003,218.67000000000002,217.78000000000003,218.03000000000003,2979
2026-06-04T19:30:00+00:00,218.03000000000003,218.23000000000002,217.51000000000002,217.75000000000003,3063
2026-06-04T19:45:00+00:00,217.75000000000003,217.77,216.38000000000002,216.51000000000002,5793
2026-06-05T13:30:00+00:00,216.51000000000002,216.51000000000002,210.66000000000003,211.14000000000001,8856
2026-06-05T13:45:00+00:00,211.14000000000001,211.59000000000003,209.76000000000002,209.78000000000003,10301
2026-06-05T14:00:00+00:00,209.78000000000003,210.46,209.52,210.29000000000005,7375.684278331548
2026-06-05T14:15:00+00:00,210.29000000000005,210.89000000000001,208.97000000000003,209.26000000000002,5832.679283733962
2026-06-05T14:30:00+00:00,209.26000000000002,210.09,209.04999999999998,209.24999999999997,5307.206495021347
2026-06-05T14:45:00+00:00,209.24999999999997,209.71999999999997,208.19999999999996,208.92999999999998,4937.261192178886
2026-06-05T15:00:00+00:00,208.92999999999998,209.06999999999996,207.48999999999998,207.51999999999995,5261.679743271424
2026-06-05T15:15:00+00:00,207.51999999999995,207.83999999999995,205.18999999999997,205.40999999999997,5542.799230002177
2026-06-05T15:30:00+00:00,205.40999999999997,205.52999999999997,204.23,204.85999999999999,7182
2026-06-05T15:45:00+00:00,204.85999999999999,206.07999999999998,204.73999999999998,206.02999999999997,5462
2026-06-05T16:00:00+00:00,206.02999999999997,206.03999999999996,204.92,205.51999999999998,6161
2026-06-05T16:15:00+00:00,205.51999999999998,205.89,204.93999999999997,205.43999999999997,6362
2026-06-05T16:30:00+00:00,205.43999999999997,205.48,203.82999999999998,204.07999999999998,6714
2026-06-05T16:45:00+00:00,204.07999999999998,205.02999999999997,203.33999999999997,204.82999999999998,7865
2026-06-05T17:00:00+00:00,204.82999999999998,204.84999999999997,203.51999999999998,203.90999999999997,6521
2026-06-05T17:15:00+00:00,203.90999999999997,204.61999999999998,203.49999999999997,204.40999999999997,6223
2026-06-05T17:30:00+00:00,204.40999999999997,205.65999999999997,204.21999999999997,204.64999999999998,5556
2026-06-05T17:45:00+00:00,204.64999999999998,204.92,204.29999999999998,204.67,5137
2026-06-05T18:00:00+00:00,204.67,204.76999999999998,203.05999999999997,203.37999999999997,5585
2026-06-05T18:15:00+00:00,203.37999999999997,203.46999999999997,202.48999999999998,202.71999999999997,7348
2026-06-05T18:30:00+00:00,202.71999999999997,202.83999999999997,201.55999999999997,202.11999999999998,7332
2026-06-05T18:45:00+00:00,202.11999999999998,202.73999999999998,201.39999999999998,202.61999999999998,9033
2026-06-05T19:00:00+00:00,202.61999999999998,203.01999999999998,201.52999999999997,201.83999999999997,8610
2026-06-05T19:15:00+00:00,201.83999999999997,203.07999999999998,201.02999999999997,203.07999999999998,9176
2026-06-05T19:30:00+00:00,203.07999999999998,203.45999999999998,202.27999999999997,202.76999999999998,9342
2026-06-05T19:45:00+00:00,202.76999999999998,203.45999999999998,201.76999999999998,201.83999999999997,9057
2026-06-08T13:30:00+00:00,201.83999999999997,207.01999999999998,201.83999999999997,205.55999999999997,9017
2026-06-08T13:45:00+00:00,205.55999999999997,205.89999999999998,202.89,202.95,9176
2026-06-08T14:00:00+00:00,202.95,204.15999999999997,202.7,203.81999999999996,8695
2026-06-08T14:15:00+00:00,203.81999999999996,204.68999999999997,203.25999999999996,204.52999999999997,7152
2026-06-08T14:30:00+00:00,204.52999999999997,205.39,204.24999999999997,204.75999999999996,6467
2026-06-08T14:45:00+00:00,204.75999999999996,205.46999999999997,204.73999999999998,205.23,5148
2026-06-08T15:00:00+00:00,205.23,205.60999999999999,205.00999999999996,205.26999999999998,4072
2026-06-08T15:15:00+00:00,205.26999999999998,205.52999999999997,204.20999999999998,204.37999999999997,5005
2026-06-08T15:30:00+00:00,204.37999999999997,205.36999999999998,203.85999999999999,205.36999999999998,5963
2026-06-08T15:45:00+00:00,205.36999999999998,206.04999999999998,204.86999999999998,205.00999999999996,4775
2026-06-08T16:00:00+00:00,205.00999999999996,205.84999999999997,204.84999999999997,205.59999999999997,4191
2026-06-08T16:15:00+00:00,205.59999999999997,206.45,205.17999999999998,205.25999999999996,3865
2026-06-08T16:30:00+00:00,205.25999999999996,205.65999999999997,204.89999999999998,205.21999999999997,4921
2026-06-08T16:45:00+00:00,205.21999999999997,205.53999999999996,205.11999999999998,205.26999999999998,3413
2026-06-08T17:00:00+00:00,205.26999999999998,205.32999999999998,204.54999999999998,205.04999999999998,5184
2026-06-08T17:15:00+00:00,205.04999999999998,205.33999999999997,204.34999999999997,205.29999999999998,3997
2026-06-08T17:30:00+00:00,205.29999999999998,205.57999999999998,204.71999999999997,205.10999999999999,4793
2026-06-08T17:45:00+00:00,205.10999999999999,205.92999999999998,205.08999999999997,205.49999999999997,4035
2026-06-08T18:00:00+00:00,205.49999999999997,206.32999999999998,205.48999999999998,205.67999999999998,3782
2026-06-08T18:15:00+00:00,205.67999999999998,206.05999999999997,205.51999999999998,205.93999999999997,2770
2026-06-08T18:30:00+00:00,205.93999999999997,206.05999999999997,205.42,205.55999999999997,3149
2026-06-08T18:45:00+00:00,205.55999999999997,205.92,205.48999999999998,205.52999999999997,2778
2026-06-08T19:00:00+00:00,205.52999999999997,205.64999999999998,204.51999999999998,204.51999999999998,3991
2026-06-08T19:15:00+00:00,204.51999999999998,204.75999999999996,204.05999999999997,204.52999999999997,4535
2026-06-08T19:30:00+00:00,204.52999999999997,205.11999999999998,204.35999999999999,204.45999999999998,4795
2026-06-08T19:45:00+00:00,204.45999999999998,205.45,204.36999999999998,205.39,4432
2026-06-09T13:30:00+00:00,205.39,208.09999999999997,205.39,206.85999999999999,9301
2026-06-09T13:45:00+00:00,206.85999999999999,207.64999999999998,205.73999999999998,205.74999999999997,8666
2026-06-09T14:00:00+00:00,205.74999999999997,205.87999999999997,203.48999999999998,203.60999999999999,9976
2026-06-09T14:15:00+00:00,203.60999999999999,204.04999999999998,202.58999999999997,203.68999999999997,11353
2026-06-09T14:30:00+00:00,203.68999999999997,204.27999999999997,202.84999999999997,202.92999999999998,10858
2026-06-09T14:45:00+00:00,202.92999999999998,203.24999999999997,201.54999999999998,203.03999999999996,11757
2026-06-09T15:00:00+00:00,203.03999999999996,203.46999999999997,202.09999999999997,202.96999999999997,8312
2026-06-09T15:15:00+00:00,202.96999999999997,203.05999999999997,200.00999999999996,200.12999999999997,8706
2026-06-09T15:30:00+00:00,200.12999999999997,201.61999999999998,199.92,201.42,10355
2026-06-09T15:45:00+00:00,201.42,202.23,199.54999999999998,199.73999999999998,9264
2026-06-09T16:00:00+00:00,199.73999999999998,200.39999999999998,198.17999999999998,198.48,10991
2026-06-09T16:15:00+00:00,198.48,198.62999999999997,196.74999999999997,198.17,10454
2026-06-09T16:30:00+00:00,198.17,198.57999999999998,196.04999999999998,197.48999999999998,13513
2026-06-09T16:45:00+00:00,197.48999999999998,198.67999999999998,196.86999999999998,198.64999999999998,11533
2026-06-09T17:00:00+00:00,198.64999999999998,200.20999999999998,198.37999999999997,200.01999999999998,11043
2026-06-09T17:15:00+00:00,200.01999999999998,200.92999999999998,199.53999999999996,200.60999999999999,9550
2026-06-09T17:30:00+00:00,200.60999999999999,202.10999999999999,200.36999999999998,201.75999999999996,7755
2026-06-09T17:45:00+00:00,201.75999999999996,202.12999999999997,200.85999999999999,201.73999999999998,9892
2026-06-09T18:00:00+00:00,201.73999999999998,202.28999999999996,201.60999999999999,202.10999999999999,9078
2026-06-09T18:15:00+00:00,202.10999999999999,203.15999999999997,201.82999999999998,203.12999999999997,8272
2026-06-09T18:30:00+00:00,203.12999999999997,203.80999999999997,202.75999999999996,202.84999999999997,7665
2026-06-09T18:45:00+00:00,202.84999999999997,204.05999999999997,202.80999999999997,203.76999999999998,7170
2026-06-09T19:00:00+00:00,203.76999999999998,204.15999999999997,202.42999999999998,202.48,7507
2026-06-09T19:15:00+00:00,202.48,202.73,201.23999999999998,202.61999999999998,10918
2026-06-09T19:30:00+00:00,202.61999999999998,203.21999999999997,202.08999999999997,202.90999999999997,9616
2026-06-09T19:45:00+00:00,202.90999999999997,204.92,202.07999999999998,204.83999999999997,9144
2026-06-10T13:30:00+00:00,204.83999999999997,204.83999999999997,200.90999999999997,202.85999999999999,11411
2026-06-10T13:45:00+00:00,202.85999999999999,203.37999999999997,201.48,201.60999999999999,11601
2026-06-10T14:00:00+00:00,201.60999999999999,203.21999999999997,201.53999999999996,202.96999999999997,10491
2026-06-10T14:15:00+00:00,202.96999999999997,203.48,201.90999999999997,202.89,9492
2026-06-10T14:30:00+00:00,202.89,203.52999999999997,202.14999999999998,202.45999999999998,8969
2026-06-10T14:45:00+00:00,202.45999999999998,203.04999999999998,200.48,200.6,9886.20741989882
2026-06-10T15:00:00+00:00,200.6,201.20999999999998,199.02999999999997,199.02999999999997,10203
2026-06-10T15:15:00+00:00,199.02999999999997,200.19,198.29999999999998,199.41,10049
2026-06-10T15:30:00+00:00,199.41,200.38,198.88,200.22,9102
2026-06-10T15:45:00+00:00,200.22,200.41,198.55999999999997,200.16,9276
2026-06-10T16:00:00+00:00,200.16,200.55999999999997,199.23,199.35,7424
2026-06-10T16:15:00+00:00,199.35,199.73999999999998,199.07999999999998,199.57,6493
2026-06-10T16:30:00+00:00,199.57,200.63,199.27999999999997,199.82999999999998,6544
2026-06-10T16:45:00+00:00,199.82999999999998,199.82999999999998,199.07,199.54999999999998,6361
2026-06-10T17:00:00+00:00,199.54999999999998,200.32,198.86999999999998,198.95,5778
2026-06-10T17:15:00+00:00,198.95,199.32,198.69,199.20999999999998,5599
2026-06-10T17:30:00+00:00,199.20999999999998,199.24999999999997,198.57999999999998,198.61999999999998,4992
2026-06-10T17:45:00+00:00,198.61999999999998,200.14,198.55999999999997,199.85999999999999,6765
2026-06-10T18:00:00+00:00,199.85999999999999,200.10999999999999,199.29999999999998,199.39,5602
2026-06-10T18:15:00+00:00,199.39,199.67999999999998,198.80999999999997,198.94,5557
2026-06-10T18:30:00+00:00,198.94,199.04999999999998,198.32,198.49999999999997,4972
2026-06-10T18:45:00+00:00,198.49999999999997,198.51999999999998,197.58999999999997,197.83999999999997,5264
2026-06-10T19:00:00+00:00,197.83999999999997,198.13,197.29999999999998,197.42999999999998,5793
2026-06-10T19:15:00+00:00,197.42999999999998,197.44,196.60999999999999,196.91,5604
2026-06-10T19:30:00+00:00,196.91,198.23,196.80999999999997,197.89,6568
2026-06-10T19:45:00+00:00,197.89,198.57,196.99999999999997,197.04,6985
2026-06-11T13:30:00+00:00,197.04,199.54999999999998,197.04,198.98999999999998,9794
2026-06-11T13:45:00+00:00,198.98999999999998,200.26999999999998,198.7,199.48,10254
2026-06-11T14:00:00+00:00,199.48,200.33999999999997,198.64,198.77999999999997,9577
2026-06-11T14:15:00+00:00,198.77999999999997,199.64999999999998,197.91,199.04,9939
2026-06-11T14:30:00+00:00,199.04,199.67999999999998,198.54999999999998,198.80999999999997,8933
2026-06-11T14:45:00+00:00,198.80999999999997,198.92,196.54,196.89,8753
2026-06-11T15:00:00+00:00,196.89,198.11999999999998,196.23,197.92,9392
2026-06-11T15:15:00+00:00,197.92,198.52999999999997,197.30999999999997,197.35999999999999,7554
2026-06-11T15:30:00+00:00,197.35999999999999,198.60999999999999,197.17,197.88,7539
2026-06-11T15:45:00+00:00,197.88,198.26,197.51999999999998,198.01,6563
2026-06-11T16:00:00+00:00,198.01,198.64,197.73,198.42,5986
2026-06-11T16:15:00+00:00,198.42,198.73,197.89,198.01,6307
2026-06-11T16:30:00+00:00,198.01,198.66,197.80999999999997,198.07999999999998,6160
2026-06-11T16:45:00+00:00,198.07999999999998,198.26999999999998,196.98,197.01,5182
2026-06-11T17:00:00+00:00,197.01,197.41,196.63,196.77999999999997,5566
2026-06-11T17:15:00+00:00,196.77999999999997,199.54999999999998,196.39,199.48,6131
2026-06-11T17:30:00+00:00,199.48,200.85999999999999,198.35999999999999,200.77999999999997,9474
2026-06-11T17:45:00+00:00,200.77999999999997,201.16,199.22,199.66,7625
2026-06-11T18:00:00+00:00,199.66,199.86999999999998,198.32999999999998,199.49999999999997,8084
2026-06-11T18:15:00+00:00,199.49999999999997,199.97,199.23,199.42999999999998,5779
2026-06-11T18:30:00+00:00,199.42999999999998,199.73999999999998,198.66,198.86999999999998,4860
2026-06-11T18:45:00+00:00,198.86999999999998,199.57999999999998,198.76999999999998,199.54,4768
2026-06-11T19:00:00+00:00,199.54,199.82999999999998,198.7,199.79999999999998,5655
2026-06-11T19:15:00+00:00,199.79999999999998,201.35999999999999,199.76999999999998,201.16,5252
2026-06-11T19:30:00+00:00,201.16,202.30999999999997,201.11999999999998,202.23999999999998,6678
2026-06-11T19:45:00+00:00,202.23999999999998,202.32999999999998,200.83999999999997,201.36999999999998,7619
2026-06-12T13:30:00+00:00,201.36999999999998,202.94,200.13,200.92999999999998,9777
2026-06-12T13:45:00+00:00,200.92999999999998,201.39,200.24999999999997,200.61999999999998,8127
2026-06-12T14:00:00+00:00,200.61999999999998,202.92999999999998,200.60999999999999,202.13,7014
2026-06-12T14:15:00+00:00,202.13,203.35999999999999,202.1,202.36999999999998,6062
2026-06-12T14:30:00+00:00,202.36999999999998,202.94,201.14999999999998,201.16,6444
2026-06-12T14:45:00+00:00,201.16,202.67,200.64,202.42999999999998,8817.21665208151
2026-06-12T15:00:00+00:00,202.42999999999998,203.07,201.92,203.07,5738
2026-06-12T15:15:00+00:00,203.07,203.79,203.04999999999998,203.69,4949
2026-06-12T15:30:00+00:00,203.69,203.72,201.85999999999999,201.89999999999998,6388
2026-06-12T15:45:00+00:00,201.89999999999998,202.39999999999998,200.63,200.89,7080
2026-06-12T16:00:00+00:00,200.89,202.22,200.66,201.86999999999998,7470
2026-06-12T16:15:00+00:00,201.86999999999998,202.51999999999998,201.5,201.73,5851
2026-06-12T16:30:00+00:00,201.73,201.85,201.05999999999997,201.29999999999998,4730
2026-06-12T16:45:00+00:00,201.29999999999998,201.92999999999998,201.22,201.88,4273
2026-06-12T17:00:00+00:00,201.88,202.23,201.36999999999998,201.72,4031
2026-06-12T17:15:00+00:00,201.72,202.01,201.52999999999997,201.73999999999998,3403
2026-06-12T17:30:00+00:00,201.73999999999998,201.94,201.41,201.72,3868
2026-06-12T17:45:00+00:00,201.72,202.01999999999998,201.51999999999998,201.80999999999997,3409
2026-06-12T18:00:00+00:00,201.80999999999997,202.26,201.5,201.54999999999998,3865
2026-06-12T18:15:00+00:00,201.54999999999998,201.73,200.91,201.64999999999998,3633
2026-06-12T18:30:00+00:00,201.64999999999998,202.01,201.63,201.92999999999998,2880
2026-06-12T18:45:00+00:00,201.92999999999998,202.04999999999998,201.30999999999997,201.35999999999999,3292
2026-06-12T19:00:00+00:00,201.35999999999999,201.83999999999997,201.33999999999997,201.57999999999998,3260
2026-06-12T19:15:00+00:00,201.57999999999998,201.80999999999997,201.42,201.45999999999998,3076
2026-06-12T19:30:00+00:00,201.45999999999998,201.5,200.63,201.04999999999998,4679
2026-06-12T19:45:00+00:00,201.04999999999998,201.98999999999998,200.86999999999998,201.86999999999998,4107
2026-06-15T13:30:00+00:00,201.86999999999998,207.69,201.86999999999998,205.60999999999999,9361
2026-06-15T13:45:00+00:00,205.60999999999999,206.67999999999998,205.44,205.47,6480
2026-06-15T14:00:00+00:00,205.47,206.10999999999999,205.04999999999998,206.05999999999997,6741
2026-06-15T14:15:00+00:00,206.05999999999997,206.32,205.32,206.10999999999999,5828
2026-06-15T14:30:00+00:00,206.10999999999999,206.82,205.95,206.29,5341
2026-06-15T14:45:00+00:00,206.29,207.17,206.22,207.07999999999998,4518
2026-06-15T15:00:00+00:00,207.07999999999998,208.1,207.04999999999998,208.04999999999998,4233
2026-06-15T15:15:00+00:00,208.04999999999998,208.11999999999998,207.57999999999998,207.89999999999998,3084
2026-06-15T15:30:00+00:00,207.89999999999998,208.63,207.64999999999998,208.45999999999998,4025
2026-06-15T15:45:00+00:00,208.45999999999998,209.42999999999998,208.45999999999998,208.98,3409
2026-06-15T16:00:00+00:00,208.98,209.33999999999997,208.95999999999998,209.14999999999998,3012
2026-06-15T16:15:00+00:00,209.14999999999998,209.27999999999997,208.7,209.07,2709
2026-06-15T16:30:00+00:00,209.07,209.27999999999997,208.75,208.95999999999998,2676
2026-06-15T16:45:00+00:00,208.95999999999998,209.1,208.57999999999998,209.04999999999998,2375
2026-06-15T17:00:00+00:00,209.04999999999998,209.17999999999998,208.73999999999998,208.92999999999998,2731
2026-06-15T17:15:00+00:00,208.92999999999998,209.39,208.79,209.23,2465
2026-06-15T17:30:00+00:00,209.23,209.36999999999998,208.79999999999998,208.85999999999999,1941
2026-06-15T17:45:00+00:00,208.85999999999999,209.10999999999999,208.51,208.54,1882
2026-06-15T18:00:00+00:00,208.54,209.01999999999998,208.14,208.89,2954
2026-06-15T18:15:00+00:00,208.89,208.97,208.6,208.67,2200
2026-06-15T18:30:00+00:00,208.67,209.07,208.5,209.04999999999998,2263
2026-06-15T18:45:00+00:00,209.04999999999998,209.29,208.89,209,1966
2026-06-15T19:00:00+00:00,209,209.07999999999998,208.55999999999997,208.70999999999998,2539
2026-06-15T19:15:00+00:00,208.70999999999998,208.85999999999999,208.33999999999997,208.38,2265
2026-06-15T19:30:00+00:00,208.38,208.57999999999998,208.01,208.39,2848
2026-06-15T19:45:00+00:00,208.39,209.32,208.23,209.2,4405
2026-06-16T13:30:00+00:00,209.2,209.2,205.6,206.17,7387
2026-06-16T13:45:00+00:00,206.17,206.79,205.36999999999998,205.39999999999998,6310
2026-06-16T14:00:00+00:00,205.39999999999998,207.07999999999998,205.39999999999998,206.26,6504
2026-06-16T14:15:00+00:00,206.26,206.36999999999998,205.26999999999998,205.77999999999997,7511
2026-06-16T14:30:00+00:00,205.77999999999997,206.33999999999997,205.25,206.08999999999997,7883
2026-06-16T14:45:00+00:00,206.08999999999997,206.52999999999997,205.45999999999998,206.04999999999998,6636
2026-06-16T15:00:00+00:00,206.04999999999998,207.04,205.85,206.39999999999998,5928
2026-06-16T15:15:00+00:00,206.39999999999998,206.52999999999997,205.42,205.85,6156
2026-06-16T15:30:00+00:00,205.85,206.38,205.61999999999998,205.79,5916
2026-06-16T15:45:00+00:00,205.79,206.29,205.25,205.89999999999998,6326
2026-06-16T16:00:00+00:00,205.89999999999998,206.45,205.85999999999999,206.07,4812
2026-06-16T16:15:00+00:00,206.07,206.29,205.88,206.01,3852
2026-06-16T16:30:00+00:00,206.01,206.01999999999998,205,205.5,5055
2026-06-16T16:45:00+00:00,205.5,205.89999999999998,205.27999999999997,205.85999999999999,3816
2026-06-16T17:00:00+00:00,205.85999999999999,206.04,205.47,205.89999999999998,3493
2026-06-16T17:15:00+00:00,205.89999999999998,206.02999999999997,205.44,205.82,3270
2026-06-16T17:30:00+00:00,205.82,206.05999999999997,205.57999999999998,205.89,3537
2026-06-16T17:45:00+00:00,205.89,206.42,205.85,206.17,2859
2026-06-16T18:00:00+00:00,206.17,206.54999999999998,206.08999999999997,206.20999999999998,2635
2026-06-16T18:15:00+00:00,206.20999999999998,206.29999999999998,205.89999999999998,206.17999999999998,2851
2026-06-16T18:30:00+00:00,206.17999999999998,206.23,205.51999999999998,205.61999999999998,3111
2026-06-16T18:45:00+00:00,205.61999999999998,205.80999999999997,205.48,205.72,2831
2026-06-16T19:00:00+00:00,205.72,206.13,205.22,205.32999999999998,3888
2026-06-16T19:15:00+00:00,205.32999999999998,205.70999999999998,204.77999999999997,205.67,4810
2026-06-16T19:30:00+00:00,205.67,205.82999999999998,204.92,205.44,4816
2026-06-16T19:45:00+00:00,205.44,205.58999999999997,204.01999999999998,204.04999999999998,6548
2026-06-17T13:30:00+00:00,204.04999999999998,205.57,204.04999999999998,205.35,7156
2026-06-17T13:45:00+00:00,205.35,205.92999999999998,203.83999999999997,203.92,7146
2026-06-17T14:00:00+00:00,203.92,204.30999999999997,203.45999999999998,204.17,7165
2026-06-17T14:15:00+00:00,204.17,204.94,203.98999999999998,204.60999999999999,5584
2026-06-17T14:30:00+00:00,204.60999999999999,204.63,203.44,204.13,6213
2026-06-17T14:45:00+00:00,204.13,204.61999999999998,203.06,203.18,7909.0040111739845
2026-06-17T15:00:00+00:00,203.18,203.67000000000002,202.61,203.57,5806
2026-06-17T15:15:00+00:00,203.57,203.75,202.83,203.15,4884
2026-06-17T15:30:00+00:00,203.15,203.43,202.9,203.17000000000002,3752
2026-06-17T15:45:00+00:00,203.17000000000002,203.36,202.74,203.1,3213
2026-06-17T16:00:00+00:00,203.1,203.9,203.1,203.9,3010
2026-06-17T16:15:00+00:00,203.9,204.37,203.74,204.12,2406
2026-06-17T16:30:00+00:00,204.12,204.33,203.85,204,2756
2026-06-17T16:45:00+00:00,204,204.13,203.77,203.84,2318
2026-06-17T17:00:00+00:00,203.84,203.97,203.45000000000002,203.63,3173
2026-06-17T17:15:00+00:00,203.63,204.24,203.42000000000002,204.06,2338
2026-06-17T17:30:00+00:00,204.06,204.26,203.78,204.04,2390
2026-06-17T17:45:00+00:00,204.04,204.62,204.01,204.47,2238
2026-06-17T18:00:00+00:00,204.47,204.53,202.01,202.87,9078
2026-06-17T18:15:00+00:00,202.87,203.37,202.07,202.67000000000002,6909
2026-06-17T18:30:00+00:00,202.67000000000002,204.37,202.17000000000002,204.29,9395
2026-06-17T18:45:00+00:00,204.29,204.31,202.28,202.64000000000001,7810
2026-06-17T19:00:00+00:00,202.64000000000001,203.15,202.07,203.1,9253
2026-06-17T19:15:00+00:00,203.1,203.18,201.13,201.42000000000002,8456
2026-06-17T19:30:00+00:00,201.42000000000002,201.85,200.15,200.58,9490
2026-06-17T19:45:00+00:00,200.58,201.59,200.19,201.39000000000001,8854
2026-06-18T13:30:00+00:00,201.39000000000001,204.67000000000002,201.39000000000001,203.84,8595
2026-06-18T13:45:00+00:00,203.84,205.04,203.73000000000002,204.54,8439
2026-06-18T14:00:00+00:00,204.54,205.46,204.20000000000002,205.13,7564
2026-06-18T14:15:00+00:00,205.13,206.57,205.02,205.82,6787
2026-06-18T14:30:00+00:00,205.82,206.16,205.32,205.67000000000002,7131
2026-06-18T14:45:00+00:00,205.67000000000002,206.48000000000002,205.6,206.03000000000003,5711.004985489992
2026-06-18T15:00:00+00:00,206.03000000000003,206.37000000000003,205.32000000000005,206.01000000000005,5591
2026-06-18T15:15:00+00:00,206.01000000000005,206.37000000000003,205.45000000000005,205.59000000000003,5152
2026-06-18T15:30:00+00:00,205.59000000000003,205.81000000000003,204.87000000000003,204.89000000000004,5290
2026-06-18T15:45:00+00:00,204.89000000000004,205.75000000000006,204.37000000000003,205.70000000000005,4737
2026-06-18T16:00:00+00:00,205.70000000000005,206.34000000000003,205.67000000000004,205.94000000000005,3760
2026-06-18T16:15:00+00:00,205.94000000000005,206.83000000000004,205.84000000000003,206.72000000000006,3873
2026-06-18T16:30:00+00:00,206.72000000000006,207.92000000000004,206.66000000000005,207.44000000000005,3714
2026-06-18T16:45:00+00:00,207.44000000000005,207.53000000000003,206.67000000000004,206.78000000000003,3459
2026-06-18T17:00:00+00:00,206.78000000000003,207.22000000000006,206.66000000000005,206.69000000000005,2991
2026-06-18T17:15:00+00:00,206.69000000000005,207.24000000000004,206.60000000000005,206.79000000000005,2680
2026-06-18T17:30:00+00:00,206.79000000000005,207.22000000000006,206.75000000000006,206.87000000000003,2375
2026-06-18T17:45:00+00:00,206.87000000000003,207.01000000000005,206.54000000000005,206.63000000000005,1967
2026-06-18T18:00:00+00:00,206.63000000000005,206.77000000000004,206.33000000000004,206.45000000000005,2721
2026-06-18T18:15:00+00:00,206.45000000000005,207.26000000000005,206.41000000000005,206.91000000000005,2775
2026-06-18T18:30:00+00:00,206.91000000000005,207.21000000000004,206.64000000000004,206.87000000000003,2554
2026-06-18T18:45:00+00:00,206.87000000000003,206.95000000000005,206.29000000000005,206.41000000000005,2261
2026-06-18T19:00:00+00:00,206.41000000000005,206.92000000000004,206.41000000000005,206.78000000000003,3425
2026-06-18T19:15:00+00:00,206.78000000000003,206.89000000000004,206.55000000000004,206.58000000000004,2732
2026-06-18T19:30:00+00:00,206.58000000000004,206.99000000000004,206.23000000000005,206.87000000000003,3257
2026-06-18T19:45:00+00:00,206.87000000000003,208.11000000000004,206.64000000000004,206.99000000000004,6378
2026-06-22T13:30:00+00:00,206.99000000000004,210.70000000000005,206.99000000000004,209.04000000000005,8867
2026-06-22T13:45:00+00:00,209.04000000000005,210.05000000000004,208.32000000000005,209.81000000000003,7426
2026-06-22T14:00:00+00:00,209.81000000000003,210.70000000000005,209.34000000000003,209.36000000000004,6444
2026-06-22T14:15:00+00:00,209.36000000000004,209.65000000000003,207.83000000000004,207.85000000000005,6596
2026-06-22T14:30:00+00:00,207.85000000000005,207.88000000000005,205.93000000000004,206.19000000000005,8941
2026-06-22T14:45:00+00:00,206.19000000000005,206.60000000000005,205.33000000000004,205.83000000000004,8195
2026-06-22T15:00:00+00:00,205.83000000000004,206.80000000000004,205.74000000000004,206.59000000000003,6478
2026-06-22T15:15:00+00:00,206.59000000000003,207.10000000000005,206.41000000000005,206.54000000000005,6280
2026-06-22T15:30:00+00:00,206.54000000000005,207.61000000000004,206.52000000000004,207.29000000000005,4981
2026-06-22T15:45:00+00:00,207.29000000000005,207.37000000000003,206.12000000000003,206.19000000000005,5476
2026-06-22T16:00:00+00:00,206.19000000000005,206.53000000000003,205.88000000000005,206.36000000000004,5251
2026-06-22T16:15:00+00:00,206.36000000000004,206.70000000000005,205.95000000000005,206.48000000000005,3999
2026-06-22T16:30:00+00:00,206.48000000000005,206.51000000000005,205.88000000000005,206.15000000000003,3825
2026-06-22T16:45:00+00:00,206.15000000000003,206.64000000000004,205.93000000000004,206.11000000000004,3713
2026-06-22T17:00:00+00:00,206.11000000000004,206.34000000000003,205.61000000000004,205.76000000000005,3182
2026-06-22T17:15:00+00:00,205.76000000000005,206.11000000000004,205.70000000000005,205.71000000000004,2499
2026-06-22T17:30:00+00:00,205.71000000000004,205.77000000000004,205.22000000000006,205.25000000000006,3028
2026-06-22T17:45:00+00:00,205.25000000000006,205.65000000000003,205.18000000000004,205.28000000000003,2580
2026-06-22T18:00:00+00:00,205.28000000000003,205.80000000000004,205.18000000000004,205.71000000000004,2273
2026-06-22T18:15:00+00:00,205.71000000000004,206.00000000000006,205.32000000000005,205.47000000000006,2107
2026-06-22T18:30:00+00:00,205.47000000000006,205.86000000000004,205.42000000000004,205.43000000000004,2416
2026-06-22T18:45:00+00:00,205.43000000000004,205.74000000000004,205.28000000000003,205.34000000000003,2896
2026-06-22T19:00:00+00:00,205.34000000000003,205.65000000000003,205.02000000000004,205.42000000000004,3062
2026-06-22T19:15:00+00:00,205.42000000000004,205.48000000000005,204.67000000000004,204.73000000000005,3021
2026-06-22T19:30:00+00:00,204.73000000000005,204.89000000000004,204.45000000000005,204.53000000000003,3137
2026-06-22T19:45:00+00:00,204.53000000000003,205.58000000000004,204.43000000000004,205.26000000000005,4404
2026-06-23T13:30:00+00:00,205.26000000000005,205.26000000000005,196.76000000000005,198.46000000000004,10996
2026-06-23T13:45:00+00:00,198.46000000000004,200.50000000000006,198.32000000000005,200.09000000000003,9448
2026-06-23T14:00:00+00:00,200.09000000000003,200.31000000000003,199.52000000000004,199.91000000000005,8893
2026-06-23T14:15:00+00:00,199.91000000000005,200.12000000000003,199.29000000000005,199.76000000000005,7722
2026-06-23T14:30:00+00:00,199.76000000000005,200.16000000000005,199.32000000000005,199.50000000000006,8098
2026-06-23T14:45:00+00:00,199.50000000000006,199.65000000000003,198.62000000000003,198.95000000000005,8086
2026-06-23T15:00:00+00:00,198.95000000000005,199.22000000000006,197.39000000000004,197.80000000000004,7424
2026-06-23T15:15:00+00:00,197.80000000000004,197.91000000000005,197.14000000000004,197.47000000000006,5834
2026-06-23T15:30:00+00:00,197.47000000000006,198.21000000000004,197.34000000000003,198.11000000000004,5838
2026-06-23T15:45:00+00:00,198.11000000000004,198.85000000000005,197.92000000000004,198.56000000000003,5491
2026-06-23T16:00:00+00:00,198.56000000000003,199.69000000000005,198.52000000000004,199.50000000000006,4822
2026-06-23T16:15:00+00:00,199.50000000000006,199.59000000000003,198.74000000000004,198.95000000000005,4658
2026-06-23T16:30:00+00:00,198.95000000000005,199.23000000000005,198.64000000000004,199.21000000000004,4038
2026-06-23T16:45:00+00:00,199.21000000000004,199.26000000000005,198.65000000000003,199.02000000000004,4005
2026-06-23T17:00:00+00:00,199.02000000000004,199.13000000000005,198.46000000000004,198.85000000000005,4120
2026-06-23T17:15:00+00:00,198.85000000000005,199.53000000000003,198.68000000000004,199.21000000000004,3722
2026-06-23T17:30:00+00:00,199.21000000000004,199.35000000000005,198.79000000000005,198.86000000000004,3810
2026-06-23T17:45:00+00:00,198.86000000000004,199.04000000000005,198.32000000000005,198.33000000000004,3497
2026-06-23T18:00:00+00:00,198.33000000000004,198.74000000000004,198.15000000000003,198.43000000000004,3902
2026-06-23T18:15:00+00:00,198.43000000000004,198.54000000000005,198.18000000000004,198.36000000000004,3209
2026-06-23T18:30:00+00:00,198.36000000000004,198.38000000000005,197.43000000000004,197.45000000000005,3302
2026-06-23T18:45:00+00:00,197.45000000000005,197.70000000000005,197.02000000000004,197.34000000000003,5140
2026-06-23T19:00:00+00:00,197.34000000000003,198.15000000000003,197.23000000000005,197.64000000000004,5967
2026-06-23T19:15:00+00:00,197.64000000000004,198.19000000000005,197.42000000000004,197.94000000000005,5540
2026-06-23T19:30:00+00:00,197.94000000000005,198.20000000000005,197.28000000000003,197.53000000000003,5620
2026-06-23T19:45:00+00:00,197.53000000000003,197.95000000000005,196.73000000000005,196.75000000000006,7947
2026-06-24T13:30:00+00:00,196.75000000000006,198.35000000000005,196.12000000000003,197.42000000000004,9276
2026-06-24T13:45:00+00:00,197.42000000000004,197.93000000000004,196.40000000000003,196.95000000000005,8558
2026-06-24T14:00:00+00:00,196.95000000000005,197.25000000000006,195.78000000000003,196.32000000000005,8603
2026-06-24T14:15:00+00:00,196.32000000000005,196.91000000000005,195.32000000000005,196.58000000000004,7549
2026-06-24T14:30:00+00:00,196.58000000000004,197.51000000000005,196.57000000000005,197.47000000000006,5939
2026-06-24T14:45:00+00:00,197.47000000000006,198.02000000000004,197.27000000000004,197.89000000000004,5148.563347216963
2026-06-24T15:00:00+00:00,197.89000000000004,198.21000000000004,197.47000000000003,197.69000000000003,4502
2026-06-24T15:15:00+00:00,197.69000000000003,198.04000000000002,197.04000000000002,197.61000000000004,4213
2026-06-24T15:30:00+00:00,197.61000000000004,197.86000000000004,197.20000000000005,197.47000000000003,4278
2026-06-24T15:45:00+00:00,197.47000000000003,197.96000000000004,197.10000000000002,197.51000000000002,4881
2026-06-24T16:00:00+00:00,197.51000000000002,197.72000000000003,197.24000000000004,197.56000000000003,4649
2026-06-24T16:15:00+00:00,197.56000000000003,197.72000000000003,197.29000000000002,197.42000000000004,4039
2026-06-24T16:30:00+00:00,197.42000000000004,197.45000000000005,196.21000000000004,196.37000000000003,5320
2026-06-24T16:45:00+00:00,196.37000000000003,196.52000000000004,195.83000000000004,195.93000000000004,4284
2026-06-24T17:00:00+00:00,195.93000000000004,196.26000000000002,195.33000000000004,195.58000000000004,4674
2026-06-24T17:15:00+00:00,195.58000000000004,195.73000000000005,194.57000000000002,194.66000000000003,6361
2026-06-24T17:30:00+00:00,194.66000000000003,195.04000000000002,194.15000000000003,194.47000000000003,6878
2026-06-24T17:45:00+00:00,194.47000000000003,194.88000000000002,194.08000000000004,194.16000000000003,6219
2026-06-24T18:00:00+00:00,194.16000000000003,195.00000000000003,194.02000000000004,194.31000000000003,6290
2026-06-24T18:15:00+00:00,194.31000000000003,195.47000000000003,194.30000000000004,195.28000000000003,5464
2026-06-24T18:30:00+00:00,195.28000000000003,195.44000000000003,194.40000000000003,194.60000000000002,5502
2026-06-24T18:45:00+00:00,194.60000000000002,194.60000000000002,193.75000000000003,193.88000000000002,6044
2026-06-24T19:00:00+00:00,193.88000000000002,194.44000000000003,193.28000000000003,193.68000000000004,6958
2026-06-24T19:15:00+00:00,193.68000000000004,194.71000000000004,193.51000000000002,194.46000000000004,6365
2026-06-24T19:30:00+00:00,194.46000000000004,194.67000000000004,193.64000000000004,193.97000000000003,6418
2026-06-24T19:45:00+00:00,193.97000000000003,195.94000000000003,193.67000000000004,195.70000000000005,7119
2026-06-25T13:30:00+00:00,195.70000000000005,197.39000000000004,192.60000000000002,192.83000000000004,8925
2026-06-25T13:45:00+00:00,192.83000000000004,193.16000000000003,188.83000000000004,189.08000000000004,12867
2026-06-25T14:00:00+00:00,189.08000000000004,192.60000000000002,189.03000000000003,191.12000000000003,12304
2026-06-25T14:15:00+00:00,191.12000000000003,191.63000000000002,190.33000000000004,191.19000000000003,11179
2026-06-25T14:30:00+00:00,191.19000000000003,192.31000000000003,191.04000000000002,191.30000000000004,9839
2026-06-25T14:45:00+00:00,191.30000000000004,193.15000000000003,190.97000000000003,192.16000000000003,8665
2026-06-25T15:00:00+00:00,192.16000000000003,193.38000000000002,191.90000000000003,192.29000000000002,8209
2026-06-25T15:15:00+00:00,192.29000000000002,192.48000000000005,191.47000000000003,191.87000000000003,8210
2026-06-25T15:30:00+00:00,191.87000000000003,192.59000000000003,191.83000000000004,192.46000000000004,7167
2026-06-25T15:45:00+00:00,192.46000000000004,193.09000000000003,192.28000000000003,192.29000000000002,6271
2026-06-25T16:00:00+00:00,192.29000000000002,193.65000000000003,192.26000000000002,193.42000000000004,6197
2026-06-25T16:15:00+00:00,193.42000000000004,193.76000000000002,192.44000000000003,192.68000000000004,5376
2026-06-25T16:30:00+00:00,192.68000000000004,192.71000000000004,191.62000000000003,191.68000000000004,5411
2026-06-25T16:45:00+00:00,191.68000000000004,191.95000000000005,191.20000000000005,191.55000000000004,5306
2026-06-25T17:00:00+00:00,191.55000000000004,192.07000000000002,191.25000000000003,191.91000000000003,4667
2026-06-25T17:15:00+00:00,191.91000000000003,192.44000000000003,191.50000000000003,192.11000000000004,4935
2026-06-25T17:30:00+00:00,192.11000000000004,192.37000000000003,191.62000000000003,191.73000000000005,4331
2026-06-25T17:45:00+00:00,191.73000000000005,191.76000000000002,191.07000000000002,191.50000000000003,4947
2026-06-25T18:00:00+00:00,191.50000000000003,191.51000000000002,190.42000000000004,191.05000000000004,6048
2026-06-25T18:15:00+00:00,191.05000000000004,192.56000000000003,190.95000000000005,192.47000000000003,5129
2026-06-25T18:30:00+00:00,192.47000000000003,192.48000000000005,191.47000000000003,191.80000000000004,5203
2026-06-25T18:45:00+00:00,191.80000000000004,191.80000000000004,190.80000000000004,191.11000000000004,4746
2026-06-25T19:00:00+00:00,191.11000000000004,191.35000000000002,190.75000000000003,190.81000000000003,4679
2026-06-25T19:15:00+00:00,190.81000000000003,191.28000000000003,190.40000000000003,191.06000000000003,5106
2026-06-25T19:30:00+00:00,191.06000000000003,191.53000000000003,190.59000000000003,191.41000000000003,5228
2026-06-25T19:45:00+00:00,191.41000000000003,192.63000000000002,190.68000000000004,192.50000000000003,6823
2026-06-26T13:30:00+00:00,192.50000000000003,192.50000000000003,187.91000000000003,189.75000000000003,10707
2026-06-26T13:45:00+00:00,189.75000000000003,190.75000000000003,188.94000000000003,190.27000000000004,9793
2026-06-26T14:00:00+00:00,190.27000000000004,190.96000000000004,190.03000000000003,190.70000000000005,9140
2026-06-26T14:15:00+00:00,190.70000000000005,191.23000000000005,189.96000000000004,190.42000000000004,7982
2026-06-26T14:30:00+00:00,190.42000000000004,190.63000000000002,189.35000000000002,189.57000000000002,7830
2026-06-26T14:45:00+00:00,189.57000000000002,190.27000000000004,189.38000000000002,189.80000000000007,7877.60821181888
2026-06-26T15:00:00+00:00,189.80000000000007,190.34000000000006,189.38000000000005,189.42000000000007,7158
2026-06-26T15:15:00+00:00,189.42000000000007,190.38000000000005,189.21000000000006,190.35000000000005,6537
2026-06-26T15:30:00+00:00,190.35000000000005,191.99000000000007,190.32000000000005,191.85000000000005,6126
2026-06-26T15:45:00+00:00,191.85000000000005,191.93000000000006,190.52000000000007,191.09000000000006,6310
2026-06-26T16:00:00+00:00,191.09000000000006,191.14000000000007,190.36000000000007,190.51000000000008,5064
2026-06-26T16:15:00+00:00,190.51000000000008,191.14000000000007,190.36000000000007,190.89000000000007,5053
2026-06-26T16:30:00+00:00,190.89000000000007,191.31000000000006,190.87000000000006,190.95000000000007,4126
2026-06-26T16:45:00+00:00,190.95000000000007,191.14000000000007,190.66000000000005,190.87000000000006,3489
2026-06-26T17:00:00+00:00,190.87000000000006,191.58000000000007,190.75000000000006,191.42000000000007,3379
2026-06-26T17:15:00+00:00,191.42000000000007,191.92000000000007,190.87000000000006,191.76000000000008,3397
2026-06-26T17:30:00+00:00,191.76000000000008,192.29000000000005,191.43000000000006,191.59000000000006,4502
2026-06-26T17:45:00+00:00,191.59000000000006,191.72000000000006,191.04000000000005,191.33000000000007,3632
2026-06-26T18:00:00+00:00,191.33000000000007,192.03000000000006,191.15000000000006,191.40000000000006,4270
2026-06-26T18:15:00+00:00,191.40000000000006,191.46000000000006,190.64000000000007,190.74000000000007,4104
2026-06-26T18:30:00+00:00,190.74000000000007,191.10000000000005,190.49000000000007,190.71000000000006,3754
2026-06-26T18:45:00+00:00,190.71000000000006,190.73000000000008,190.13000000000005,190.42000000000007,4340
2026-06-26T19:00:00+00:00,190.42000000000007,191.26000000000008,190.27000000000007,191.25000000000006,4498
2026-06-26T19:15:00+00:00,191.25000000000006,191.26000000000008,190.62000000000006,190.70000000000007,4160
2026-06-26T19:30:00+00:00,190.70000000000007,191.50000000000006,190.46000000000006,191.48000000000008,4028
2026-06-26T19:45:00+00:00,191.48000000000008,191.92000000000007,188.46000000000006,188.49000000000007,7065
2026-06-29T13:30:00+00:00,188.49000000000007,192.55000000000007,188.49000000000007,192.53000000000006,9967
2026-06-29T13:45:00+00:00,192.53000000000006,192.87000000000006,189.75000000000006,190.03000000000006,9678
2026-06-29T14:00:00+00:00,190.03000000000006,190.39000000000007,187.61000000000007,187.61000000000007,11113
2026-06-29T14:15:00+00:00,187.61000000000007,189.49000000000007,186.53000000000006,189.46000000000006,9463
2026-06-29T14:30:00+00:00,189.46000000000006,191.46000000000006,189.30000000000007,191.15000000000006,7104
2026-06-29T14:45:00+00:00,191.15000000000006,191.67000000000007,190.24000000000007,191.59000000000006,6624
2026-06-29T15:00:00+00:00,191.59000000000006,191.70000000000007,190.84000000000006,191.45000000000007,5805
2026-06-29T15:15:00+00:00,191.45000000000007,191.84000000000006,190.45000000000007,190.97000000000006,4873
2026-06-29T15:30:00+00:00,190.97000000000006,191.10000000000005,190.41000000000005,190.96000000000006,5223
2026-06-29T15:45:00+00:00,190.96000000000006,190.96000000000006,190.32000000000005,190.70000000000007,4086
2026-06-29T16:00:00+00:00,190.70000000000007,190.96000000000006,190.29000000000005,190.37000000000006,3941
2026-06-29T16:15:00+00:00,190.37000000000006,190.59000000000006,189.49000000000007,189.56000000000006,3317
2026-06-29T16:30:00+00:00,189.56000000000006,189.91000000000005,189.44000000000005,189.83000000000007,3225
2026-06-29T16:45:00+00:00,189.83000000000007,190.73000000000008,189.75000000000006,190.55000000000007,2866
2026-06-29T17:00:00+00:00,190.55000000000007,191.44000000000005,190.54000000000005,191.32000000000005,2886
2026-06-29T17:15:00+00:00,191.32000000000005,191.52000000000007,190.99000000000007,191.40000000000006,3360
2026-06-29T17:30:00+00:00,191.40000000000006,191.79000000000005,190.87000000000006,191.10000000000005,2623
2026-06-29T17:45:00+00:00,191.10000000000005,191.20000000000007,190.44000000000005,190.66000000000005,2022
2026-06-29T18:00:00+00:00,190.66000000000005,190.79000000000005,190.41000000000005,190.66000000000005,2694
2026-06-29T18:15:00+00:00,190.66000000000005,190.76000000000008,190.45000000000007,190.52000000000007,2235
2026-06-29T18:30:00+00:00,190.52000000000007,191.00000000000006,190.48000000000008,190.78000000000006,2006
2026-06-29T18:45:00+00:00,190.78000000000006,190.97000000000006,190.59000000000006,190.71000000000006,2000
2026-06-29T19:00:00+00:00,190.71000000000006,191.14000000000007,190.54000000000005,191.04000000000005,2594
2026-06-29T19:15:00+00:00,191.04000000000005,191.61000000000007,190.99000000000007,191.45000000000007,2601
2026-06-29T19:30:00+00:00,191.45000000000007,191.67000000000007,191.24000000000007,191.52000000000007,2722
2026-06-29T19:45:00+00:00,191.52000000000007,191.90000000000006,191.24000000000007,191.64000000000007,4821
2026-06-30T13:30:00+00:00,191.64000000000007,195.76000000000008,191.64000000000007,193.75000000000006,8622
2026-06-30T13:45:00+00:00,193.75000000000006,194.74000000000007,193.08000000000007,194.58000000000007,7218
2026-06-30T14:00:00+00:00,194.58000000000007,195.49000000000007,193.36000000000007,193.68000000000006,7240
2026-06-30T14:15:00+00:00,193.68000000000006,195.00000000000006,193.55000000000007,194.43000000000006,5034
2026-06-30T14:30:00+00:00,194.43000000000006,195.08000000000007,194.06000000000006,194.62000000000006,4861
2026-06-30T14:45:00+00:00,194.62000000000006,194.69000000000005,193.16000000000005,193.79000000000005,5683
2026-06-30T15:00:00+00:00,193.79000000000005,195.39000000000007,193.74000000000007,195.01000000000008,4739
2026-06-30T15:15:00+00:00,195.01000000000008,195.04000000000005,194.46000000000006,194.95000000000007,3875
2026-06-30T15:30:00+00:00,194.95000000000007,195.08000000000007,194.53000000000006,194.78000000000006,3506
2026-06-30T15:45:00+00:00,194.78000000000006,195.39000000000007,194.63000000000005,194.93000000000006,3140
2026-06-30T16:00:00+00:00,194.93000000000006,195.35000000000005,194.64000000000007,194.94000000000005,2624
2026-06-30T16:15:00+00:00,194.94000000000005,195.28000000000006,194.58000000000007,194.68000000000006,2316
2026-06-30T16:30:00+00:00,194.68000000000006,194.96000000000006,194.36000000000007,194.59000000000006,2292
2026-06-30T16:45:00+00:00,194.59000000000006,195.13000000000005,194.40000000000006,194.98000000000008,1889
2026-06-30T17:00:00+00:00,194.98000000000008,195.21000000000006,194.75000000000006,194.92000000000007,2054
2026-06-30T17:15:00+00:00,194.92000000000007,195.29000000000005,194.73000000000008,194.95000000000007,1958
2026-06-30T17:30:00+00:00,194.95000000000007,195.56000000000006,194.79000000000005,195.41000000000005,2203
2026-06-30T17:45:00+00:00,195.41000000000005,195.48000000000008,194.83000000000007,195.12000000000006,1845
2026-06-30T18:00:00+00:00,195.12000000000006,195.49000000000007,195.03000000000006,195.46000000000006,2106
2026-06-30T18:15:00+00:00,195.46000000000006,196.21000000000006,195.40000000000006,195.64000000000007,2436
2026-06-30T18:30:00+00:00,195.64000000000007,195.69000000000005,194.82000000000005,195.23000000000008,2685
2026-06-30T18:45:00+00:00,195.23000000000008,195.82000000000005,195.19000000000005,195.56000000000006,2316
2026-06-30T19:00:00+00:00,195.56000000000006,195.96000000000006,195.47000000000006,195.61000000000007,2632
2026-06-30T19:15:00+00:00,195.61000000000007,196.15000000000006,195.57000000000005,196.02000000000007,2541
2026-06-30T19:30:00+00:00,196.02000000000007,196.35000000000005,195.67000000000007,195.91000000000005,3062
2026-06-30T19:45:00+00:00,195.91000000000005,197.36000000000007,195.09000000000006,196.49000000000007,6292
2026-07-01T13:30:00+00:00,196.49000000000007,196.49000000000007,190.18000000000006,191.14000000000007,10371
2026-07-01T13:45:00+00:00,191.14000000000007,192.44000000000005,191.03000000000006,192.16000000000005,8358
2026-07-01T14:00:00+00:00,192.16000000000005,193.17000000000007,191.74000000000007,192.92000000000007,6760
2026-07-01T14:15:00+00:00,192.92000000000007,193.31000000000006,192.38000000000005,192.94000000000005,5236
2026-07-01T14:30:00+00:00,192.94000000000005,193.14000000000007,191.93000000000006,192.01000000000008,5550
2026-07-01T14:45:00+00:00,192.01000000000008,192.69000000000005,191.20000000000007,192.38000000000008,5989.5420262528105
2026-07-01T15:00:00+00:00,192.38000000000008,193.11000000000007,192.36000000000007,192.94000000000008,5405
2026-07-01T15:15:00+00:00,192.94000000000008,193.7700000000001,192.92000000000007,193.70000000000007,4556
2026-07-01T15:30:00+00:00,193.70000000000007,193.9600000000001,193.5200000000001,193.79000000000008,4059
2026-07-01T15:45:00+00:00,193.79000000000008,193.98000000000008,193.4000000000001,193.86000000000007,3837
2026-07-01T16:00:00+00:00,193.86000000000007,194.04000000000008,193.45000000000007,193.54000000000008,3508
2026-07-01T16:15:00+00:00,193.54000000000008,194.13000000000008,193.3400000000001,193.8400000000001,3290
2026-07-01T16:30:00+00:00,193.8400000000001,194.2100000000001,193.73000000000008,193.94000000000008,2941
2026-07-01T16:45:00+00:00,193.94000000000008,194.41000000000008,193.67000000000007,193.92000000000007,3117
2026-07-01T17:00:00+00:00,193.92000000000007,194.57000000000008,193.7100000000001,194.47000000000008,3558
2026-07-01T17:15:00+00:00,194.47000000000008,195.26000000000008,194.42000000000007,194.98000000000008,2943
2026-07-01T17:30:00+00:00,194.98000000000008,195.60000000000008,194.79000000000008,195.4900000000001,2494
2026-07-01T17:45:00+00:00,195.4900000000001,195.69000000000008,195.22000000000008,195.44000000000008,2754
2026-07-01T18:00:00+00:00,195.44000000000008,195.63000000000008,194.6200000000001,194.69000000000008,2815
2026-07-01T18:15:00+00:00,194.69000000000008,195.0500000000001,194.44000000000008,194.86000000000007,2581
2026-07-01T18:30:00+00:00,194.86000000000007,195.2700000000001,194.7800000000001,195.13000000000008,2111
2026-07-01T18:45:00+00:00,195.13000000000008,195.16000000000008,194.67000000000007,195.1500000000001,2663
2026-07-01T19:00:00+00:00,195.1500000000001,196.6200000000001,195.10000000000008,196.01000000000008,3672
2026-07-01T19:15:00+00:00,196.01000000000008,196.33000000000007,195.8000000000001,196.07000000000008,3159
2026-07-01T19:30:00+00:00,196.07000000000008,196.48000000000008,195.00000000000009,195.01000000000008,3847
2026-07-01T19:45:00+00:00,195.01000000000008,195.5500000000001,194.01000000000008,194.38000000000008,5751
2026-07-02T13:30:00+00:00,194.38000000000008,195.44000000000008,193.54000000000008,194.8700000000001,9005
2026-07-02T13:45:00+00:00,194.8700000000001,195.70000000000007,194.2700000000001,195.6500000000001,7036
2026-07-02T14:00:00+00:00,195.6500000000001,196.82000000000008,195.29000000000008,195.8000000000001,7548
2026-07-02T14:15:00+00:00,195.8000000000001,196.13000000000008,194.20000000000007,194.61000000000007,8251
2026-07-02T14:30:00+00:00,194.61000000000007,194.9600000000001,192.83000000000007,193.23000000000008,9324
2026-07-02T14:45:00+00:00,193.23000000000008,193.64000000000007,191.97000000000008,192.9100000000001,9193.30944055944
2026-07-02T15:00:00+00:00,192.9100000000001,193.1600000000001,191.37000000000012,191.92000000000013,8982
2026-07-02T15:15:00+00:00,191.92000000000013,192.12000000000012,191.08000000000013,191.4400000000001,8588
2026-07-02T15:30:00+00:00,191.4400000000001,192.6600000000001,191.42000000000013,191.7300000000001,6878
2026-07-02T15:45:00+00:00,191.7300000000001,192.0700000000001,190.6900000000001,191.1600000000001,7311
2026-07-02T16:00:00+00:00,191.1600000000001,191.3200000000001,190.53000000000011,191.2200000000001,6989
2026-07-02T16:15:00+00:00,191.2200000000001,191.28000000000011,190.2900000000001,190.46000000000012,6110
2026-07-02T16:30:00+00:00,190.46000000000012,190.83000000000013,189.8500000000001,190.74000000000012,6587
2026-07-02T16:45:00+00:00,190.74000000000012,190.83000000000013,189.81000000000012,190.1600000000001,5784
2026-07-02T17:00:00+00:00,190.1600000000001,190.3800000000001,189.55000000000013,189.7600000000001,6438
2026-07-02T17:15:00+00:00,189.7600000000001,190.08000000000013,189.43000000000012,189.7300000000001,5193
2026-07-02T17:30:00+00:00,189.7300000000001,189.95000000000013,189.0100000000001,189.64000000000013,5743
2026-07-02T17:45:00+00:00,189.64000000000013,189.83000000000013,189.0700000000001,189.20000000000013,5029
2026-07-02T18:00:00+00:00,189.20000000000013,190.3800000000001,189.17000000000013,189.87000000000012,5652
2026-07-02T18:15:00+00:00,189.87000000000012,190.53000000000011,189.30000000000013,190.4400000000001,5214
2026-07-02T18:30:00+00:00,190.4400000000001,190.62000000000012,189.87000000000012,189.90000000000012,4648
2026-07-02T18:45:00+00:00,189.90000000000012,190.43000000000012,189.5700000000001,190.11000000000013,4541
2026-07-02T19:00:00+00:00,190.11000000000013,190.20000000000013,189.20000000000013,189.55000000000013,5594
2026-07-02T19:15:00+00:00,189.55000000000013,190.0100000000001,189.3200000000001,189.78000000000011,5059
2026-07-02T19:30:00+00:00,189.78000000000011,190.4700000000001,189.7200000000001,190.34000000000012,5308
2026-07-02T19:45:00+00:00,190.34000000000012,191.52000000000012,190.0700000000001,191.2200000000001,6655
2026-07-06T13:30:00+00:00,191.2200000000001,192.14000000000013,190.65000000000012,192.02000000000012,8372
2026-07-06T13:45:00+00:00,192.02000000000012,193.17000000000013,191.2200000000001,192.90000000000012,7809
2026-07-06T14:00:00+00:00,192.90000000000012,194.0700000000001,192.70000000000013,193.2500000000001,7318
2026-07-06T14:15:00+00:00,193.2500000000001,193.43000000000012,192.53000000000011,193.2500000000001,5777
2026-07-06T14:30:00+00:00,193.2500000000001,193.43000000000012,192.62000000000012,193.1900000000001,4814
2026-07-06T14:45:00+00:00,193.1900000000001,193.40000000000012,192.33000000000013,192.6900000000001,4313
2026-07-06T15:00:00+00:00,192.6900000000001,192.77000000000012,192.2500000000001,192.36000000000013,4396
2026-07-06T15:15:00+00:00,192.36000000000013,193.2200000000001,192.02000000000012,193.1600000000001,4546
2026-07-06T15:30:00+00:00,193.1600000000001,193.33000000000013,192.83000000000013,192.87000000000012,3716
2026-07-06T15:45:00+00:00,192.87000000000012,193.12000000000012,192.6900000000001,193.08000000000013,2831
2026-07-06T16:00:00+00:00,193.08000000000013,194.18000000000012,192.93000000000012,193.8500000000001,3277
2026-07-06T16:15:00+00:00,193.8500000000001,194.06000000000012,193.5700000000001,193.67000000000013,3012
2026-07-06T16:30:00+00:00,193.67000000000013,193.92000000000013,193.28000000000011,193.36000000000013,2557
2026-07-06T16:45:00+00:00,193.36000000000013,193.39000000000013,192.93000000000012,193.09000000000012,2302
2026-07-06T17:00:00+00:00,193.09000000000012,193.56000000000012,193.0400000000001,193.17000000000013,2294
2026-07-06T17:15:00+00:00,193.17000000000013,193.2300000000001,192.5100000000001,192.64000000000013,2269
2026-07-06T17:30:00+00:00,192.64000000000013,192.7300000000001,192.40000000000012,192.5400000000001,3301
2026-07-06T17:45:00+00:00,192.5400000000001,192.7500000000001,192.30000000000013,192.37000000000012,2517
2026-07-06T18:00:00+00:00,192.37000000000012,193.14000000000013,192.3500000000001,192.95000000000013,2434
2026-07-06T18:15:00+00:00,192.95000000000013,193.3500000000001,192.92000000000013,192.9400000000001,2101
2026-07-06T18:30:00+00:00,192.9400000000001,193.14000000000013,192.70000000000013,192.9800000000001,1716
2026-07-06T18:45:00+00:00,192.9800000000001,193.3200000000001,192.96000000000012,193.2900000000001,1856
2026-07-06T19:00:00+00:00,193.2900000000001,193.64000000000013,193.15000000000012,193.52000000000012,2682
2026-07-06T19:15:00+00:00,193.52000000000012,193.81000000000012,193.4400000000001,193.52000000000012,2400
2026-07-06T19:30:00+00:00,193.52000000000012,193.62000000000012,193.14000000000013,193.33000000000013,2652
2026-07-06T19:45:00+00:00,193.33000000000013,193.68000000000012,192.12000000000012,192.27000000000012,4798
2026-07-07T13:30:00+00:00,192.27000000000012,192.27000000000012,188.11000000000013,189.2300000000001,12290
2026-07-07T13:45:00+00:00,189.2300000000001,189.56000000000012,188.24000000000012,189.3200000000001,10140
2026-07-07T14:00:00+00:00,189.3200000000001,190.1600000000001,189.20000000000013,189.64000000000013,10454
2026-07-07T14:15:00+00:00,189.64000000000013,189.7300000000001,188.1300000000001,188.52000000000012,9920
2026-07-07T14:30:00+00:00,188.52000000000012,188.84000000000012,187.8200000000001,188.30000000000013,8900
2026-07-07T14:45:00+00:00,188.30000000000013,189.46000000000012,188.2600000000001,189.2200000000001,7229
2026-07-07T15:00:00+00:00,189.2200000000001,190.03000000000011,188.99000000000012,189.70000000000013,5945
2026-07-07T15:15:00+00:00,189.70000000000013,189.87000000000012,189.21000000000012,189.7300000000001,5845
2026-07-07T15:30:00+00:00,189.7300000000001,190.1600000000001,189.4700000000001,190.15000000000012,4883
2026-07-07T15:45:00+00:00,190.15000000000012,191.45000000000013,190.1000000000001,191.40000000000012,4747
2026-07-07T16:00:00+00:00,191.40000000000012,192.83000000000013,191.27000000000012,192.7900000000001,4923
2026-07-07T16:15:00+00:00,192.7900000000001,194.2600000000001,192.64000000000013,194.05000000000013,4815
2026-07-07T16:30:00+00:00,194.05000000000013,194.80000000000013,193.45000000000013,193.9700000000001,4695
2026-07-07T16:45:00+00:00,193.9700000000001,194.1900000000001,193.30000000000013,194.12000000000012,3505
2026-07-07T17:00:00+00:00,194.12000000000012,195.0700000000001,194.0100000000001,194.12000000000012,4075
2026-07-07T17:15:00+00:00,194.12000000000012,194.6900000000001,193.96000000000012,194.11000000000013,3604
2026-07-07T17:30:00+00:00,194.11000000000013,194.92000000000013,194.03000000000011,194.6000000000001,3130
2026-07-07T17:45:00+00:00,194.6000000000001,194.81000000000012,194.2900000000001,194.62000000000012,2726
2026-07-07T18:00:00+00:00,194.62000000000012,194.6300000000001,193.9700000000001,194.1900000000001,2939
2026-07-07T18:15:00+00:00,194.1900000000001,194.46000000000012,193.89000000000013,193.93000000000012,2716
2026-07-07T18:30:00+00:00,193.93000000000012,194.3200000000001,193.62000000000012,193.7500000000001,3126
2026-07-07T18:45:00+00:00,193.7500000000001,194.03000000000011,192.9800000000001,193.08000000000013,4795
2026-07-07T19:00:00+00:00,193.08000000000013,193.58000000000013,192.84000000000012,193.18000000000012,5276
2026-07-07T19:15:00+00:00,193.18000000000012,193.18000000000012,192.37000000000012,192.81000000000012,5734
2026-07-07T19:30:00+00:00,192.81000000000012,193.34000000000012,192.15000000000012,192.6900000000001,5622
2026-07-07T19:45:00+00:00,192.6900000000001,193.6900000000001,192.5000000000001,193.62000000000012,6083
2026-07-08T13:30:00+00:00,193.62000000000012,195.14000000000013,191.6900000000001,194.92000000000013,8853
2026-07-08T13:45:00+00:00,194.92000000000013,196.52000000000012,193.77000000000012,194.2600000000001,9512
2026-07-08T14:00:00+00:00,194.2600000000001,194.3800000000001,193.0400000000001,194.0100000000001,8832
2026-07-08T14:15:00+00:00,194.0100000000001,194.2600000000001,193.20000000000013,193.67000000000013,8125
2026-07-08T14:30:00+00:00,193.67000000000013,194.0400000000001,193.4400000000001,193.9100000000001,7994
2026-07-08T14:45:00+00:00,193.9100000000001,195.7500000000001,192.7200000000001,195.4700000000001,8425.358437845214
2026-07-08T15:00:00+00:00,195.4700000000001,196.1300000000001,193.86000000000013,193.9400000000001,5085
2026-07-08T15:15:00+00:00,193.9400000000001,194.15000000000012,193.09000000000012,193.2600000000001,5305
2026-07-08T15:30:00+00:00,193.2600000000001,194.5400000000001,193.24000000000012,194.15000000000012,5558
2026-07-08T15:45:00+00:00,194.15000000000012,194.28000000000011,193.5700000000001,193.92000000000013,4544
2026-07-08T16:00:00+00:00,193.92000000000013,195.39000000000013,193.90000000000012,195.37000000000012,4772
2026-07-08T16:15:00+00:00,195.37000000000012,196.80000000000013,195.1300000000001,195.96000000000012,4635
2026-07-08T16:30:00+00:00,195.96000000000012,196.58000000000013,195.61000000000013,196.28000000000011,5169
2026-07-08T16:45:00+00:00,196.28000000000011,197.89000000000013,196.03000000000011,197.70000000000013,4225
2026-07-08T17:00:00+00:00,197.70000000000013,197.8200000000001,196.9400000000001,197.30000000000013,3919
2026-07-08T17:15:00+00:00,197.30000000000013,199.8200000000001,197.30000000000013,199.77000000000012,3835
2026-07-08T17:30:00+00:00,199.77000000000012,200.4100000000001,199.20000000000013,199.30000000000013,4276
2026-07-08T17:45:00+00:00,199.30000000000013,199.3800000000001,198.6300000000001,198.90000000000012,3249
2026-07-08T18:00:00+00:00,198.90000000000012,199.49000000000012,198.6000000000001,199.23000000000013,4131
2026-07-08T18:15:00+00:00,199.23000000000013,199.65000000000012,198.8800000000001,198.90000000000012,3293
2026-07-08T18:30:00+00:00,198.90000000000012,199.93000000000012,198.7900000000001,199.7900000000001,3659
2026-07-08T18:45:00+00:00,199.7900000000001,200.90000000000012,199.59000000000012,200.87000000000012,3031
2026-07-08T19:00:00+00:00,200.87000000000012,201.5100000000001,200.81000000000012,201.05000000000013,4020
2026-07-08T19:15:00+00:00,201.05000000000013,201.2600000000001,200.7600000000001,201.1300000000001,3258
2026-07-08T19:30:00+00:00,201.1300000000001,201.8500000000001,200.4700000000001,201.12000000000012,4178
2026-07-08T19:45:00+00:00,201.12000000000012,201.64000000000013,200.5400000000001,200.7900000000001,5857
2026-07-09T13:30:00+00:00,200.7900000000001,201.1300000000001,198.2500000000001,198.3500000000001,9500
2026-07-09T13:45:00+00:00,198.3500000000001,199.37000000000012,198.02000000000012,198.7500000000001,7064
2026-07-09T14:00:00+00:00,198.7500000000001,198.86000000000013,196.3800000000001,196.92000000000013,7034
2026-07-09T14:15:00+00:00,196.92000000000013,196.98000000000013,195.67000000000013,196.9100000000001,8458
2026-07-09T14:30:00+00:00,196.9100000000001,197.56000000000012,196.0000000000001,197.4400000000001,6836
2026-07-09T14:45:00+00:00,197.4400000000001,198.37000000000012,197.21000000000012,197.98000000000013,6327
2026-07-09T15:00:00+00:00,197.98000000000013,198.7500000000001,197.81000000000012,198.08000000000013,5088
2026-07-09T15:15:00+00:00,198.08000000000013,198.90000000000012,197.70000000000013,198.43000000000012,4120
2026-07-09T15:30:00+00:00,198.43000000000012,198.48000000000013,197.86000000000013,198.08000000000013,3668
2026-07-09T15:45:00+00:00,198.08000000000013,198.83000000000013,198.03000000000011,198.45000000000013,3196
2026-07-09T16:00:00+00:00,198.45000000000013,199.2200000000001,198.40000000000012,198.74000000000012,3203
2026-07-09T16:15:00+00:00,198.74000000000012,199.0700000000001,198.61000000000013,198.8800000000001,2764
2026-07-09T16:30:00+00:00,198.8800000000001,199.27000000000012,198.42000000000013,198.4700000000001,2961
2026-07-09T16:45:00+00:00,198.4700000000001,198.6900000000001,198.33000000000013,198.4100000000001,2329
2026-07-09T17:00:00+00:00,198.4100000000001,199.95000000000013,198.39000000000013,199.77000000000012,2524
2026-07-09T17:15:00+00:00,199.77000000000012,200.0400000000001,199.45000000000013,199.53000000000011,2339
2026-07-09T17:30:00+00:00,199.53000000000011,200.0100000000001,199.4700000000001,199.87000000000012,2403
2026-07-09T17:45:00+00:00,199.87000000000012,200.23000000000013,199.8200000000001,200.02000000000012,2234
2026-07-09T18:00:00+00:00,200.02000000000012,200.2600000000001,199.7200000000001,199.9100000000001,2280
2026-07-09T18:15:00+00:00,199.9100000000001,200.23000000000013,199.62000000000012,200.21000000000012,2466
2026-07-09T18:30:00+00:00,200.21000000000012,200.9100000000001,200.21000000000012,200.70000000000013,2764
2026-07-09T18:45:00+00:00,200.70000000000013,200.7200000000001,200.1000000000001,200.1600000000001,2302
2026-07-09T19:00:00+00:00,200.1600000000001,200.23000000000013,199.65000000000012,200.1000000000001,2603
2026-07-09T19:15:00+00:00,200.1000000000001,201.2900000000001,200.03000000000011,200.5000000000001,2884
2026-07-09T19:30:00+00:00,200.5000000000001,200.83000000000013,200.20000000000013,200.65000000000012,3124
2026-07-09T19:45:00+00:00,200.65000000000012,200.81000000000012,199.28000000000011,199.45000000000013,4311
2026-07-10T13:30:00+00:00,199.45000000000013,201.6900000000001,198.56000000000012,201.33000000000013,7955
2026-07-10T13:45:00+00:00,201.33000000000013,204.14000000000013,201.0700000000001,204.0400000000001,8267
2026-07-10T14:00:00+00:00,204.0400000000001,204.8500000000001,202.6000000000001,204.71000000000012,7387
2026-07-10T14:15:00+00:00,204.71000000000012,204.7500000000001,202.9400000000001,204.0000000000001,6948
2026-07-10T14:30:00+00:00,204.0000000000001,204.53000000000011,202.40000000000012,203.6000000000001,9830
2026-07-10T14:45:00+00:00,203.6000000000001,203.92000000000013,202.6300000000001,202.78000000000011,6436.7731794667725
2026-07-10T15:00:00+00:00,202.78000000000011,204.08000000000013,202.53000000000011,203.85000000000014,6254
2026-07-10T15:15:00+00:00,203.85000000000014,205.4700000000001,203.85000000000014,205.23000000000013,5097
2026-07-10T15:30:00+00:00,205.23000000000013,206.14000000000013,204.30000000000013,204.65000000000012,6186
2026-07-10T15:45:00+00:00,204.65000000000012,206.06000000000012,204.48000000000013,205.67000000000013,5505
2026-07-10T16:00:00+00:00,205.67000000000013,206.2500000000001,205.56000000000012,205.71000000000012,4418
2026-07-10T16:15:00+00:00,205.71000000000012,207.2200000000001,205.67000000000013,206.45000000000013,4472
2026-07-10T16:30:00+00:00,206.45000000000013,207.04000000000013,206.34000000000012,206.48000000000013,3171
2026-07-10T16:45:00+00:00,206.48000000000013,206.69000000000014,206.07000000000014,206.27000000000012,2756
2026-07-10T17:00:00+00:00,206.27000000000012,206.86000000000013,206.16000000000014,206.51000000000013,2532
2026-07-10T17:15:00+00:00,206.51000000000013,206.98000000000013,206.31000000000012,206.83000000000013,2220
2026-07-10T17:30:00+00:00,206.83000000000013,207.45000000000013,206.73000000000013,207.42000000000013,2759
2026-07-10T17:45:00+00:00,207.42000000000013,207.54000000000013,206.98000000000013,207.04000000000013,2324
2026-07-10T18:00:00+00:00,207.04000000000013,207.51000000000013,206.62000000000012,206.73000000000013,2576
2026-07-10T18:15:00+00:00,206.73000000000013,207.19000000000014,206.59000000000012,206.96000000000012,2324
2026-07-10T18:30:00+00:00,206.96000000000012,207.08000000000013,206.45000000000013,206.65000000000012,2210
2026-07-10T18:45:00+00:00,206.65000000000012,206.92000000000013,206.4700000000001,206.80000000000013,1654
2026-07-10T19:00:00+00:00,206.80000000000013,207.39000000000013,206.76000000000013,206.90000000000012,2057
2026-07-10T19:15:00+00:00,206.90000000000012,206.90000000000012,206.40000000000012,206.63000000000014,2340
2026-07-10T19:30:00+00:00,206.63000000000014,206.95000000000013,206.30000000000013,206.30000000000013,2353
2026-07-10T19:45:00+00:00,206.30000000000013,207.66000000000014,206.23000000000013,207.62000000000012,3431
2026-07-13T13:30:00+00:00,207.62000000000012,207.62000000000012,204.31000000000012,204.73000000000013,7830
2026-07-13T13:45:00+00:00,204.73000000000013,205.46000000000012,203.67000000000013,205.34000000000012,7450
2026-07-13T14:00:00+00:00,205.34000000000012,206.23000000000013,204.98000000000013,205.77000000000012,6610
2026-07-13T14:15:00+00:00,205.77000000000012,205.94000000000014,204.38000000000014,205.29000000000013,6956
2026-07-13T14:30:00+00:00,205.29000000000013,205.53000000000011,203.71000000000012,203.98000000000013,6466
2026-07-13T14:45:00+00:00,203.98000000000013,204.30000000000013,203.30000000000013,204.06000000000012,6061
2026-07-13T15:00:00+00:00,204.06000000000012,204.34000000000012,203.71000000000012,204.08000000000013,5298
2026-07-13T15:15:00+00:00,204.08000000000013,204.71000000000012,203.96000000000012,204.45000000000013,5067
2026-07-13T15:30:00+00:00,204.45000000000013,204.70000000000013,203.76000000000013,203.81000000000012,5023
2026-07-13T15:45:00+00:00,203.81000000000012,203.86000000000013,203.33000000000013,203.41000000000014,4394
2026-07-13T16:00:00+00:00,203.41000000000014,203.48000000000013,202.46000000000012,202.92000000000013,4601
2026-07-13T16:15:00+00:00,202.92000000000013,202.92000000000013,202.2200000000001,202.55000000000013,4131
2026-07-13T16:30:00+00:00,202.55000000000013,202.56000000000012,201.17000000000013,201.79000000000013,5528
2026-07-13T16:45:00+00:00,201.79000000000013,201.90000000000012,200.98000000000013,201.29000000000013,4605
2026-07-13T17:00:00+00:00,201.29000000000013,201.83000000000013,201.15000000000012,201.35000000000014,3718
2026-07-13T17:15:00+00:00,201.35000000000014,201.46000000000012,200.5000000000001,200.89000000000013,3916
2026-07-13T17:30:00+00:00,200.89000000000013,201.01000000000013,200.36000000000013,200.66000000000014,4016
2026-07-13T17:45:00+00:00,200.66000000000014,200.80000000000013,200.13000000000014,200.31000000000012,4098
2026-07-13T18:00:00+00:00,200.31000000000012,201.11000000000013,200.26000000000013,200.81000000000012,4187
2026-07-13T18:15:00+00:00,200.81000000000012,200.90000000000012,200.27000000000012,200.29000000000013,3668
2026-07-13T18:30:00+00:00,200.29000000000013,200.96000000000012,200.0000000000001,200.7500000000001,3811
2026-07-13T18:45:00+00:00,200.7500000000001,200.81000000000012,200.20000000000013,200.43000000000012,3609
2026-07-13T19:00:00+00:00,200.43000000000012,201.16000000000014,200.26000000000013,200.51000000000013,4104
2026-07-13T19:15:00+00:00,200.51000000000013,200.71000000000012,200.20000000000013,200.48000000000013,4231
2026-07-13T19:30:00+00:00,200.48000000000013,201.0000000000001,200.27000000000012,200.68000000000012,4689
2026-07-13T19:45:00+00:00,200.68000000000012,201.11000000000013,200.12000000000012,200.12000000000012,6138
2026-07-14T13:30:00+00:00,200.12000000000012,204.85000000000014,200.12000000000012,200.83000000000013,7991
2026-07-14T13:45:00+00:00,200.83000000000013,202.19000000000014,200.81000000000012,201.62000000000012,7405
2026-07-14T14:00:00+00:00,201.62000000000012,201.76000000000013,200.7200000000001,201.34000000000012,7824
2026-07-14T14:15:00+00:00,201.34000000000012,202.68000000000012,200.88000000000014,202.20000000000013,7918
2026-07-14T14:30:00+00:00,202.20000000000013,204.01000000000013,201.86000000000013,203.13000000000014,6937
2026-07-14T14:45:00+00:00,203.13000000000014,204.35000000000014,203.01000000000013,204.14000000000013,6083
2026-07-14T15:00:00+00:00,204.14000000000013,204.98000000000013,203.87000000000012,204.43000000000012,6162
2026-07-14T15:15:00+00:00,204.43000000000012,205.80000000000013,204.40000000000012,205.76000000000013,5240
2026-07-14T15:30:00+00:00,205.76000000000013,205.96000000000012,205.08000000000013,205.78000000000011,5402
2026-07-14T15:45:00+00:00,205.78000000000011,205.96000000000012,204.98000000000013,205.83000000000013,5100
2026-07-14T16:00:00+00:00,205.83000000000013,205.93000000000012,204.9700000000001,205.21000000000012,4863
2026-07-14T16:15:00+00:00,205.21000000000012,206.24000000000012,205.02000000000012,206.23000000000013,4317
2026-07-14T16:30:00+00:00,206.23000000000013,206.92000000000013,205.95000000000013,206.74000000000012,3854
2026-07-14T16:45:00+00:00,206.74000000000012,207.57000000000014,206.45000000000013,207.54000000000013,3259
2026-07-14T17:00:00+00:00,207.54000000000013,208.14000000000013,207.45000000000013,207.88000000000014,3299
2026-07-14T17:15:00+00:00,207.88000000000014,208.18000000000012,207.54000000000013,207.68000000000012,3029
2026-07-14T17:30:00+00:00,207.68000000000012,207.90000000000012,207.17000000000013,207.42000000000013,2682
2026-07-14T17:45:00+00:00,207.42000000000013,208.15000000000012,207.34000000000012,207.99000000000012,2460
2026-07-14T18:00:00+00:00,207.99000000000012,208.66000000000014,207.82000000000014,208.56000000000012,2462
2026-07-14T18:15:00+00:00,208.56000000000012,208.76000000000013,208.24000000000012,208.43000000000012,2526
2026-07-14T18:30:00+00:00,208.43000000000012,209.20000000000013,208.38000000000014,208.73000000000013,3158
2026-07-14T18:45:00+00:00,208.73000000000013,209.09000000000012,208.57000000000014,208.9700000000001,2493
2026-07-14T19:00:00+00:00,208.9700000000001,209.01000000000013,208.13000000000014,208.39000000000013,2881
2026-07-14T19:15:00+00:00,208.39000000000013,208.89000000000013,207.91000000000014,207.92000000000013,2955
2026-07-14T19:30:00+00:00,207.92000000000013,208.54000000000013,207.68000000000012,208.39000000000013,3357
2026-07-14T19:45:00+00:00,208.39000000000013,208.96000000000012,208.19000000000014,208.48000000000013,4220
2026-07-15T13:30:00+00:00,208.48000000000013,210.44000000000014,207.82000000000014,208.65000000000012,7307
2026-07-15T13:45:00+00:00,208.65000000000012,208.70000000000013,207.37000000000012,208.55000000000013,7258
2026-07-15T14:00:00+00:00,208.55000000000013,208.7200000000001,206.93000000000012,208.01000000000013,6603
2026-07-15T14:15:00+00:00,208.01000000000013,208.64000000000013,206.03000000000011,207.36000000000013,7267
2026-07-15T14:30:00+00:00,207.36000000000013,207.46000000000012,206.02000000000012,206.63000000000014,7403
2026-07-15T14:45:00+00:00,206.63000000000014,207.32000000000014,206.23000000000013,206.7000000000001,6635.9057708606215
2026-07-15T15:00:00+00:00,206.7000000000001,206.88000000000008,205.76000000000008,205.8100000000001,6207
2026-07-15T15:15:00+00:00,205.8100000000001,206.19000000000008,205.04000000000008,206.1800000000001,6352
2026-07-15T15:30:00+00:00,206.1800000000001,206.3900000000001,205.4300000000001,205.5800000000001,4953
2026-07-15T15:45:00+00:00,205.5800000000001,205.66000000000008,205.0300000000001,205.3000000000001,5059
2026-07-15T16:00:00+00:00,205.3000000000001,205.4500000000001,203.50000000000009,203.6200000000001,6019
2026-07-15T16:15:00+00:00,203.6200000000001,203.9600000000001,203.19000000000008,203.51000000000008,5512
2026-07-15T16:30:00+00:00,203.51000000000008,203.76000000000008,202.7100000000001,203.32000000000008,5187
2026-07-15T16:45:00+00:00,203.32000000000008,204.3000000000001,203.1500000000001,203.97000000000008,4748
2026-07-15T17:00:00+00:00,203.97000000000008,205.04000000000008,203.82000000000008,204.6100000000001,3400
2026-07-15T17:15:00+00:00,204.6100000000001,205.7800000000001,204.5800000000001,205.7000000000001,3369
2026-07-15T17:30:00+00:00,205.7000000000001,206.07000000000008,205.5300000000001,205.7700000000001,2911
2026-07-15T17:45:00+00:00,205.7700000000001,206.47000000000008,205.7100000000001,206.3100000000001,3155
2026-07-15T18:00:00+00:00,206.3100000000001,207.1800000000001,206.2400000000001,207.04000000000008,2795
2026-07-15T18:15:00+00:00,207.04000000000008,207.4300000000001,206.5900000000001,207.1500000000001,2786
2026-07-15T18:30:00+00:00,207.1500000000001,207.3700000000001,206.88000000000008,207.0300000000001,2637
2026-07-15T18:45:00+00:00,207.0300000000001,207.32000000000008,206.5200000000001,206.94000000000008,3571
2026-07-15T19:00:00+00:00,206.94000000000008,208.69000000000008,206.85000000000008,208.3000000000001,4173
2026-07-15T19:15:00+00:00,208.3000000000001,208.41000000000008,207.0800000000001,207.63000000000008,3661
2026-07-15T19:30:00+00:00,207.63000000000008,208.5200000000001,207.5300000000001,208.3900000000001,3877
2026-07-15T19:45:00+00:00,208.3900000000001,209.23000000000008,207.9200000000001,209.19000000000008,4634
2026-07-16T13:30:00+00:00,209.19000000000008,209.19000000000008,204.1500000000001,204.4300000000001,7650
2026-07-16T13:45:00+00:00,204.4300000000001,205.1500000000001,203.8300000000001,204.16000000000008,7889
2026-07-16T14:00:00+00:00,204.16000000000008,205.3100000000001,203.9600000000001,205.25000000000009,7823
2026-07-16T14:15:00+00:00,205.25000000000009,205.94000000000008,204.5900000000001,205.60000000000008,7128
2026-07-16T14:30:00+00:00,205.60000000000008,205.8100000000001,204.3100000000001,204.4900000000001,5827
2026-07-16T14:45:00+00:00,204.4900000000001,204.6800000000001,202.6800000000001,203.1400000000001,6472
2026-07-16T15:00:00+00:00,203.1400000000001,203.41000000000008,202.5200000000001,202.7000000000001,5901
2026-07-16T15:15:00+00:00,202.7000000000001,203.76000000000008,202.57000000000008,203.7100000000001,5717
2026-07-16T15:30:00+00:00,203.7100000000001,204.54000000000008,203.38000000000008,204.10000000000008,5048
2026-07-16T15:45:00+00:00,204.10000000000008,204.6100000000001,203.72000000000008,204.2800000000001,4837
2026-07-16T16:00:00+00:00,204.2800000000001,204.8400000000001,203.13000000000008,203.32000000000008,5286
2026-07-16T16:15:00+00:00,203.32000000000008,203.9200000000001,203.1500000000001,203.9000000000001,5274
2026-07-16T16:30:00+00:00,203.9000000000001,204.48000000000008,203.75000000000009,203.9600000000001,4593
2026-07-16T16:45:00+00:00,203.9600000000001,204.26000000000008,203.4900000000001,203.85000000000008,4617
2026-07-16T17:00:00+00:00,203.85000000000008,204.3600000000001,203.2800000000001,203.75000000000009,4266
2026-07-16T17:15:00+00:00,203.75000000000009,204.01000000000008,203.4200000000001,203.98000000000008,3967
2026-07-16T17:30:00+00:00,203.98000000000008,204.13000000000008,202.6800000000001,202.85000000000008,4033
2026-07-16T17:45:00+00:00,202.85000000000008,203.50000000000009,202.5500000000001,203.3400000000001,3957
2026-07-16T18:00:00+00:00,203.3400000000001,203.91000000000008,202.94000000000008,203.4900000000001,4655
2026-07-16T18:15:00+00:00,203.4900000000001,204.0600000000001,203.25000000000009,203.5600000000001,4166
2026-07-16T18:30:00+00:00,203.5600000000001,203.6400000000001,203.1800000000001,203.6200000000001,4096
2026-07-16T18:45:00+00:00,203.6200000000001,204.0900000000001,203.5500000000001,203.7000000000001,3245
2026-07-16T19:00:00+00:00,203.7000000000001,204.3300000000001,203.35000000000008,203.48000000000008,4543
2026-07-16T19:15:00+00:00,203.48000000000008,203.8700000000001,202.8100000000001,203.13000000000008,4551
2026-07-16T19:30:00+00:00,203.13000000000008,203.25000000000009,202.63000000000008,202.72000000000008,5198
2026-07-16T19:45:00+00:00,202.72000000000008,204.2400000000001,202.6400000000001,204.16000000000008,7651
2026-07-17T13:30:00+00:00,204.16000000000008,204.16000000000008,194.6400000000001,195.0200000000001,10126
2026-07-17T13:45:00+00:00,195.0200000000001,198.35000000000008,194.9200000000001,198.32000000000008,9001
2026-07-17T14:00:00+00:00,198.32000000000008,202.2000000000001,198.1700000000001,201.16000000000008,9899
2026-07-17T14:15:00+00:00,201.16000000000008,202.8400000000001,200.2700000000001,200.47000000000008,8267
2026-07-17T14:30:00+00:00,200.47000000000008,201.32000000000008,199.5500000000001,199.91000000000008,7825
2026-07-17T14:45:00+00:00,199.91000000000008,200.9600000000001,199.44000000000008,199.66000000000008,7455.336718332443
2026-07-17T15:00:00+00:00,199.66000000000008,200.1200000000001,199.00000000000009,199.9300000000001,7238
2026-07-17T15:15:00+00:00,199.9300000000001,200.70000000000007,199.7100000000001,200.54000000000008,6309
2026-07-17T15:30:00+00:00,200.54000000000008,201.5900000000001,200.4600000000001,201.0500000000001,6776
2026-07-17T15:45:00+00:00,201.0500000000001,202.0300000000001,200.9300000000001,201.76000000000008,5861
2026-07-17T16:00:00+00:00,201.76000000000008,202.0300000000001,200.6500000000001,201.6500000000001,6586
2026-07-17T16:15:00+00:00,201.6500000000001,201.9200000000001,200.8000000000001,201.47000000000008,5683
2026-07-17T16:30:00+00:00,201.47000000000008,201.95000000000007,201.20000000000007,201.9300000000001,5343
2026-07-17T16:45:00+00:00,201.9300000000001,202.8000000000001,201.8000000000001,202.25000000000009,4559
2026-07-17T17:00:00+00:00,202.25000000000009,203.2800000000001,202.1800000000001,202.8100000000001,4778
2026-07-17T17:15:00+00:00,202.8100000000001,203.01000000000008,201.9900000000001,202.7800000000001,4775
2026-07-17T17:30:00+00:00,202.7800000000001,202.8700000000001,201.7400000000001,201.9200000000001,4731
2026-07-17T17:45:00+00:00,201.9200000000001,202.1400000000001,200.88000000000008,201.0500000000001,4194
2026-07-17T18:00:00+00:00,201.0500000000001,201.35000000000008,200.2400000000001,200.26000000000008,4351
2026-07-17T18:15:00+00:00,200.26000000000008,200.3400000000001,199.6500000000001,200.0300000000001,4614
2026-07-17T18:30:00+00:00,200.0300000000001,200.5500000000001,199.44000000000008,199.7100000000001,4670
2026-07-17T18:45:00+00:00,199.7100000000001,200.3100000000001,199.5900000000001,199.9300000000001,4279
2026-07-17T19:00:00+00:00,199.9300000000001,200.0300000000001,198.7400000000001,198.91000000000008,4615
2026-07-17T19:15:00+00:00,198.91000000000008,199.76000000000008,198.2700000000001,199.60000000000008,5443
2026-07-17T19:30:00+00:00,199.60000000000008,199.98000000000008,199.1400000000001,199.6700000000001,6544
2026-07-17T19:45:00+00:00,199.6700000000001,200.4600000000001,199.20000000000007,199.29000000000008,6420
2026-07-20T13:30:00+00:00,199.29000000000008,204.35000000000008,199.29000000000008,203.8300000000001,7698
2026-07-20T13:45:00+00:00,203.8300000000001,203.9300000000001,202.23000000000008,202.4900000000001,7714
2026-07-20T14:00:00+00:00,202.4900000000001,203.2100000000001,201.91000000000008,202.3700000000001,7890
2026-07-20T14:15:00+00:00,202.3700000000001,202.63000000000008,201.29000000000008,202.57000000000008,6598
2026-07-20T14:30:00+00:00,202.57000000000008,202.8900000000001,201.85000000000008,202.1400000000001,7155
2026-07-20T14:45:00+00:00,202.1400000000001,202.54000000000008,201.22000000000008,201.4900000000001,7541
2026-07-20T15:00:00+00:00,201.4900000000001,202.72000000000008,201.3400000000001,202.4300000000001,6746
2026-07-20T15:15:00+00:00,202.4300000000001,203.1400000000001,202.26000000000008,203.13000000000008,5338
2026-07-20T15:30:00+00:00,203.13000000000008,203.1700000000001,202.1400000000001,202.7700000000001,5113
2026-07-20T15:45:00+00:00,202.7700000000001,202.8300000000001,201.41000000000008,202.5500000000001,4286
2026-07-20T16:00:00+00:00,202.5500000000001,202.98000000000008,202.38000000000008,202.5300000000001,3634
2026-07-20T16:15:00+00:00,202.5300000000001,202.57000000000008,201.76000000000008,201.9000000000001,3822
2026-07-20T16:30:00+00:00,201.9000000000001,202.00000000000009,200.94000000000008,200.95000000000007,4480
2026-07-20T16:45:00+00:00,200.95000000000007,201.45000000000007,200.3000000000001,200.6700000000001,3637
2026-07-20T17:00:00+00:00,200.6700000000001,200.73000000000008,199.76000000000008,199.8400000000001,3147
2026-07-20T17:15:00+00:00,199.8400000000001,200.5600000000001,199.69000000000008,200.41000000000008,3249
2026-07-20T17:30:00+00:00,200.41000000000008,200.91000000000008,200.2800000000001,200.6200000000001,2696
2026-07-20T17:45:00+00:00,200.6200000000001,201.35000000000008,200.60000000000008,201.0600000000001,2777
2026-07-20T18:00:00+00:00,201.0600000000001,201.54000000000008,201.0500000000001,201.4900000000001,2553
2026-07-20T18:15:00+00:00,201.4900000000001,201.66000000000008,200.8700000000001,200.95000000000007,2896
2026-07-20T18:30:00+00:00,200.95000000000007,200.95000000000007,200.26000000000008,200.26000000000008,3480
2026-07-20T18:45:00+00:00,200.26000000000008,200.3400000000001,199.7800000000001,199.9900000000001,3184
2026-07-20T19:00:00+00:00,199.9900000000001,200.10000000000008,199.0200000000001,199.1100000000001,4005
2026-07-20T19:15:00+00:00,199.1100000000001,199.70000000000007,198.9300000000001,199.5500000000001,3981
2026-07-20T19:30:00+00:00,199.5500000000001,200.0300000000001,199.3300000000001,199.6700000000001,3867
2026-07-20T19:45:00+00:00,199.6700000000001,200.0800000000001,199.25000000000009,200.01000000000008,5412
2026-07-21T13:30:00+00:00,200.01000000000008,205.25000000000009,200.01000000000008,203.3100000000001,8170
2026-07-21T13:45:00+00:00,203.3100000000001,203.69000000000008,201.4600000000001,202.0600000000001,7430
2026-07-21T14:00:00+00:00,202.0600000000001,202.5600000000001,200.66000000000008,201.1500000000001,7267
2026-07-21T14:15:00+00:00,201.1500000000001,202.10000000000008,200.6500000000001,201.98000000000008,6010
2026-07-21T14:30:00+00:00,201.98000000000008,202.1700000000001,201.35000000000008,202.10000000000008,5443
2026-07-21T14:45:00+00:00,202.10000000000008,202.5300000000001,201.72000000000008,202.47000000000008,4741
2026-07-21T15:00:00+00:00,202.47000000000008,203.20000000000007,202.0900000000001,202.82000000000008,4641
2026-07-21T15:15:00+00:00,202.82000000000008,203.3600000000001,202.3400000000001,203.25000000000009,4117
2026-07-21T15:30:00+00:00,203.25000000000009,203.4600000000001,202.75000000000009,202.7800000000001,3569
2026-07-21T15:45:00+00:00,202.7800000000001,203.13000000000008,202.35000000000008,202.4000000000001,2602
2026-07-21T16:00:00+00:00,202.4000000000001,203.16000000000008,202.22000000000008,202.47000000000008,2767
2026-07-21T16:15:00+00:00,202.47000000000008,202.75000000000009,201.66000000000008,201.72000000000008,2906
2026-07-21T16:30:00+00:00,201.72000000000008,202.04000000000008,201.4600000000001,201.95000000000007,2836
2026-07-21T16:45:00+00:00,201.95000000000007,202.1400000000001,201.60000000000008,202.0800000000001,2680
2026-07-21T17:00:00+00:00,202.0800000000001,203.01000000000008,201.9300000000001,203.01000000000008,3323
2026-07-21T17:15:00+00:00,203.01000000000008,203.01000000000008,202.3000000000001,202.7700000000001,2763
2026-07-21T17:30:00+00:00,202.7700000000001,203.6200000000001,202.7700000000001,203.4200000000001,2585
2026-07-21T17:45:00+00:00,203.4200000000001,203.57000000000008,202.82000000000008,202.9200000000001,2047
2026-07-21T18:00:00+00:00,202.9200000000001,203.3000000000001,202.79000000000008,202.8300000000001,2370
2026-07-21T18:15:00+00:00,202.8300000000001,203.0800000000001,202.5800000000001,202.88000000000008,1964
2026-07-21T18:30:00+00:00,202.88000000000008,203.7100000000001,202.85000000000008,203.6200000000001,2072
2026-07-21T18:45:00+00:00,203.6200000000001,203.9900000000001,203.5500000000001,203.8100000000001,2322
2026-07-21T19:00:00+00:00,203.8100000000001,203.94000000000008,203.13000000000008,203.38000000000008,2448
2026-07-21T19:15:00+00:00,203.38000000000008,203.8400000000001,203.25000000000009,203.4200000000001,2619
2026-07-21T19:30:00+00:00,203.4200000000001,203.85000000000008,203.25000000000009,203.5800000000001,2880
2026-07-21T19:45:00+00:00,203.5800000000001,204.47000000000008,203.1400000000001,203.8300000000001,5304
2026-07-22T13:30:00+00:00,203.8300000000001,204.0600000000001,201.5200000000001,203.9200000000001,6353
2026-07-22T13:45:00+00:00,203.9200000000001,204.8700000000001,203.3900000000001,204.4000000000001,6342
2026-07-22T14:00:00+00:00,204.4000000000001,204.41000000000008,203.16000000000008,203.6800000000001,5367
2026-07-22T14:15:00+00:00,203.6800000000001,204.22000000000008,203.10000000000008,203.4300000000001,5116
2026-07-22T14:30:00+00:00,203.4300000000001,204.8100000000001,203.10000000000008,203.9200000000001,6110
2026-07-22T14:45:00+00:00,203.9200000000001,206.1500000000001,203.82000000000008,205.8700000000001,5408.158714497145
2026-07-22T15:00:00+00:00,205.8700000000001,209.7700000000001,205.7700000000001,209.7000000000001,6336
2026-07-22T15:15:00+00:00,209.7000000000001,210.2000000000001,208.7800000000001,208.8600000000001,5554
2026-07-22T15:30:00+00:00,208.8600000000001,209.35000000000008,208.50000000000009,208.6400000000001,4355
2026-07-22T15:45:00+00:00,208.6400000000001,210.26000000000008,208.5500000000001,209.8900000000001,4481
2026-07-22T16:00:00+00:00,209.8900000000001,210.3700000000001,209.5800000000001,210.1400000000001,3711
2026-07-22T16:15:00+00:00,210.1400000000001,210.9300000000001,210.0800000000001,210.16000000000008,3873
2026-07-22T16:30:00+00:00,210.16000000000008,211.00000000000009,210.0500000000001,210.2700000000001,3266
2026-07-22T16:45:00+00:00,210.2700000000001,210.8400000000001,209.98000000000008,210.6700000000001,3115
2026-07-22T17:00:00+00:00,210.6700000000001,211.0500000000001,210.13000000000008,210.1500000000001,3039
2026-07-22T17:15:00+00:00,210.1500000000001,210.5200000000001,209.8600000000001,210.44000000000008,2648
2026-07-22T17:30:00+00:00,210.44000000000008,211.0500000000001,210.3600000000001,210.50000000000009,2694
2026-07-22T17:45:00+00:00,210.50000000000009,210.8300000000001,210.1200000000001,210.2700000000001,2621
2026-07-22T18:00:00+00:00,210.2700000000001,210.6200000000001,210.1700000000001,210.19000000000008,3121
2026-07-22T18:15:00+00:00,210.19000000000008,210.4900000000001,210.1500000000001,210.41000000000008,2359
2026-07-22T18:30:00+00:00,210.41000000000008,210.47000000000008,210.1400000000001,210.35000000000008,2299
2026-07-22T18:45:00+00:00,210.35000000000008,210.6500000000001,210.23000000000008,210.4300000000001,2233
2026-07-22T19:00:00+00:00,210.4300000000001,210.8700000000001,209.98000000000008,210.00000000000009,2580
2026-07-22T19:15:00+00:00,210.00000000000009,210.2700000000001,209.5800000000001,210.01000000000008,2883
2026-07-22T19:30:00+00:00,210.01000000000008,210.0800000000001,209.01000000000008,209.1500000000001,3185
2026-07-22T19:45:00+00:00,209.1500000000001,209.48000000000008,208.4000000000001,208.7800000000001,4612
2026-07-23T13:30:00+00:00,208.7800000000001,208.7800000000001,205.13000000000008,206.32000000000008,7433
2026-07-23T13:45:00+00:00,206.32000000000008,207.01000000000008,205.4200000000001,205.5800000000001,8985
2026-07-23T14:00:00+00:00,205.5800000000001,206.6500000000001,205.13000000000008,205.29000000000008,9884
2026-07-23T14:15:00+00:00,205.29000000000008,205.8600000000001,204.72000000000008,205.23000000000008,9411
2026-07-23T14:30:00+00:00,205.23000000000008,205.7700000000001,204.0300000000001,204.88000000000008,10163
2026-07-23T14:45:00+00:00,204.88000000000008,205.38000000000008,203.8900000000001,203.9600000000001,8788
2026-07-23T15:00:00+00:00,203.9600000000001,204.0300000000001,203.2000000000001,203.3100000000001,7574
2026-07-23T15:15:00+00:00,203.3100000000001,204.44000000000008,202.7100000000001,203.0300000000001,7525
2026-07-23T15:30:00+00:00,203.0300000000001,204.16000000000008,202.63000000000008,203.91000000000008,7188
2026-07-23T15:45:00+00:00,203.91000000000008,204.9200000000001,203.7700000000001,204.8700000000001,5776
2026-07-23T16:00:00+00:00,204.8700000000001,206.0800000000001,204.7000000000001,205.5600000000001,5517
2026-07-23T16:15:00+00:00,205.5600000000001,206.47000000000008,205.3900000000001,206.3000000000001,4304
2026-07-23T16:30:00+00:00,206.3000000000001,207.0600000000001,205.91000000000008,206.6400000000001,4749
2026-07-23T16:45:00+00:00,206.6400000000001,206.6400000000001,206.0900000000001,206.5500000000001,5611
2026-07-23T17:00:00+00:00,206.5500000000001,207.1100000000001,205.8400000000001,206.8100000000001,6213
2026-07-23T17:15:00+00:00,206.8100000000001,207.07000000000008,206.48000000000008,206.8000000000001,5298
2026-07-23T17:30:00+00:00,206.8000000000001,206.85000000000008,205.8100000000001,206.0900000000001,5668
2026-07-23T17:45:00+00:00,206.0900000000001,206.50000000000009,205.6800000000001,205.7400000000001,4802
2026-07-23T18:00:00+00:00,205.7400000000001,205.7800000000001,204.9300000000001,205.1400000000001,5450
2026-07-23T18:15:00+00:00,205.1400000000001,205.4000000000001,204.8600000000001,205.25000000000009,4705
2026-07-23T18:30:00+00:00,205.25000000000009,205.51000000000008,204.2400000000001,204.3100000000001,4448
2026-07-23T18:45:00+00:00,204.3100000000001,204.63000000000008,204.00000000000009,204.3600000000001,4474
2026-07-23T19:00:00+00:00,204.3600000000001,204.48000000000008,203.7800000000001,204.07000000000008,3697
2026-07-23T19:15:00+00:00,204.07000000000008,204.8400000000001,204.0300000000001,204.5200000000001,4520
2026-07-23T19:30:00+00:00,204.5200000000001,204.5900000000001,203.5600000000001,203.63000000000008,5610
2026-07-23T19:45:00+00:00,203.63000000000008,205.6200000000001,203.57000000000008,205.47000000000008,7410
2026-07-24T13:30:00+00:00,205.47000000000008,205.47000000000008,203.3600000000001,204.44000000000008,6942
2026-07-24T13:45:00+00:00,204.44000000000008,205.16000000000008,202.35000000000008,202.97000000000008,8160
2026-07-24T14:00:00+00:00,202.97000000000008,204.9500000000001,202.88000000000008,204.5900000000001,8870
2026-07-24T14:15:00+00:00,204.5900000000001,205.00000000000009,203.1700000000001,204.7700000000001,7967
2026-07-24T14:30:00+00:00,204.7700000000001,204.9300000000001,203.79000000000008,204.1200000000001,8380
2026-07-24T14:45:00+00:00,204.1200000000001,206.23000000000008,203.79000000000008,206.1700000000001,7378
2026-07-24T15:00:00+00:00,206.1700000000001,206.7100000000001,205.2800000000001,206.3900000000001,8154
2026-07-24T15:15:00+00:00,206.3900000000001,207.01000000000008,205.7700000000001,205.8900000000001,8073
2026-07-24T15:30:00+00:00,205.8900000000001,206.51000000000008,205.6400000000001,205.8900000000001,6982
2026-07-24T15:45:00+00:00,205.8900000000001,206.97000000000008,205.82000000000008,206.85000000000008,5872
2026-07-24T16:00:00+00:00,206.85000000000008,208.5600000000001,206.69000000000008,207.5300000000001,5792
2026-07-24T16:15:00+00:00,207.5300000000001,207.76000000000008,207.3400000000001,207.4500000000001,4535
2026-07-24T16:30:00+00:00,207.4500000000001,207.54000000000008,206.66000000000008,206.8400000000001,5022
2026-07-24T16:45:00+00:00,206.8400000000001,207.10000000000008,206.4300000000001,206.8900000000001,4967
2026-07-24T17:00:00+00:00,206.8900000000001,207.00000000000009,206.2100000000001,206.4600000000001,5426
2026-07-24T17:15:00+00:00,206.4600000000001,207.0300000000001,206.2700000000001,206.91000000000008,4399
2026-07-24T17:30:00+00:00,206.91000000000008,207.2000000000001,206.48000000000008,206.5200000000001,4098
2026-07-24T17:45:00+00:00,206.5200000000001,206.9600000000001,206.35000000000008,206.3700000000001,3867
2026-07-24T18:00:00+00:00,206.3700000000001,206.57000000000008,205.69000000000008,205.9300000000001,3866
2026-07-24T18:15:00+00:00,205.9300000000001,206.00000000000009,204.3900000000001,204.4900000000001,4897
2026-07-24T18:30:00+00:00,204.4900000000001,204.5600000000001,202.82000000000008,202.88000000000008,6436
2026-07-24T18:45:00+00:00,202.88000000000008,203.73000000000008,202.6800000000001,202.9300000000001,5557
2026-07-24T19:00:00+00:00,202.9300000000001,203.3700000000001,201.6200000000001,201.7700000000001,6161
2026-07-24T19:15:00+00:00,201.7700000000001,202.5200000000001,201.50000000000009,202.2700000000001,6041
2026-07-24T19:30:00+00:00,202.2700000000001,202.79000000000008,202.04000000000008,202.4300000000001,6851
2026-07-24T19:45:00+00:00,202.4300000000001,203.73000000000008,201.9600000000001,203.6700000000001,7431
2026-07-27T13:30:00+00:00,203.6700000000001,205.3100000000001,198.73000000000008,198.9500000000001,3827
2026-07-27T13:45:00+00:00,198.9500000000001,199.7100000000001,197.8900000000001,198.50000000000009,3277
2026-07-27T14:00:00+00:00,198.50000000000009,199.5500000000001,197.5300000000001,197.88000000000008,3929
2026-07-27T14:15:00+00:00,197.88000000000008,198.2400000000001,195.6400000000001,195.6400000000001,2779
2026-07-27T14:30:00+00:00,195.6400000000001,196.2800000000001,194.1200000000001,194.3300000000001,2163
2026-07-27T14:45:00+00:00,194.3300000000001,196.6500000000001,194.3300000000001,196.44000000000008,3605
2026-07-27T15:00:00+00:00,196.44000000000008,196.5200000000001,194.4200000000001,194.5800000000001,4221
2026-07-27T15:15:00+00:00,194.5800000000001,195.00000000000009,193.4300000000001,193.82000000000008,3669
2026-07-27T15:30:00+00:00,193.82000000000008,193.82000000000008,192.60000000000008,193.4900000000001,4293
2026-07-27T15:45:00+00:00,193.4900000000001,194.29000000000008,193.0800000000001,194.2800000000001,3881
2026-07-27T16:00:00+00:00,194.2800000000001,195.1800000000001,194.16000000000008,194.3400000000001,3892
2026-07-27T16:15:00+00:00,194.3400000000001,194.98000000000008,193.44000000000008,194.4500000000001,4243
2026-07-27T16:30:00+00:00,194.4500000000001,194.76000000000008,193.41000000000008,193.98000000000008,4025
2026-07-27T16:45:00+00:00,193.98000000000008,194.4900000000001,192.85000000000008,192.97000000000008,4057
2026-07-27T17:00:00+00:00,192.97000000000008,193.0600000000001,192.25000000000009,192.6700000000001,4107
2026-07-27T17:15:00+00:00,192.6700000000001,192.69000000000008,192.1200000000001,192.2400000000001,3684
2026-07-27T17:30:00+00:00,192.2400000000001,192.8300000000001,192.1800000000001,192.57000000000008,3744
2026-07-27T17:45:00+00:00,192.57000000000008,193.44000000000008,192.4300000000001,193.44000000000008,2335
2026-07-27T18:00:00+00:00,193.44000000000008,193.76000000000008,192.98000000000008,193.29000000000008,289.28956551488193
2026-07-27T18:15:00+00:00,193.29000000000008,193.4200000000001,192.7400000000001,193.38000000000008,3193
2026-07-27T18:30:00+00:00,193.38000000000008,193.47000000000008,192.75000000000009,193.47000000000008,3689
2026-07-27T18:45:00+00:00,193.47000000000008,194.3300000000001,193.22000000000008,194.0900000000001,3680
2026-07-27T19:00:00+00:00,194.0900000000001,194.51000000000008,193.8300000000001,194.1700000000001,3798
2026-07-27T19:15:00+00:00,194.1700000000001,194.7100000000001,194.0800000000001,194.3900000000001,3453
2026-07-27T19:30:00+00:00,194.3900000000001,194.50000000000009,193.35000000000008,193.48000000000008,3967
2026-07-27T19:45:00+00:00,193.48000000000008,193.98000000000008,193.0800000000001,193.2100000000001,3936
2026-07-28T13:30:00+00:00,193.2100000000001,193.2100000000001,190.26000000000008,190.9300000000001,11560
2026-07-28T13:45:00+00:00,190.9300000000001,191.16000000000008,189.47000000000008,190.29000000000008,11792
2026-07-28T14:00:00+00:00,190.29000000000008,191.79000000000008,190.1700000000001,190.5500000000001,10810
2026-07-28T14:15:00+00:00,190.5500000000001,190.82000000000008,189.4200000000001,190.75000000000009,10690
2026-07-28T14:30:00+00:00,190.75000000000009,193.00000000000009,190.57000000000008,192.6800000000001,9568
2026-07-28T14:45:00+00:00,192.6800000000001,194.2400000000001,192.38000000000008,193.4300000000001,7578
2026-07-28T15:00:00+00:00,193.4300000000001,193.75000000000009,192.5300000000001,193.16000000000008,7835
2026-07-28T15:15:00+00:00,193.16000000000008,194.51000000000008,192.9200000000001,193.4200000000001,6670
2026-07-28T15:30:00+00:00,193.4200000000001,194.57000000000008,193.1100000000001,194.4200000000001,5001
2026-07-28T15:45:00+00:00,194.4200000000001,195.26000000000008,194.3600000000001,195.00000000000009,4054
2026-07-28T16:00:00+00:00,195.00000000000009,195.35000000000008,194.13000000000008,194.3700000000001,3525
2026-07-28T16:15:00+00:00,194.3700000000001,194.85000000000008,193.91000000000008,193.9500000000001,3225
2026-07-28T16:30:00+00:00,193.9500000000001,194.48000000000008,193.2800000000001,194.35000000000008,3547
2026-07-28T16:45:00+00:00,194.35000000000008,194.91000000000008,194.0300000000001,194.6800000000001,2902
2026-07-28T17:00:00+00:00,194.6800000000001,194.8600000000001,193.8000000000001,194.2800000000001,3462
2026-07-28T17:15:00+00:00,194.2800000000001,194.9000000000001,194.1800000000001,194.3600000000001,3580
2026-07-28T17:30:00+00:00,194.3600000000001,194.7400000000001,193.94000000000008,194.01000000000008,3385
2026-07-28T17:45:00+00:00,194.01000000000008,194.10000000000008,193.3300000000001,193.7700000000001,3899
2026-07-28T18:00:00+00:00,193.7700000000001,194.0500000000001,193.4300000000001,193.54000000000008,3997
2026-07-28T18:15:00+00:00,193.54000000000008,193.8400000000001,193.3100000000001,193.3600000000001,3841
2026-07-28T18:30:00+00:00,193.3600000000001,193.9900000000001,193.22000000000008,193.69000000000008,4268
2026-07-28T18:45:00+00:00,193.69000000000008,194.0500000000001,193.51000000000008,193.7400000000001,3898
2026-07-28T19:00:00+00:00,193.7400000000001,194.41000000000008,193.72000000000008,194.26000000000008,4407
2026-07-28T19:15:00+00:00,194.26000000000008,194.69000000000008,193.9600000000001,194.57000000000008,3894
2026-07-28T19:30:00+00:00,194.57000000000008,194.6500000000001,193.66000000000008,193.85000000000008,4693
2026-07-28T19:45:00+00:00,193.85000000000008,194.76000000000008,193.51000000000008,193.6100000000001,7157
2026-07-29T13:30:00+00:00,193.6100000000001,193.69000000000008,191.5600000000001,193.0800000000001,10291
2026-07-29T13:45:00+00:00,193.0800000000001,193.22000000000008,189.3700000000001,190.0200000000001,10452
2026-07-29T14:00:00+00:00,190.0200000000001,190.32000000000008,187.88000000000008,188.44000000000008,10880
2026-07-29T14:15:00+00:00,188.44000000000008,189.1400000000001,187.6100000000001,188.3100000000001,9748
2026-07-29T14:30:00+00:00,188.3100000000001,188.97000000000008,187.63000000000008,187.79000000000008,8448
2026-07-29T14:45:00+00:00,187.79000000000008,189.3000000000001,187.6700000000001,189.1700000000001,8772
2026-07-29T15:00:00+00:00,189.1700000000001,189.82000000000008,188.85000000000008,189.0500000000001,8050
2026-07-29T15:15:00+00:00,189.0500000000001,189.7800000000001,188.8900000000001,189.0500000000001,7708
2026-07-29T15:30:00+00:00,189.0500000000001,189.26000000000008,188.3100000000001,188.44000000000008,7032
2026-07-29T15:45:00+00:00,188.44000000000008,188.79000000000008,188.1200000000001,188.5200000000001,6725
2026-07-29T16:00:00+00:00,188.5200000000001,188.7800000000001,187.47000000000008,187.5800000000001,5992
2026-07-29T16:15:00+00:00,187.5800000000001,188.35000000000008,187.35000000000008,188.26000000000008,5834
2026-07-29T16:30:00+00:00,188.26000000000008,188.69000000000008,187.9900000000001,188.3000000000001,5496
2026-07-29T16:45:00+00:00,188.3000000000001,188.8600000000001,188.1700000000001,188.66000000000008,5617
2026-07-29T17:00:00+00:00,188.66000000000008,189.66000000000008,188.54000000000008,189.6500000000001,6092
2026-07-29T17:15:00+00:00,189.6500000000001,189.7800000000001,188.8100000000001,188.8400000000001,5925
2026-07-29T17:30:00+00:00,188.8400000000001,189.04000000000008,188.4600000000001,188.7800000000001,5628
2026-07-29T17:45:00+00:00,188.7800000000001,189.2300000000001,188.41000000000008,188.9500000000001,5105
2026-07-29T18:00:00+00:00,188.9500000000001,190.7400000000001,188.9500000000001,189.51000000000008,11258
2026-07-29T18:15:00+00:00,189.51000000000008,190.00000000000009,189.0900000000001,189.9000000000001,7941
2026-07-29T18:30:00+00:00,189.9000000000001,192.2400000000001,189.4300000000001,192.1500000000001,10914
2026-07-29T18:45:00+00:00,192.1500000000001,192.8600000000001,191.91000000000008,192.6200000000001,10305
2026-07-29T19:00:00+00:00,192.6200000000001,193.0200000000001,190.9000000000001,191.5600000000001,11625
2026-07-29T19:15:00+00:00,191.5600000000001,191.82000000000008,189.25000000000009,190.07000000000008,11956
2026-07-29T19:30:00+00:00,190.07000000000008,190.4600000000001,187.7300000000001,188.1700000000001,11928
2026-07-29T19:45:00+00:00,188.1700000000001,189.00000000000009,186.7300000000001,186.79000000000008,12598
2026-07-30T13:30:00+00:00,186.79000000000008,190.0300000000001,186.79000000000008,189.1400000000001,9478
2026-07-30T13:45:00+00:00,189.1400000000001,192.26000000000008,189.0800000000001,192.22000000000008,10295
2026-07-30T14:00:00+00:00,192.22000000000008,193.0900000000001,191.6100000000001,192.4800000000001,9180
2026-07-30T14:15:00+00:00,192.4800000000001,193.8700000000001,192.00000000000009,193.51000000000008,7791
2026-07-30T14:30:00+00:00,193.51000000000008,193.9300000000001,192.60000000000008,192.6700000000001,7757
2026-07-30T14:45:00+00:00,192.6700000000001,192.6800000000001,190.94000000000008,191.54000000000008,8497
2026-07-30T15:00:00+00:00,191.54000000000008,192.01000000000008,190.75000000000009,190.9900000000001,8809
2026-07-30T15:15:00+00:00,190.9900000000001,191.22000000000008,190.1200000000001,190.19000000000008,8351
2026-07-30T15:30:00+00:00,190.19000000000008,190.3000000000001,189.54000000000008,189.8600000000001,7180
2026-07-30T15:45:00+00:00,189.8600000000001,190.2100000000001,189.4300000000001,189.82000000000008,5823
2026-07-30T16:00:00+00:00,189.82000000000008,191.07000000000008,189.5600000000001,190.9200000000001,5179
2026-07-30T16:15:00+00:00,190.9200000000001,191.0200000000001,190.3400000000001,190.50000000000009,4297
2026-07-30T16:30:00+00:00,190.50000000000009,190.7100000000001,189.3900000000001,189.5900000000001,4838
2026-07-30T16:45:00+00:00,189.5900000000001,190.2700000000001,189.5500000000001,190.10000000000008,4333
2026-07-30T17:00:00+00:00,190.10000000000008,190.7000000000001,190.10000000000008,190.22000000000008,3508
2026-07-30T17:15:00+00:00,190.22000000000008,190.69000000000008,190.13000000000008,190.32000000000008,3177
2026-07-30T17:30:00+00:00,190.32000000000008,190.51000000000008,189.7700000000001,190.3700000000001,3957
2026-07-30T17:45:00+00:00,190.3700000000001,190.7300000000001,190.26000000000008,190.4500000000001,2903
2026-07-30T18:00:00+00:00,190.4500000000001,190.7300000000001,190.2800000000001,190.38000000000008,2671
2026-07-30T18:15:00+00:00,190.38000000000008,190.44000000000008,189.94000000000008,190.19000000000008,2690
2026-07-30T18:30:00+00:00,190.19000000000008,190.54000000000008,189.8300000000001,190.0300000000001,2814
2026-07-30T18:45:00+00:00,190.0300000000001,190.4600000000001,189.9800000000001,190.25000000000009,2339
2026-07-30T19:00:00+00:00,190.25000000000009,191.4600000000001,190.1200000000001,191.29000000000008,3386
2026-07-30T19:15:00+00:00,191.29000000000008,191.63000000000008,190.69000000000008,190.76000000000008,3423
2026-07-30T19:30:00+00:00,190.76000000000008,191.5300000000001,190.69000000000008,191.4600000000001,3749
2026-07-30T19:45:00+00:00,191.4600000000001,192.0300000000001,191.3000000000001,191.82000000000008,6079
2026-07-31T13:30:00+00:00,191.82000000000008,196.7300000000001,191.82000000000008,194.19000000000008,9035
2026-07-31T13:45:00+00:00,194.19000000000008,195.19000000000008,193.7100000000001,194.38000000000008,9950
2026-07-31T14:00:00+00:00,194.38000000000008,194.54000000000008,191.6800000000001,192.16000000000008,10130
2026-07-31T14:15:00+00:00,192.16000000000008,193.9300000000001,191.75000000000009,193.69000000000008,9064
2026-07-31T14:30:00+00:00,193.69000000000008,194.76000000000008,193.4600000000001,194.5500000000001,7417
2026-07-31T14:45:00+00:00,194.5500000000001,195.6200000000001,194.26000000000008,194.82000000000008,7008
2026-07-31T15:00:00+00:00,194.82000000000008,195.04000000000008,193.3000000000001,193.8700000000001,6693
2026-07-31T15:15:00+00:00,193.8700000000001,194.63000000000008,192.01000000000008,192.32000000000008,7283
2026-07-31T15:30:00+00:00,192.32000000000008,193.3700000000001,191.9300000000001,192.85000000000008,6517
2026-07-31T15:45:00+00:00,192.85000000000008,193.2000000000001,192.3400000000001,192.9900000000001,5477
2026-07-31T16:00:00+00:00,192.9900000000001,193.50000000000009,192.8900000000001,193.3000000000001,4772
2026-07-31T16:15:00+00:00,193.3000000000001,194.72000000000008,192.8400000000001,194.72000000000008,4187
2026-07-31T16:30:00+00:00,194.72000000000008,194.9800000000001,194.19000000000008,194.38000000000008,4166
2026-07-31T16:45:00+00:00,194.38000000000008,195.22000000000008,194.29000000000008,194.91000000000008,3644
2026-07-31T17:00:00+00:00,194.91000000000008,195.5500000000001,194.82000000000008,195.4200000000001,3191
2026-07-31T17:15:00+00:00,195.4200000000001,196.0200000000001,195.3700000000001,195.9500000000001,3021
2026-07-31T17:30:00+00:00,195.9500000000001,196.6500000000001,195.8400000000001,196.04000000000008,3462
2026-07-31T17:45:00+00:00,196.04000000000008,196.41000000000008,195.66000000000008,196.2100000000001,3380
2026-07-31T18:00:00+00:00,196.2100000000001,196.4900000000001,195.54000000000008,195.63000000000008,3651
2026-07-31T18:15:00+00:00,195.63000000000008,195.9300000000001,195.1800000000001,195.2700000000001,3166
2026-07-31T18:30:00+00:00,195.2700000000001,195.5800000000001,195.1700000000001,195.4200000000001,2524
2026-07-31T18:45:00+00:00,195.4200000000001,196.01000000000008,195.41000000000008,195.66000000000008,2596
2026-07-31T19:00:00+00:00,195.66000000000008,195.8000000000001,194.9800000000001,195.4000000000001,3072
2026-07-31T19:15:00+00:00,195.4000000000001,197.8000000000001,195.38000000000008,197.00000000000009,4342
2026-07-31T19:30:00+00:00,197.00000000000009,197.79000000000008,196.5900000000001,197.79000000000008,4195
2026-07-31T19:45:00+00:00,197.79000000000008,198.6500000000001,197.35000000000008,197.5600000000001,7092
2026-08-03T13:30:00+00:00,197.5600000000001,197.5600000000001,193.5600000000001,195.5300000000001,8788
2026-08-03T13:45:00+00:00,195.5300000000001,199.04000000000008,195.29000000000008,198.9500000000001,9186
2026-08-03T14:00:00+00:00,198.9500000000001,202.3000000000001,198.2100000000001,200.9200000000001,9439
2026-08-03T14:15:00+00:00,200.9200000000001,202.3900000000001,200.6400000000001,202.07000000000008,7281
2026-08-03T14:30:00+00:00,202.07000000000008,203.0500000000001,201.50000000000009,202.7100000000001,6205
2026-08-03T14:45:00+00:00,202.7100000000001,203.3000000000001,202.41000000000008,202.97000000000008,5727
2026-08-03T15:00:00+00:00,202.97000000000008,203.9000000000001,202.7800000000001,203.35000000000008,5757
2026-08-03T15:15:00+00:00,203.35000000000008,204.0900000000001,203.0900000000001,203.1100000000001,5397
2026-08-03T15:30:00+00:00,203.1100000000001,203.94000000000008,202.9600000000001,203.3400000000001,5154
2026-08-03T15:45:00+00:00,203.3400000000001,203.8900000000001,203.3000000000001,203.50000000000009,3932
2026-08-03T16:00:00+00:00,203.50000000000009,203.94000000000008,203.3100000000001,203.8400000000001,3755
2026-08-03T16:15:00+00:00,203.8400000000001,204.19000000000008,203.60000000000008,203.76000000000008,3403
2026-08-03T16:30:00+00:00,203.76000000000008,203.8300000000001,203.3900000000001,203.7800000000001,3272
2026-08-03T16:45:00+00:00,203.7800000000001,204.0300000000001,203.5500000000001,203.6100000000001,2555
2026-08-03T17:00:00+00:00,203.6100000000001,204.3300000000001,203.50000000000009,204.2400000000001,3027
2026-08-03T17:15:00+00:00,204.2400000000001,205.38000000000008,204.0600000000001,205.3100000000001,2851
2026-08-03T17:30:00+00:00,205.3100000000001,205.41000000000008,204.38000000000008,204.6500000000001,2929
2026-08-03T17:45:00+00:00,204.6500000000001,205.1400000000001,204.3600000000001,204.82000000000008,2612
2026-08-03T18:00:00+00:00,204.82000000000008,205.44000000000008,204.7700000000001,204.97000000000008,3313
2026-08-03T18:15:00+00:00,204.97000000000008,205.22000000000008,204.26000000000008,204.3900000000001,3087
2026-08-03T18:30:00+00:00,204.3900000000001,204.7800000000001,204.29000000000008,204.7000000000001,3210
2026-08-03T18:45:00+00:00,204.7000000000001,204.88000000000008,204.38000000000008,204.8600000000001,2844
2026-08-03T19:00:00+00:00,204.8600000000001,205.4200000000001,204.3300000000001,204.4300000000001,3681
2026-08-03T19:15:00+00:00,204.4300000000001,204.8400000000001,204.3700000000001,204.5500000000001,3197
2026-08-03T19:30:00+00:00,204.5500000000001,204.63000000000008,203.8000000000001,203.97000000000008,3601
2026-08-03T19:45:00+00:00,203.97000000000008,204.1400000000001,202.63000000000008,203.3900000000001,5368
2026-08-04T13:30:00+00:00,203.3900000000001,208.85000000000008,203.3900000000001,207.9000000000001,8529
2026-08-04T13:45:00+00:00,207.9000000000001,208.7800000000001,205.8900000000001,206.69000000000008,7427
2026-08-04T14:00:00+00:00,206.69000000000008,207.54000000000008,206.4800000000001,206.9200000000001,6440
2026-08-04T14:15:00+00:00,206.9200000000001,207.0800000000001,205.8000000000001,206.9500000000001,6475
2026-08-04T14:30:00+00:00,206.9500000000001,207.4300000000001,206.4800000000001,206.8300000000001,6506
2026-08-04T14:45:00+00:00,206.8300000000001,207.72000000000008,205.75000000000009,206.26000000000008,5692
2026-08-04T15:00:00+00:00,206.26000000000008,206.8100000000001,206.2000000000001,206.75000000000009,4577
2026-08-04T15:15:00+00:00,206.75000000000009,207.1400000000001,206.54000000000008,206.6100000000001,4016
2026-08-04T15:30:00+00:00,206.6100000000001,207.35000000000008,206.3100000000001,207.3400000000001,4213
2026-08-04T15:45:00+00:00,207.3400000000001,207.6500000000001,207.26000000000008,207.4900000000001,3728
2026-08-04T16:00:00+00:00,207.4900000000001,207.5300000000001,207.0600000000001,207.2100000000001,3464
2026-08-04T16:15:00+00:00,207.2100000000001,207.6100000000001,206.8600000000001,206.9200000000001,3158
2026-08-04T16:30:00+00:00,206.9200000000001,207.2700000000001,206.6500000000001,207.19000000000008,2962
2026-08-04T16:45:00+00:00,207.19000000000008,207.4900000000001,207.07000000000008,207.3400000000001,2973
2026-08-04T17:00:00+00:00,207.3400000000001,208.0900000000001,207.29000000000008,207.9900000000001,3233
2026-08-04T17:15:00+00:00,207.9900000000001,208.35000000000008,207.8700000000001,208.1700000000001,3254
2026-08-04T17:30:00+00:00,208.1700000000001,208.60000000000008,207.8700000000001,208.47000000000008,3031
2026-08-04T17:45:00+00:00,208.47000000000008,208.8300000000001,208.10000000000008,208.1800000000001,4319
2026-08-04T18:00:00+00:00,208.1800000000001,208.38000000000008,207.7300000000001,208.38000000000008,4471
2026-08-04T18:15:00+00:00,208.38000000000008,209.35000000000008,208.3600000000001,209.2800000000001,3779
2026-08-04T18:30:00+00:00,209.2800000000001,209.7000000000001,208.8900000000001,209.0300000000001,3775
2026-08-04T18:45:00+00:00,209.0300000000001,209.7000000000001,208.9500000000001,209.63000000000008,3330
2026-08-04T19:00:00+00:00,209.63000000000008,209.76000000000008,209.25000000000009,209.38000000000008,3767
2026-08-04T19:15:00+00:00,209.38000000000008,209.6400000000001,209.00000000000009,209.1800000000001,3719
2026-08-04T19:30:00+00:00,209.1800000000001,209.66000000000008,209.0200000000001,209.5500000000001,4200
2026-08-04T19:45:00+00:00,209.5500000000001,209.69000000000008,208.2400000000001,208.5500000000001,5899
2026-08-05T13:30:00+00:00,208.5500000000001,218.4600000000001,208.5500000000001,216.54000000000008,10726
2026-08-05T13:45:00+00:00,216.54000000000008,218.04000000000008,215.54000000000008,217.82000000000008,7728
2026-08-05T14:00:00+00:00,217.82000000000008,218.8600000000001,216.79000000000008,218.6400000000001,8242
2026-08-05T14:15:00+00:00,218.6400000000001,218.9300000000001,217.41000000000008,217.4300000000001,7141
2026-08-05T14:30:00+00:00,217.4300000000001,217.44000000000008,216.25000000000009,216.5800000000001,7793
2026-08-05T14:45:00+00:00,216.5800000000001,216.9500000000001,215.04000000000008,215.51000000000008,6742.79781420765
2026-08-05T15:00:00+00:00,215.51000000000008,216.53000000000006,215.47000000000006,216.09000000000006,5907
2026-08-05T15:15:00+00:00,216.09000000000006,216.41000000000005,215.29000000000005,215.83000000000007,5225
2026-08-05T15:30:00+00:00,215.83000000000007,217.06000000000006,215.81000000000006,216.67000000000007,5900
2026-08-05T15:45:00+00:00,216.67000000000007,216.74000000000007,215.18000000000006,215.79000000000005,5510
2026-08-05T16:00:00+00:00,215.79000000000005,216.68000000000006,215.68000000000006,216.23000000000008,6263
2026-08-05T16:15:00+00:00,216.23000000000008,218.10000000000005,216.19000000000005,217.90000000000006,5120
2026-08-05T16:30:00+00:00,217.90000000000006,218.26000000000008,217.78000000000006,217.89000000000007,4747
2026-08-05T16:45:00+00:00,217.89000000000007,218.33000000000007,217.80000000000007,218.06000000000006,4314
2026-08-05T17:00:00+00:00,218.06000000000006,218.21000000000006,217.33000000000007,218.12000000000006,4314
2026-08-05T17:15:00+00:00,218.12000000000006,218.31000000000006,217.74000000000007,217.79000000000005,3661
2026-08-05T17:30:00+00:00,217.79000000000005,218.18000000000006,217.53000000000006,218.02000000000007,3415
2026-08-05T17:45:00+00:00,218.02000000000007,218.02000000000007,217.41000000000005,217.53000000000006,2951
2026-08-05T18:00:00+00:00,217.53000000000006,218.00000000000006,217.31000000000006,217.79000000000005,3047
2026-08-05T18:15:00+00:00,217.79000000000005,218.54000000000005,217.63000000000005,218.47000000000006,2695
2026-08-05T18:30:00+00:00,218.47000000000006,218.64000000000007,217.88000000000005,218.49000000000007,3275
2026-08-05T18:45:00+00:00,218.49000000000007,218.65000000000006,218.01000000000008,218.45000000000007,2720
2026-08-05T19:00:00+00:00,218.45000000000007,218.92000000000007,218.40000000000006,218.62000000000006,2881
2026-08-05T19:15:00+00:00,218.62000000000006,218.82000000000005,218.34000000000006,218.57000000000005,3059
2026-08-05T19:30:00+00:00,218.57000000000005,218.60000000000005,216.88000000000005,216.99000000000007,4803
2026-08-05T19:45:00+00:00,216.99000000000007,217.17000000000007,215.55000000000007,215.94000000000005,6397
2026-08-06T13:30:00+00:00,215.94000000000005,220.24000000000007,215.94000000000005,218.78000000000006,9083
2026-08-06T13:45:00+00:00,218.78000000000006,220.36000000000007,218.75000000000006,218.90000000000006,7347
2026-08-06T14:00:00+00:00,218.90000000000006,219.33000000000007,218.02000000000007,218.04000000000005,6292
2026-08-06T14:15:00+00:00,218.04000000000005,218.58000000000007,216.06000000000006,216.46000000000006,6276
2026-08-06T14:30:00+00:00,216.46000000000006,216.68000000000006,215.65000000000006,215.92000000000007,6816
2026-08-06T14:45:00+00:00,215.92000000000007,216.51000000000008,215.57000000000005,215.83000000000007,5905
2026-08-06T15:00:00+00:00,215.83000000000007,216.04000000000005,214.44000000000005,215.07000000000005,5716
2026-08-06T15:15:00+00:00,215.07000000000005,215.13000000000005,214.43000000000006,214.95000000000007,5688
2026-08-06T15:30:00+00:00,214.95000000000007,215.15000000000006,214.04000000000005,214.12000000000006,6544
2026-08-06T15:45:00+00:00,214.12000000000006,214.89000000000007,213.99000000000007,214.63000000000005,6949
2026-08-06T16:00:00+00:00,214.63000000000005,215.38000000000005,214.16000000000005,215.09000000000006,6294
2026-08-06T16:15:00+00:00,215.09000000000006,215.83000000000007,214.79000000000005,215.27000000000007,6080
2026-08-06T16:30:00+00:00,215.27000000000007,216.04000000000005,215.22000000000006,215.65000000000006,5360
2026-08-06T16:45:00+00:00,215.65000000000006,216.18000000000006,215.24000000000007,216.10000000000005,3684
2026-08-06T17:00:00+00:00,216.10000000000005,216.48000000000008,216.00000000000006,216.03000000000006,3492
2026-08-06T17:15:00+00:00,216.03000000000006,216.44000000000005,215.71000000000006,215.71000000000006,3153
2026-08-06T17:30:00+00:00,215.71000000000006,215.97000000000006,215.29000000000005,215.49000000000007,3317
2026-08-06T17:45:00+00:00,215.49000000000007,216.36000000000007,215.38000000000005,216.35000000000005,2922
2026-08-06T18:00:00+00:00,216.35000000000005,216.81000000000006,216.18000000000006,216.75000000000006,2960
2026-08-06T18:15:00+00:00,216.75000000000006,217.40000000000006,216.20000000000007,217.14000000000007,3301
2026-08-06T18:30:00+00:00,217.14000000000007,217.20000000000007,216.21000000000006,216.56000000000006,2794
2026-08-06T18:45:00+00:00,216.56000000000006,216.70000000000007,216.13000000000005,216.22000000000006,2787
2026-08-06T19:00:00+00:00,216.22000000000006,217.09000000000006,216.22000000000006,216.54000000000005,2912
2026-08-06T19:15:00+00:00,216.54000000000005,216.85000000000005,216.16000000000005,216.57000000000005,3446
2026-08-06T19:30:00+00:00,216.57000000000005,217.03000000000006,216.41000000000005,216.59000000000006,3435
2026-08-06T19:45:00+00:00,216.59000000000006,216.65000000000006,215.30000000000007,215.61000000000007,5887
2026-08-07T13:30:00+00:00,215.61000000000007,219.83000000000007,215.61000000000007,218.99000000000007,9675
2026-08-07T13:45:00+00:00,218.99000000000007,219.89000000000007,218.48000000000008,219.23000000000008,9294
2026-08-07T14:00:00+00:00,219.23000000000008,219.53000000000006,217.66000000000005,218.14000000000007,10421
2026-08-07T14:15:00+00:00,218.14000000000007,220.18000000000006,217.90000000000006,220.07000000000005,8812
2026-08-07T14:30:00+00:00,220.07000000000005,220.28000000000006,219.40000000000006,219.54000000000005,9850
2026-08-07T14:45:00+00:00,219.54000000000005,220.50000000000006,219.46000000000006,219.91000000000005,9124
2026-08-07T15:00:00+00:00,219.91000000000005,220.70000000000007,219.85000000000005,220.29000000000005,6719
2026-08-07T15:15:00+00:00,220.29000000000005,221.38000000000005,220.20000000000007,220.94000000000005,5639
2026-08-07T15:30:00+00:00,220.94000000000005,221.50000000000006,220.80000000000007,221.08000000000007,5505
2026-08-07T15:45:00+00:00,221.08000000000007,221.42000000000007,220.32000000000005,220.56000000000006,4986
2026-08-07T16:00:00+00:00,220.56000000000006,220.59000000000006,219.97000000000006,220.32000000000005,5346
2026-08-07T16:15:00+00:00,220.32000000000005,220.38000000000005,218.99000000000007,219.19000000000005,6506
2026-08-07T16:30:00+00:00,219.19000000000005,219.37000000000006,218.68000000000006,219.14000000000007,5926
2026-08-07T16:45:00+00:00,219.14000000000007,219.34000000000006,218.61000000000007,218.61000000000007,4537
2026-08-07T17:00:00+00:00,218.61000000000007,219.07000000000005,218.44000000000005,218.53000000000006,4753
2026-08-07T17:15:00+00:00,218.53000000000006,218.83000000000007,218.29000000000005,218.56000000000006,3932
2026-08-07T17:30:00+00:00,218.56000000000006,219.09000000000006,218.41000000000005,218.80000000000007,3463
2026-08-07T17:45:00+00:00,218.80000000000007,219.09000000000006,218.66000000000005,218.80000000000007,3027
2026-08-07T18:00:00+00:00,218.80000000000007,219.09000000000006,218.59000000000006,218.66000000000005,2987
2026-08-07T18:15:00+00:00,218.66000000000005,218.88000000000005,218.57000000000005,218.69000000000005,3127
2026-08-07T18:30:00+00:00,218.69000000000005,218.84000000000006,218.49000000000007,218.60000000000008,2954
2026-08-07T18:45:00+00:00,218.60000000000008,219.13000000000008,218.59000000000006,219.00000000000009,3035
2026-08-07T19:00:00+00:00,219.00000000000009,219.72000000000008,219.00000000000009,219.59000000000006,4130
2026-08-07T19:15:00+00:00,219.59000000000006,219.86000000000007,219.50000000000009,219.76000000000008,3969
2026-08-07T19:30:00+00:00,219.76000000000008,219.85000000000008,219.13000000000008,219.66000000000008,4001
2026-08-07T19:45:00+00:00,219.66000000000008,220.93000000000006,219.37000000000006,220.64000000000007,4894
2026-08-10T13:30:00+00:00,220.64000000000007,220.82000000000008,219.12000000000006,219.71000000000006,9076
2026-08-10T13:45:00+00:00,219.71000000000006,220.20000000000007,218.48000000000008,218.79000000000008,7917
2026-08-10T14:00:00+00:00,218.79000000000008,219.12000000000006,218.17000000000007,218.82000000000008,6110
2026-08-10T14:15:00+00:00,218.82000000000008,219.10000000000008,216.90000000000006,217.12000000000006,5558
2026-08-10T14:30:00+00:00,217.12000000000006,217.35000000000008,216.81000000000006,217.21000000000006,6328
2026-08-10T14:45:00+00:00,217.21000000000006,217.87000000000006,216.24000000000007,216.31000000000006,6211
2026-08-10T15:00:00+00:00,216.31000000000006,216.58000000000007,215.64000000000007,215.87000000000006,5948
2026-08-10T15:15:00+00:00,215.87000000000006,216.24000000000007,215.73000000000008,216.15000000000006,5386
2026-08-10T15:30:00+00:00,216.15000000000006,216.41000000000008,215.47000000000008,216.37000000000006,4968
2026-08-10T15:45:00+00:00,216.37000000000006,216.54000000000008,215.72000000000008,216.34000000000006,4026
2026-08-10T16:00:00+00:00,216.34000000000006,216.62000000000006,216.14000000000007,216.46000000000006,3753
2026-08-10T16:15:00+00:00,216.46000000000006,217.25000000000009,215.06000000000006,215.06000000000006,4684
2026-08-10T16:30:00+00:00,215.06000000000006,215.38000000000008,213.49000000000007,213.89000000000007,6285
2026-08-10T16:45:00+00:00,213.89000000000007,214.34000000000006,213.58000000000007,214.34000000000006,4539
2026-08-10T17:00:00+00:00,214.34000000000006,215.39000000000007,213.95000000000007,215.36000000000007,4371
2026-08-10T17:15:00+00:00,215.36000000000007,215.70000000000007,215.08000000000007,215.20000000000007,3246
2026-08-10T17:30:00+00:00,215.20000000000007,215.76000000000008,214.54000000000008,214.91000000000008,3428
2026-08-10T17:45:00+00:00,214.91000000000008,215.15000000000006,214.79000000000008,215.03000000000006,2635
2026-08-10T18:00:00+00:00,215.03000000000006,215.57000000000008,214.99000000000007,215.41000000000008,2838
2026-08-10T18:15:00+00:00,215.41000000000008,215.43000000000006,215.03000000000006,215.27000000000007,2316
2026-08-10T18:30:00+00:00,215.27000000000007,215.57000000000008,215.08000000000007,215.53000000000006,2296
2026-08-10T18:45:00+00:00,215.53000000000006,215.83000000000007,215.30000000000007,215.73000000000008,1807
2026-08-10T19:00:00+00:00,215.73000000000008,216.18000000000006,215.64000000000007,216.01000000000008,2539
2026-08-10T19:15:00+00:00,216.01000000000008,216.12000000000006,215.48000000000008,215.86000000000007,2878
2026-08-10T19:30:00+00:00,215.86000000000007,215.94000000000008,215.53000000000006,215.59000000000006,3703
2026-08-10T19:45:00+00:00,215.59000000000006,215.65000000000006,214.08000000000007,214.29000000000008,6101
2026-08-11T13:30:00+00:00,214.29000000000008,218.81000000000006,214.29000000000008,217.29000000000008,8067
2026-08-11T13:45:00+00:00,217.29000000000008,217.29000000000008,215.55000000000007,216.61000000000007,7715
2026-08-11T14:00:00+00:00,216.61000000000007,216.85000000000008,216.15000000000006,216.65000000000006,6521
2026-08-11T14:15:00+00:00,216.65000000000006,217.03000000000006,215.93000000000006,216.29000000000008,6117
2026-08-11T14:30:00+00:00,216.29000000000008,216.39000000000007,215.57000000000008,215.61000000000007,5787
2026-08-11T14:45:00+00:00,215.61000000000007,217.29000000000008,215.55000000000007,216.53000000000006,4891
2026-08-11T15:00:00+00:00,216.53000000000006,216.56000000000006,215.50000000000009,215.52000000000007,4985
2026-08-11T15:15:00+00:00,215.52000000000007,216.05000000000007,215.19000000000008,215.80000000000007,4241
2026-08-11T15:30:00+00:00,215.80000000000007,216.10000000000008,215.42000000000007,215.55000000000007,3880
2026-08-11T15:45:00+00:00,215.55000000000007,215.55000000000007,215.13000000000008,215.21000000000006,3061
2026-08-11T16:00:00+00:00,215.21000000000006,215.31000000000006,214.96000000000006,215.16000000000008,2956
2026-08-11T16:15:00+00:00,215.16000000000008,215.46000000000006,214.98000000000008,215.38000000000008,2668
2026-08-11T16:30:00+00:00,215.38000000000008,215.99000000000007,215.37000000000006,215.55000000000007,2818
2026-08-11T16:45:00+00:00,215.55000000000007,215.61000000000007,214.39000000000007,214.44000000000008,3252
2026-08-11T17:00:00+00:00,214.44000000000008,214.53000000000006,213.45000000000007,213.51000000000008,3426
2026-08-11T17:15:00+00:00,213.51000000000008,214.28000000000006,213.44000000000008,214.02000000000007,3183
2026-08-11T17:30:00+00:00,214.02000000000007,214.28000000000006,213.65000000000006,214.25000000000009,3049
2026-08-11T17:45:00+00:00,214.25000000000009,214.57000000000008,214.21000000000006,214.46000000000006,2250
2026-08-11T18:00:00+00:00,214.46000000000006,214.50000000000009,213.74000000000007,213.84000000000006,2781
2026-08-11T18:15:00+00:00,213.84000000000006,213.86000000000007,213.01000000000008,213.20000000000007,3128
2026-08-11T18:30:00+00:00,213.20000000000007,213.66000000000008,213.12000000000006,213.36000000000007,3125
2026-08-11T18:45:00+00:00,213.36000000000007,214.09000000000006,213.35000000000008,213.87000000000006,2184
2026-08-11T19:00:00+00:00,213.87000000000006,214.22000000000008,213.79000000000008,214.17000000000007,2913
2026-08-11T19:15:00+00:00,214.17000000000007,214.69000000000008,214.13000000000008,214.58000000000007,2467
2026-08-11T19:30:00+00:00,214.58000000000007,214.91000000000008,214.43000000000006,214.46000000000006,2848
2026-08-11T19:45:00+00:00,214.46000000000006,214.80000000000007,213.61000000000007,214.22000000000008,4891
2026-08-12T13:30:00+00:00,214.22000000000008,219.14000000000007,214.22000000000008,218.03000000000006,8841
2026-08-12T13:45:00+00:00,218.03000000000006,220.53000000000006,217.91000000000008,220.35000000000008,7419
2026-08-12T14:00:00+00:00,220.35000000000008,220.74000000000007,219.13000000000008,219.82000000000008,6849
2026-08-12T14:15:00+00:00,219.82000000000008,221.46000000000006,219.72000000000008,221.19000000000008,5505
2026-08-12T14:30:00+00:00,221.19000000000008,221.54000000000008,220.37000000000006,221.54000000000008,5295
2026-08-12T14:45:00+00:00,221.54000000000008,221.81000000000006,220.37000000000006,220.48000000000008,4629.473802124738
2026-08-12T15:00:00+00:00,220.48000000000008,221.24000000000007,220.09000000000006,220.14000000000007,4270
2026-08-12T15:15:00+00:00,220.14000000000007,220.72000000000008,220.06000000000006,220.55000000000007,3585
2026-08-12T15:30:00+00:00,220.55000000000007,220.67000000000007,219.85000000000008,219.89000000000007,3482
2026-08-12T15:45:00+00:00,219.89000000000007,220.33000000000007,219.61000000000007,219.74000000000007,3008
2026-08-12T16:00:00+00:00,219.74000000000007,220.58000000000007,219.71000000000006,220.32000000000008,2720
2026-08-12T16:15:00+00:00,220.32000000000008,220.42000000000007,219.90000000000006,219.94000000000008,2152
2026-08-12T16:30:00+00:00,219.94000000000008,220.01000000000008,219.41000000000008,219.64000000000007,2259
2026-08-12T16:45:00+00:00,219.64000000000007,220.69000000000008,219.57000000000008,220.50000000000009,2139
2026-08-12T17:00:00+00:00,220.50000000000009,221.02000000000007,220.50000000000009,220.84000000000006,1808
2026-08-12T17:15:00+00:00,220.84000000000006,220.96000000000006,220.39000000000007,220.82000000000008,1943
2026-08-12T17:30:00+00:00,220.82000000000008,220.85000000000008,220.52000000000007,220.82000000000008,1747
2026-08-12T17:45:00+00:00,220.82000000000008,220.94000000000008,220.22000000000008,220.38000000000008,1693
2026-08-12T18:00:00+00:00,220.38000000000008,220.71000000000006,219.88000000000008,220.68000000000006,1658
2026-08-12T18:15:00+00:00,220.68000000000006,220.93000000000006,220.40000000000006,220.84000000000006,1679
2026-08-12T18:30:00+00:00,220.84000000000006,221.17000000000007,220.42000000000007,220.51000000000008,1678
2026-08-12T18:45:00+00:00,220.51000000000008,220.65000000000006,220.23000000000008,220.41000000000008,1707
2026-08-12T19:00:00+00:00,220.41000000000008,220.60000000000008,220.18000000000006,220.26000000000008,1724
2026-08-12T19:15:00+00:00,220.26000000000008,220.39000000000007,219.53000000000006,219.72000000000008,1873
2026-08-12T19:30:00+00:00,219.72000000000008,219.72000000000008,218.94000000000008,219.05000000000007,2342
2026-08-12T19:45:00+00:00,219.05000000000007,221.08000000000007,218.95000000000007,220.86000000000007,4383
2026-08-13T13:30:00+00:00,220.86000000000007,223.92000000000007,220.86000000000007,221.63000000000008,8462
2026-08-13T13:45:00+00:00,221.63000000000008,222.86000000000007,221.46000000000006,222.48000000000008,6441
2026-08-13T14:00:00+00:00,222.48000000000008,223.12000000000006,221.72000000000008,222.94000000000008,5773
2026-08-13T14:15:00+00:00,222.94000000000008,222.95000000000007,222.27000000000007,222.74000000000007,4170
2026-08-13T14:30:00+00:00,222.74000000000007,223.20000000000007,222.35000000000008,222.35000000000008,3891
2026-08-13T14:45:00+00:00,222.35000000000008,222.44000000000008,221.36000000000007,221.69000000000008,5045
2026-08-13T15:00:00+00:00,221.69000000000008,221.91000000000008,221.05000000000007,221.41000000000008,4716
2026-08-13T15:15:00+00:00,221.41000000000008,221.83000000000007,221.02000000000007,221.16000000000008,5084
2026-08-13T15:30:00+00:00,221.16000000000008,221.52000000000007,220.42000000000007,221.30000000000007,5478
2026-08-13T15:45:00+00:00,221.30000000000007,221.54000000000008,220.81000000000006,220.99000000000007,4279
2026-08-13T16:00:00+00:00,220.99000000000007,221.88000000000008,220.92000000000007,221.52000000000007,3340
2026-08-13T16:15:00+00:00,221.52000000000007,222.19000000000008,221.37000000000006,222.03000000000006,2919
2026-08-13T16:30:00+00:00,222.03000000000006,222.30000000000007,221.68000000000006,221.74000000000007,2784
2026-08-13T16:45:00+00:00,221.74000000000007,222.09000000000006,221.70000000000007,222.04000000000008,2199
2026-08-13T17:00:00+00:00,222.04000000000008,222.53000000000006,222.04000000000008,222.37000000000006,2166
2026-08-13T17:15:00+00:00,222.37000000000006,222.64000000000007,222.04000000000008,222.06000000000006,2025
2026-08-13T17:30:00+00:00,222.06000000000006,222.33000000000007,221.87000000000006,221.90000000000006,1778
2026-08-13T17:45:00+00:00,221.90000000000006,222.46000000000006,221.81000000000006,222.03000000000006,2119
2026-08-13T18:00:00+00:00,222.03000000000006,222.14000000000007,221.76000000000008,221.92000000000007,2456
2026-08-13T18:15:00+00:00,221.92000000000007,222.38000000000008,221.92000000000007,222.33000000000007,2263
2026-08-13T18:30:00+00:00,222.33000000000007,222.70000000000007,222.13000000000008,222.25000000000009,2768
2026-08-13T18:45:00+00:00,222.25000000000009,222.54000000000008,222.20000000000007,222.46000000000006,2562
2026-08-13T19:00:00+00:00,222.46000000000006,222.96000000000006,222.34000000000006,222.42000000000007,2919
2026-08-13T19:15:00+00:00,222.42000000000007,222.80000000000007,222.19000000000008,222.52000000000007,3046
2026-08-13T19:30:00+00:00,222.52000000000007,222.93000000000006,222.32000000000008,222.48000000000008,3179
2026-08-13T19:45:00+00:00,222.48000000000008,222.58000000000007,221.58000000000007,222.09000000000006,4710
2026-08-14T13:30:00+00:00,222.09000000000006,224.21000000000006,221.73000000000008,222.43000000000006,7536
2026-08-14T13:45:00+00:00,222.43000000000006,223.51000000000008,222.07000000000008,222.46000000000006,6095
2026-08-14T14:00:00+00:00,222.46000000000006,223.30000000000007,222.09000000000006,222.53000000000006,5302
2026-08-14T14:15:00+00:00,222.53000000000006,222.59000000000006,221.22000000000008,221.84000000000006,5671
2026-08-14T14:30:00+00:00,221.84000000000006,223.07000000000008,221.71000000000006,223.03000000000006,5560
2026-08-14T14:45:00+00:00,223.03000000000006,223.65000000000006,222.80000000000007,222.8300000000001,4974.217773867136
2026-08-14T15:00:00+00:00,222.8300000000001,223.0700000000001,222.1000000000001,222.2300000000001,4217
2026-08-14T15:15:00+00:00,222.2300000000001,222.78000000000011,221.6800000000001,222.3100000000001,4722
2026-08-14T15:30:00+00:00,222.3100000000001,222.3300000000001,221.3700000000001,221.6300000000001,4217
2026-08-14T15:45:00+00:00,221.6300000000001,222.1500000000001,221.4300000000001,222.0000000000001,3547
2026-08-14T16:00:00+00:00,222.0000000000001,222.3800000000001,221.8900000000001,222.3100000000001,3150
2026-08-14T16:15:00+00:00,222.3100000000001,222.5600000000001,222.2000000000001,222.4100000000001,2637
2026-08-14T16:30:00+00:00,222.4100000000001,222.4700000000001,221.7300000000001,221.7900000000001,2947
2026-08-14T16:45:00+00:00,221.7900000000001,221.9700000000001,221.7000000000001,221.8100000000001,2438
2026-08-14T17:00:00+00:00,221.8100000000001,222.1100000000001,221.7900000000001,222.0900000000001,2342
2026-08-14T17:15:00+00:00,222.0900000000001,222.1400000000001,221.8200000000001,221.8500000000001,2323
2026-08-14T17:30:00+00:00,221.8500000000001,222.1700000000001,221.8400000000001,222.1700000000001,2263
2026-08-14T17:45:00+00:00,222.1700000000001,222.4200000000001,221.9300000000001,222.0700000000001,2199
2026-08-14T18:00:00+00:00,222.0700000000001,222.3900000000001,222.0000000000001,222.0600000000001,2529
2026-08-14T18:15:00+00:00,222.0600000000001,222.1300000000001,221.3100000000001,221.4700000000001,2069
2026-08-14T18:30:00+00:00,221.4700000000001,222.1600000000001,221.4000000000001,222.0600000000001,2286
2026-08-14T18:45:00+00:00,222.0600000000001,222.0700000000001,221.6600000000001,221.8500000000001,2137
2026-08-14T19:00:00+00:00,221.8500000000001,222.1900000000001,221.5500000000001,221.6600000000001,2584
2026-08-14T19:15:00+00:00,221.6600000000001,222.1100000000001,221.6000000000001,221.9000000000001,2355
2026-08-14T19:30:00+00:00,221.9000000000001,222.1400000000001,221.7600000000001,221.8100000000001,2871
2026-08-14T19:45:00+00:00,221.8100000000001,222.4100000000001,221.6100000000001,221.9500000000001,3992
2026-08-17T13:30:00+00:00,221.9500000000001,223.8500000000001,221.9000000000001,222.6500000000001,6316
2026-08-17T13:45:00+00:00,222.6500000000001,223.2200000000001,221.78000000000011,222.9400000000001,5305
2026-08-17T14:00:00+00:00,222.9400000000001,223.0400000000001,222.0800000000001,222.8900000000001,4203
2026-08-17T14:15:00+00:00,222.8900000000001,223.4000000000001,222.5500000000001,223.3500000000001,3571
2026-08-17T14:30:00+00:00,223.3500000000001,223.9700000000001,223.1600000000001,223.7600000000001,3208
2026-08-17T14:45:00+00:00,223.7600000000001,223.9600000000001,222.3600000000001,222.9800000000001,3085
2026-08-17T15:00:00+00:00,222.9800000000001,223.8300000000001,222.9800000000001,223.4800000000001,2798
2026-08-17T15:15:00+00:00,223.4800000000001,224.5100000000001,223.4700000000001,224.1800000000001,2584
2026-08-17T15:30:00+00:00,224.1800000000001,224.2900000000001,223.4600000000001,224.0400000000001,2554
2026-08-17T15:45:00+00:00,224.0400000000001,224.6700000000001,224.0200000000001,224.4400000000001,2017
2026-08-17T16:00:00+00:00,224.4400000000001,224.5000000000001,223.8400000000001,223.9600000000001,2188
2026-08-17T16:15:00+00:00,223.9600000000001,224.1100000000001,223.5800000000001,223.7900000000001,1740
2026-08-17T16:30:00+00:00,223.7900000000001,223.8400000000001,223.5000000000001,223.5400000000001,1329
2026-08-17T16:45:00+00:00,223.5400000000001,223.9600000000001,223.4800000000001,223.8100000000001,1509
2026-08-17T17:00:00+00:00,223.8100000000001,223.9200000000001,222.8900000000001,222.9100000000001,2017
2026-08-17T17:15:00+00:00,222.9100000000001,223.2000000000001,222.5700000000001,222.6500000000001,2883
2026-08-17T17:30:00+00:00,222.6500000000001,223.03000000000011,222.6300000000001,222.9700000000001,2007
2026-08-17T17:45:00+00:00,222.9700000000001,223.0100000000001,222.5100000000001,222.5800000000001,1462
2026-08-17T18:00:00+00:00,222.5800000000001,222.6500000000001,222.1900000000001,222.4400000000001,2020
2026-08-17T18:15:00+00:00,222.4400000000001,222.5400000000001,222.1400000000001,222.28000000000011,1529
2026-08-17T18:30:00+00:00,222.28000000000011,222.4900000000001,222.1600000000001,222.4500000000001,1226
2026-08-17T18:45:00+00:00,222.4500000000001,222.6700000000001,222.3200000000001,222.3400000000001,1171
2026-08-17T19:00:00+00:00,222.3400000000001,222.4700000000001,222.0900000000001,222.2100000000001,1630
2026-08-17T19:15:00+00:00,222.2100000000001,222.5600000000001,222.1200000000001,222.2500000000001,1890
2026-08-17T19:30:00+00:00,222.2500000000001,222.7600000000001,222.1100000000001,222.3000000000001,2154
2026-08-17T19:45:00+00:00,222.3000000000001,222.4400000000001,221.6000000000001,221.9400000000001,4339
2026-08-18T13:30:00+00:00,221.9400000000001,221.9400000000001,216.1800000000001,217.1500000000001,8855
2026-08-18T13:45:00+00:00,217.1500000000001,217.5700000000001,216.0800000000001,216.9100000000001,7857
2026-08-18T14:00:00+00:00,216.9100000000001,217.5400000000001,215.6400000000001,215.78000000000011,7664
2026-08-18T14:15:00+00:00,215.78000000000011,217.0200000000001,215.5900000000001,216.7200000000001,7158
2026-08-18T14:30:00+00:00,216.7200000000001,217.2300000000001,216.1400000000001,216.1800000000001,6402
2026-08-18T14:45:00+00:00,216.1800000000001,216.2400000000001,215.5000000000001,215.8200000000001,6119
2026-08-18T15:00:00+00:00,215.8200000000001,216.28000000000011,215.4400000000001,216.2200000000001,5960
2026-08-18T15:15:00+00:00,216.2200000000001,216.5500000000001,216.03000000000011,216.3000000000001,4698
2026-08-18T15:30:00+00:00,216.3000000000001,216.6600000000001,216.0700000000001,216.4300000000001,4275
2026-08-18T15:45:00+00:00,216.4300000000001,217.0000000000001,216.4300000000001,216.8000000000001,3726
2026-08-18T16:00:00+00:00,216.8000000000001,217.1100000000001,216.6800000000001,216.7200000000001,3253
2026-08-18T16:15:00+00:00,216.7200000000001,216.8100000000001,216.1600000000001,216.2900000000001,3330
2026-08-18T16:30:00+00:00,216.2900000000001,216.8300000000001,216.1300000000001,216.5900000000001,3206
2026-08-18T16:45:00+00:00,216.5900000000001,217.2000000000001,216.3600000000001,216.9600000000001,2819
2026-08-18T17:00:00+00:00,216.9600000000001,217.1000000000001,216.6200000000001,216.8300000000001,3038
2026-08-18T17:15:00+00:00,216.8300000000001,217.1400000000001,216.7100000000001,217.0600000000001,2509
2026-08-18T17:30:00+00:00,217.0600000000001,217.2600000000001,216.9000000000001,217.1200000000001,2231
2026-08-18T17:45:00+00:00,217.1200000000001,217.2400000000001,216.6700000000001,216.7200000000001,2105
2026-08-18T18:00:00+00:00,216.7200000000001,216.8100000000001,215.9700000000001,216.3800000000001,3146
2026-08-18T18:15:00+00:00,216.3800000000001,217.0400000000001,216.3300000000001,216.6800000000001,2726
2026-08-18T18:30:00+00:00,216.6800000000001,216.9400000000001,216.5900000000001,216.6800000000001,2500
2026-08-18T18:45:00+00:00,216.6800000000001,216.9300000000001,216.5000000000001,216.5600000000001,2807
2026-08-18T19:00:00+00:00,216.5600000000001,216.6900000000001,216.3800000000001,216.4400000000001,3019
2026-08-18T19:15:00+00:00,216.4400000000001,216.4900000000001,215.8700000000001,216.0100000000001,3512
2026-08-18T19:30:00+00:00,216.0100000000001,216.3100000000001,215.6600000000001,216.2200000000001,3769
2026-08-18T19:45:00+00:00,216.2200000000001,216.6200000000001,215.9200000000001,216.5700000000001,6454
2026-08-19T13:30:00+00:00,216.5700000000001,219.6000000000001,216.1100000000001,216.7300000000001,7436
2026-08-19T13:45:00+00:00,216.7300000000001,217.1900000000001,214.6800000000001,215.4300000000001,9353
2026-08-19T14:00:00+00:00,215.4300000000001,215.5900000000001,213.6300000000001,213.6500000000001,9061
2026-08-19T14:15:00+00:00,213.6500000000001,214.9200000000001,213.5000000000001,214.9200000000001,8279
2026-08-19T14:30:00+00:00,214.9200000000001,216.2700000000001,214.7100000000001,216.1400000000001,6547
2026-08-19T14:45:00+00:00,216.1400000000001,216.6600000000001,215.6800000000001,216.6400000000001,5996.052023121387
2026-08-19T15:00:00+00:00,216.6400000000001,216.7100000000001,215.8100000000001,216.0100000000001,5032
2026-08-19T15:15:00+00:00,216.0100000000001,216.4200000000001,215.6500000000001,216.0200000000001,5130
2026-08-19T15:30:00+00:00,216.0200000000001,216.07000000000008,215.5500000000001,216.0500000000001,4590
2026-08-19T15:45:00+00:00,216.0500000000001,216.1800000000001,215.4000000000001,216.0800000000001,4326
2026-08-19T16:00:00+00:00,216.0800000000001,217.4300000000001,216.00000000000009,216.91000000000008,4053
2026-08-19T16:15:00+00:00,216.91000000000008,217.0900000000001,216.1200000000001,216.1700000000001,3369
2026-08-19T16:30:00+00:00,216.1700000000001,216.3000000000001,215.85000000000008,216.07000000000008,3081
2026-08-19T16:45:00+00:00,216.07000000000008,216.2100000000001,215.5500000000001,215.6800000000001,2777
2026-08-19T17:00:00+00:00,215.6800000000001,216.0600000000001,215.5600000000001,215.7600000000001,2837
2026-08-19T17:15:00+00:00,215.7600000000001,216.07000000000008,215.5200000000001,215.7600000000001,3078
2026-08-19T17:30:00+00:00,215.7600000000001,216.0800000000001,215.6100000000001,215.97000000000008,2657
2026-08-19T17:45:00+00:00,215.97000000000008,216.22000000000008,215.7700000000001,215.8600000000001,2318
2026-08-19T18:00:00+00:00,215.8600000000001,216.5400000000001,215.4800000000001,215.8300000000001,4625
2026-08-19T18:15:00+00:00,215.8300000000001,215.9300000000001,215.41000000000008,215.9300000000001,3399
2026-08-19T18:30:00+00:00,215.9300000000001,216.5500000000001,215.91000000000008,216.38000000000008,3518
2026-08-19T18:45:00+00:00,216.38000000000008,216.4900000000001,216.10000000000008,216.2000000000001,2756
2026-08-19T19:00:00+00:00,216.2000000000001,216.5900000000001,216.19000000000008,216.3900000000001,2921
2026-08-19T19:15:00+00:00,216.3900000000001,216.7600000000001,216.2700000000001,216.2800000000001,2826
2026-08-19T19:30:00+00:00,216.2800000000001,216.6100000000001,215.5500000000001,215.63000000000008,3743
2026-08-19T19:45:00+00:00,215.63000000000008,215.69000000000008,213.7900000000001,214.4300000000001,6670
2026-08-20T13:30:00+00:00,214.4300000000001,216.57000000000008,213.9300000000001,215.9300000000001,6755
2026-08-20T13:45:00+00:00,215.9300000000001,215.9900000000001,214.13000000000008,214.4600000000001,7175
2026-08-20T14:00:00+00:00,214.4600000000001,214.8300000000001,213.8400000000001,214.60000000000008,7436
2026-08-20T14:15:00+00:00,214.60000000000008,214.6800000000001,213.4600000000001,214.2700000000001,6833
2026-08-20T14:30:00+00:00,214.2700000000001,215.66000000000008,214.13000000000008,215.60000000000008,6143
2026-08-20T14:45:00+00:00,215.60000000000008,215.6700000000001,214.0100000000001,214.4600000000001,5696
2026-08-20T15:00:00+00:00,214.4600000000001,215.07000000000008,214.0300000000001,214.3300000000001,7028
2026-08-20T15:15:00+00:00,214.3300000000001,214.4000000000001,213.3900000000001,213.5800000000001,6402
2026-08-20T15:30:00+00:00,213.5800000000001,213.69000000000008,212.7000000000001,212.7000000000001,5264
2026-08-20T15:45:00+00:00,212.7000000000001,213.0600000000001,212.4500000000001,213.0400000000001,4235
2026-08-20T16:00:00+00:00,213.0400000000001,213.5100000000001,213.0100000000001,213.16000000000008,3520
2026-08-20T16:15:00+00:00,213.16000000000008,213.72000000000008,213.0500000000001,213.5900000000001,3341
2026-08-20T16:30:00+00:00,213.5900000000001,213.8100000000001,213.3400000000001,213.6200000000001,2850
2026-08-20T16:45:00+00:00,213.6200000000001,214.72000000000008,213.4900000000001,214.57000000000008,3475
2026-08-20T17:00:00+00:00,214.57000000000008,214.7100000000001,213.5600000000001,213.5900000000001,3361
2026-08-20T17:15:00+00:00,213.5900000000001,213.66000000000008,212.9600000000001,213.0600000000001,3002
2026-08-20T17:30:00+00:00,213.0600000000001,213.2400000000001,212.9500000000001,213.2300000000001,2352
2026-08-20T17:45:00+00:00,213.2300000000001,213.7600000000001,213.1700000000001,213.5500000000001,2024
2026-08-20T18:00:00+00:00,213.5500000000001,213.6200000000001,213.1800000000001,213.35000000000008,3143
2026-08-20T18:15:00+00:00,213.35000000000008,213.7000000000001,213.1100000000001,213.6200000000001,2671
2026-08-20T18:30:00+00:00,213.6200000000001,213.7600000000001,213.2400000000001,213.3300000000001,2885
2026-08-20T18:45:00+00:00,213.3300000000001,213.5500000000001,213.25000000000009,213.3600000000001,2649
2026-08-20T19:00:00+00:00,213.3600000000001,213.8400000000001,213.2800000000001,213.6100000000001,2162
2026-08-20T19:15:00+00:00,213.6100000000001,214.2100000000001,213.5200000000001,214.19000000000008,2188
2026-08-20T19:30:00+00:00,214.19000000000008,214.2100000000001,213.5800000000001,213.66000000000008,2494
2026-08-20T19:45:00+00:00,213.66000000000008,213.94000000000008,213.1400000000001,213.7600000000001,4480
2026-08-21T13:30:00+00:00,213.7600000000001,215.47000000000008,213.50000000000009,213.6100000000001,6243
2026-08-21T13:45:00+00:00,213.6100000000001,214.13000000000008,212.6800000000001,213.25000000000009,6689
2026-08-21T14:00:00+00:00,213.25000000000009,213.5100000000001,212.0100000000001,212.1500000000001,6481
2026-08-21T14:15:00+00:00,212.1500000000001,212.38000000000008,211.35000000000008,211.41000000000008,6624
2026-08-21T14:30:00+00:00,211.41000000000008,212.0600000000001,211.3100000000001,211.6400000000001,5939
2026-08-21T14:45:00+00:00,211.6400000000001,211.94000000000008,211.4300000000001,211.60000000000008,4927
2026-08-21T15:00:00+00:00,211.60000000000008,212.5300000000001,211.5900000000001,212.5100000000001,3786
2026-08-21T15:15:00+00:00,212.5100000000001,212.72000000000008,212.16000000000008,212.6100000000001,3644
2026-08-21T15:30:00+00:00,212.6100000000001,213.7700000000001,212.5100000000001,213.4800000000001,4197
2026-08-21T15:45:00+00:00,213.4800000000001,213.5900000000001,212.6800000000001,212.9600000000001,3166
2026-08-21T16:00:00+00:00,212.9600000000001,213.1100000000001,212.4500000000001,212.4500000000001,3391
2026-08-21T16:15:00+00:00,212.4500000000001,212.6700000000001,212.19000000000008,212.44000000000008,3539
2026-08-21T16:30:00+00:00,212.44000000000008,212.5900000000001,212.2700000000001,212.5600000000001,2385
2026-08-21T16:45:00+00:00,212.5600000000001,212.5600000000001,211.7800000000001,212.0500000000001,2441
2026-08-21T17:00:00+00:00,212.0500000000001,212.3700000000001,211.97000000000008,212.13000000000008,2215
2026-08-21T17:15:00+00:00,212.13000000000008,212.16000000000008,211.3900000000001,211.85000000000008,2776
2026-08-21T17:30:00+00:00,211.85000000000008,212.38000000000008,211.66000000000008,212.38000000000008,2384
2026-08-21T17:45:00+00:00,212.38000000000008,212.6800000000001,212.3300000000001,212.5600000000001,1929
2026-08-21T18:00:00+00:00,212.5600000000001,212.8900000000001,212.4300000000001,212.4900000000001,2339
2026-08-21T18:15:00+00:00,212.4900000000001,212.7300000000001,212.1100000000001,212.13000000000008,2012
2026-08-21T18:30:00+00:00,212.13000000000008,212.19000000000008,211.7800000000001,211.8000000000001,1997
2026-08-21T18:45:00+00:00,211.8000000000001,212.13000000000008,211.7800000000001,212.0800000000001,1724
2026-08-21T19:00:00+00:00,212.0800000000001,212.22000000000008,211.6800000000001,211.7100000000001,1957
2026-08-21T19:15:00+00:00,211.7100000000001,211.9500000000001,211.50000000000009,211.6500000000001,2200
2026-08-21T19:30:00+00:00,211.6500000000001,212.10000000000008,211.6400000000001,212.0600000000001,2155
2026-08-21T19:45:00+00:00,212.0600000000001,212.25000000000009,211.32000000000008,211.5100000000001,4158
2026-08-24T13:30:00+00:00,211.5100000000001,212.19000000000008,206.47000000000008,206.7000000000001,8259
2026-08-24T13:45:00+00:00,206.7000000000001,206.97000000000008,205.7900000000001,206.4200000000001,9167
2026-08-24T14:00:00+00:00,206.4200000000001,206.8400000000001,205.6400000000001,206.0100000000001,7362
2026-08-24T14:15:00+00:00,206.0100000000001,206.47000000000008,205.4000000000001,206.1100000000001,5955
2026-08-24T14:30:00+00:00,206.1100000000001,207.0800000000001,206.0200000000001,206.6200000000001,5072
2026-08-24T14:45:00+00:00,206.6200000000001,206.88000000000008,206.2800000000001,206.4600000000001,4811
2026-08-24T15:00:00+00:00,206.4600000000001,207.0900000000001,205.7400000000001,205.9200000000001,4645
2026-08-24T15:15:00+00:00,205.9200000000001,206.7000000000001,205.6200000000001,206.6100000000001,4069
2026-08-24T15:30:00+00:00,206.6100000000001,207.10000000000008,206.3600000000001,206.9500000000001,3729
2026-08-24T15:45:00+00:00,206.9500000000001,207.4800000000001,206.7000000000001,207.0100000000001,2975
2026-08-24T16:00:00+00:00,207.0100000000001,207.2600000000001,206.7700000000001,207.1700000000001,3539
2026-08-24T16:15:00+00:00,207.1700000000001,207.7800000000001,207.10000000000008,207.4600000000001,3123
2026-08-24T16:30:00+00:00,207.4600000000001,207.50000000000009,206.8900000000001,207.0400000000001,2836
2026-08-24T16:45:00+00:00,207.0400000000001,207.0500000000001,206.3600000000001,206.4300000000001,2493
2026-08-24T17:00:00+00:00,206.4300000000001,206.97000000000008,206.3900000000001,206.82000000000008,2767
2026-08-24T17:15:00+00:00,206.82000000000008,206.82000000000008,205.9200000000001,206.0400000000001,3147
2026-08-24T17:30:00+00:00,206.0400000000001,206.47000000000008,205.9600000000001,206.3300000000001,2370
2026-08-24T17:45:00+00:00,206.3300000000001,206.44000000000008,206.2600000000001,206.3300000000001,1654
2026-08-24T18:00:00+00:00,206.3300000000001,206.6700000000001,206.3100000000001,206.5800000000001,1998
2026-08-24T18:15:00+00:00,206.5800000000001,207.19000000000008,206.4500000000001,207.1500000000001,2033
2026-08-24T18:30:00+00:00,207.1500000000001,207.2400000000001,206.4800000000001,206.5500000000001,2492
2026-08-24T18:45:00+00:00,206.5500000000001,206.5800000000001,205.97000000000008,206.0600000000001,2177
2026-08-24T19:00:00+00:00,206.0600000000001,206.3400000000001,205.8700000000001,206.2400000000001,2580
2026-08-24T19:15:00+00:00,206.2400000000001,206.3300000000001,205.9500000000001,206.1400000000001,2202
2026-08-24T19:30:00+00:00,206.1400000000001,206.2400000000001,205.2400000000001,205.4000000000001,2842
2026-08-24T19:45:00+00:00,205.4000000000001,205.4600000000001,204.4500000000001,205.1700000000001,5361
2026-08-25T13:30:00+00:00,205.1700000000001,209.5300000000001,205.1700000000001,209.38000000000008,7575
2026-08-25T13:45:00+00:00,209.38000000000008,211.4600000000001,209.3300000000001,210.2400000000001,7702
2026-08-25T14:00:00+00:00,210.2400000000001,210.60000000000008,209.38000000000008,210.1500000000001,7038
2026-08-25T14:15:00+00:00,210.1500000000001,210.63000000000008,208.5600000000001,208.5600000000001,5722
2026-08-25T14:30:00+00:00,208.5600000000001,208.7100000000001,207.8700000000001,208.2700000000001,5863
2026-08-25T14:45:00+00:00,208.2700000000001,208.66000000000008,207.75000000000009,207.7900000000001,4117
2026-08-25T15:00:00+00:00,207.7900000000001,207.91000000000008,206.9800000000001,207.13000000000008,3991
2026-08-25T15:15:00+00:00,207.13000000000008,208.0200000000001,206.9600000000001,207.97000000000008,3056
2026-08-25T15:30:00+00:00,207.97000000000008,208.1400000000001,207.72000000000008,208.0600000000001,2980
2026-08-25T15:45:00+00:00,208.0600000000001,208.6100000000001,207.6500000000001,208.4000000000001,2430
2026-08-25T16:00:00+00:00,208.4000000000001,208.69000000000008,208.2100000000001,208.6400000000001,2403
2026-08-25T16:15:00+00:00,208.6400000000001,209.0800000000001,208.6200000000001,208.9800000000001,2146
2026-08-25T16:30:00+00:00,208.9800000000001,209.2600000000001,208.7000000000001,208.97000000000008,2211
2026-08-25T16:45:00+00:00,208.97000000000008,209.32000000000008,208.7900000000001,208.9500000000001,2212
2026-08-25T17:00:00+00:00,208.9500000000001,209.1400000000001,208.4900000000001,208.75000000000009,2456
2026-08-25T17:15:00+00:00,208.75000000000009,209.2000000000001,208.6700000000001,209.0400000000001,2059
2026-08-25T17:30:00+00:00,209.0400000000001,209.2400000000001,208.97000000000008,209.0500000000001,1907
2026-08-25T17:45:00+00:00,209.0500000000001,209.2800000000001,208.9000000000001,209.13000000000008,1777
2026-08-25T18:00:00+00:00,209.13000000000008,209.16000000000008,208.6700000000001,208.6800000000001,1744
2026-08-25T18:15:00+00:00,208.6800000000001,209.07000000000008,208.6200000000001,209.0200000000001,1712
2026-08-25T18:30:00+00:00,209.0200000000001,209.72000000000008,209.0200000000001,209.66000000000008,1823
2026-08-25T18:45:00+00:00,209.66000000000008,210.11000000000007,209.65000000000006,209.97000000000008,1827
2026-08-25T19:00:00+00:00,209.97000000000008,210.25000000000009,208.97000000000008,209.0300000000001,2419
2026-08-25T19:15:00+00:00,209.0300000000001,209.14000000000007,208.51000000000008,208.85000000000008,2370
2026-08-25T19:30:00+00:00,208.85000000000008,209.58000000000007,208.71000000000006,209.2800000000001,2408
2026-08-25T19:45:00+00:00,209.2800000000001,210.0300000000001,209.04000000000008,209.80000000000007,3919
2026-08-26T13:30:00+00:00,209.80000000000007,210.38000000000008,207.58000000000007,209.71000000000006,7076
2026-08-26T13:45:00+00:00,209.71000000000006,210.41000000000008,208.75000000000009,209.46000000000006,5443
2026-08-26T14:00:00+00:00,209.46000000000006,209.48000000000008,208.22000000000008,208.30000000000007,4743
2026-08-26T14:15:00+00:00,208.30000000000007,208.30000000000007,207.00000000000009,207.3100000000001,4801
2026-08-26T14:30:00+00:00,207.3100000000001,207.74000000000007,206.88000000000008,207.63000000000008,3210
2026-08-26T14:45:00+00:00,207.63000000000008,208.22000000000008,207.54000000000008,207.96000000000006,2816
2026-08-26T15:00:00+00:00,207.96000000000006,208.35000000000008,207.65000000000006,207.91000000000008,2700
2026-08-26T15:15:00+00:00,207.91000000000008,207.97000000000008,207.39000000000007,207.90000000000006,2792
2026-08-26T15:30:00+00:00,207.90000000000006,208.12000000000006,207.65000000000006,208.07000000000008,2095
2026-08-26T15:45:00+00:00,208.07000000000008,208.25000000000009,207.40000000000006,207.44000000000008,2548
2026-08-26T16:00:00+00:00,207.44000000000008,207.47000000000008,206.6000000000001,206.69000000000008,2428
2026-08-26T16:15:00+00:00,206.69000000000008,207.2100000000001,206.6200000000001,207.0100000000001,2175
2026-08-26T16:30:00+00:00,207.0100000000001,207.1500000000001,206.3400000000001,206.5400000000001,2173
2026-08-26T16:45:00+00:00,206.5400000000001,206.7100000000001,206.2900000000001,206.7100000000001,1983
2026-08-26T17:00:00+00:00,206.7100000000001,206.9300000000001,206.5300000000001,206.8600000000001,1650
2026-08-26T17:15:00+00:00,206.8600000000001,207.0800000000001,206.8300000000001,206.9000000000001,1347
2026-08-26T17:30:00+00:00,206.9000000000001,207.4500000000001,206.7300000000001,207.3000000000001,1599
2026-08-26T17:45:00+00:00,207.3000000000001,207.4600000000001,207.0700000000001,207.3900000000001,1998
2026-08-26T18:00:00+00:00,207.3900000000001,207.7300000000001,206.9800000000001,207.1000000000001,1465
2026-08-26T18:15:00+00:00,207.1000000000001,207.6700000000001,206.9800000000001,207.5900000000001,1420
2026-08-26T18:30:00+00:00,207.5900000000001,207.8500000000001,207.3100000000001,207.3600000000001,1528
2026-08-26T18:45:00+00:00,207.3600000000001,207.9900000000001,207.3600000000001,207.88000000000008,1818
2026-08-26T19:00:00+00:00,207.88000000000008,208.16000000000008,207.70000000000007,207.7800000000001,2022
2026-08-26T19:15:00+00:00,207.7800000000001,208.04000000000008,207.5800000000001,207.69000000000008,1647
2026-08-26T19:30:00+00:00,207.69000000000008,207.79000000000008,206.42000000000007,206.42000000000007,2919
2026-08-26T19:45:00+00:00,206.42000000000007,206.95000000000007,206.0800000000001,206.7700000000001,5402
2026-08-27T13:30:00+00:00,206.7700000000001,222.5800000000001,206.7700000000001,221.7400000000001,12387
2026-08-27T13:45:00+00:00,221.7400000000001,222.0300000000001,219.1100000000001,221.01000000000008,10620
2026-08-27T14:00:00+00:00,221.01000000000008,222.72000000000008,220.75000000000009,222.20000000000007,9231
2026-08-27T14:15:00+00:00,222.20000000000007,223.20000000000007,221.07000000000008,222.5600000000001,7264
2026-08-27T14:30:00+00:00,222.5600000000001,223.07000000000008,220.3400000000001,221.42000000000007,6691
2026-08-27T14:45:00+00:00,221.42000000000007,223.8000000000001,221.2100000000001,223.7800000000001,5581
2026-08-27T15:00:00+00:00,223.7800000000001,224.0900000000001,221.73000000000008,222.44000000000008,5354
2026-08-27T15:15:00+00:00,222.44000000000008,222.76000000000008,221.91000000000008,222.16000000000008,4355
2026-08-27T15:30:00+00:00,222.16000000000008,222.95000000000007,221.6200000000001,222.05000000000007,4348
2026-08-27T15:45:00+00:00,222.05000000000007,223.48000000000008,221.58000000000007,222.88000000000008,4306
2026-08-27T16:00:00+00:00,222.88000000000008,224.20000000000007,222.8400000000001,223.87000000000006,4206
2026-08-27T16:15:00+00:00,223.87000000000006,225.07000000000008,223.70000000000007,224.95000000000007,4533
2026-08-27T16:30:00+00:00,224.95000000000007,226.29000000000008,224.76000000000008,225.91000000000008,4391
2026-08-27T16:45:00+00:00,225.91000000000008,226.14000000000007,225.32000000000008,226.13000000000008,3968
2026-08-27T17:00:00+00:00,226.13000000000008,226.44000000000008,225.86000000000007,226.39000000000007,3287
2026-08-27T17:15:00+00:00,226.39000000000007,226.92000000000007,225.64000000000007,225.67000000000007,4026
2026-08-27T17:30:00+00:00,225.67000000000007,226.03000000000006,225.35000000000008,225.40000000000006,3405
2026-08-27T17:45:00+00:00,225.40000000000006,225.40000000000006,224.69000000000008,224.70000000000007,3509
2026-08-27T18:00:00+00:00,224.70000000000007,224.79000000000008,223.86000000000007,224.01000000000008,4281
2026-08-27T18:15:00+00:00,224.01000000000008,224.33000000000007,222.52000000000007,222.53000000000006,4082
2026-08-27T18:30:00+00:00,222.53000000000006,223.39000000000007,222.10000000000008,223.23000000000008,4089
2026-08-27T18:45:00+00:00,223.23000000000008,223.26000000000008,221.80000000000007,222.55000000000007,3791
2026-08-27T19:00:00+00:00,222.55000000000007,223.06000000000006,222.05000000000007,222.26000000000008,3950
2026-08-27T19:15:00+00:00,222.26000000000008,223.92000000000007,222.26000000000008,223.64000000000007,4514
2026-08-27T19:30:00+00:00,223.64000000000007,225.24000000000007,223.38000000000008,224.73000000000008,4554
2026-08-27T19:45:00+00:00,224.73000000000008,225.43000000000006,224.13000000000008,224.40000000000006,6200
2026-08-28T13:30:00+00:00,224.40000000000006,225.68000000000006,222.49000000000007,224.48000000000008,8462
2026-08-28T13:45:00+00:00,224.48000000000008,224.76000000000008,221.10000000000008,221.64000000000007,6813
2026-08-28T14:00:00+00:00,221.64000000000007,222.23000000000008,219.82000000000008,219.99000000000007,8723
2026-08-28T14:15:00+00:00,219.99000000000007,221.95000000000007,219.92000000000007,221.54000000000008,8743
2026-08-28T14:30:00+00:00,221.54000000000008,222.27000000000007,220.90000000000006,221.86000000000007,7478
2026-08-28T14:45:00+00:00,221.86000000000007,223.35000000000008,221.77000000000007,223.19000000000008,5926
2026-08-28T15:00:00+00:00,223.19000000000008,223.24000000000007,220.54000000000008,220.75000000000006,5735
2026-08-28T15:15:00+00:00,220.75000000000006,220.90000000000006,219.94000000000008,220.45000000000007,5270
2026-08-28T15:30:00+00:00,220.45000000000007,220.64000000000007,219.06000000000006,219.47000000000008,5455
2026-08-28T15:45:00+00:00,219.47000000000008,219.55000000000007,217.47000000000008,217.77000000000007,6915
2026-08-28T16:00:00+00:00,217.77000000000007,217.82000000000008,216.81000000000006,217.21000000000006,7074
2026-08-28T16:15:00+00:00,217.21000000000006,217.32000000000008,216.37000000000006,216.60000000000008,7102
2026-08-28T16:30:00+00:00,216.60000000000008,217.09000000000006,216.23000000000008,216.55000000000007,6237
2026-08-28T16:45:00+00:00,216.55000000000007,217.39000000000007,216.20000000000007,216.23000000000008,5536
2026-08-28T17:00:00+00:00,216.23000000000008,216.26000000000008,214.35000000000008,215.12000000000006,6617
2026-08-28T17:15:00+00:00,215.12000000000006,215.73000000000008,214.93000000000006,215.13000000000008,5003
2026-08-28T17:30:00+00:00,215.13000000000008,215.88000000000008,214.94000000000008,215.48000000000008,4558
2026-08-28T17:45:00+00:00,215.48000000000008,216.27000000000007,215.35000000000008,215.79000000000008,3907
2026-08-28T18:00:00+00:00,215.79000000000008,215.89000000000007,214.88000000000008,215.03000000000006,3901
2026-08-28T18:15:00+00:00,215.03000000000006,215.18000000000006,214.52000000000007,214.82000000000008,3527
2026-08-28T18:30:00+00:00,214.82000000000008,215.14000000000007,214.15000000000006,214.44000000000008,3545
2026-08-28T18:45:00+00:00,214.44000000000008,214.45000000000007,213.27000000000007,213.81000000000006,4508
2026-08-28T19:00:00+00:00,213.81000000000006,214.02000000000007,213.36000000000007,213.69000000000008,4599
2026-08-28T19:15:00+00:00,213.69000000000008,214.05000000000007,213.41000000000008,213.70000000000007,4025
2026-08-28T19:30:00+00:00,213.70000000000007,214.00000000000006,213.38000000000008,213.64000000000007,4154
2026-08-28T19:45:00+00:00,213.64000000000007,214.64000000000007,213.37000000000006,213.99000000000007,6309
2026-08-31T13:30:00+00:00,213.99000000000007,215.70000000000007,212.67000000000007,214.49000000000007,7417
2026-08-31T13:45:00+00:00,214.49000000000007,215.47000000000008,214.04000000000008,215.28000000000006,6134
2026-08-31T14:00:00+00:00,215.28000000000006,216.64000000000007,214.85000000000008,216.60000000000008,5210
2026-08-31T14:15:00+00:00,216.60000000000008,216.76000000000008,215.79000000000008,216.51000000000008,4777
2026-08-31T14:30:00+00:00,216.51000000000008,217.05000000000007,216.10000000000008,216.38000000000008,4277
2026-08-31T14:45:00+00:00,216.38000000000008,216.53000000000006,215.69000000000008,216.16000000000008,3955
2026-08-31T15:00:00+00:00,216.16000000000008,216.46000000000006,215.57000000000008,215.68000000000006,4135
2026-08-31T15:15:00+00:00,215.68000000000006,216.97000000000008,215.56000000000006,216.70000000000007,3553
2026-08-31T15:30:00+00:00,216.70000000000007,216.76000000000008,215.94000000000008,216.18000000000006,3330
2026-08-31T15:45:00+00:00,216.18000000000006,216.80000000000007,215.85000000000008,215.93000000000006,2986
2026-08-31T16:00:00+00:00,215.93000000000006,216.22000000000008,215.55000000000007,216.15000000000006,2860
2026-08-31T16:15:00+00:00,216.15000000000006,216.74000000000007,216.05000000000007,216.66000000000008,2407
2026-08-31T16:30:00+00:00,216.66000000000008,216.74000000000007,216.17000000000007,216.17000000000007,2473
2026-08-31T16:45:00+00:00,216.17000000000007,216.65000000000006,216.08000000000007,216.63000000000008,1880
2026-08-31T17:00:00+00:00,216.63000000000008,216.71000000000006,216.22000000000008,216.27000000000007,1867
2026-08-31T17:15:00+00:00,216.27000000000007,216.38000000000008,215.78000000000006,215.80000000000007,1438
2026-08-31T17:30:00+00:00,215.80000000000007,216.15000000000006,215.57000000000008,216.10000000000008,2054
2026-08-31T17:45:00+00:00,216.10000000000008,216.45000000000007,215.94000000000008,216.03000000000006,1998
2026-08-31T18:00:00+00:00,216.03000000000006,216.20000000000007,215.75000000000006,215.78000000000006,1871
2026-08-31T18:15:00+00:00,215.78000000000006,216.06000000000006,215.36000000000007,215.40000000000006,1542
2026-08-31T18:30:00+00:00,215.40000000000006,215.41000000000008,214.24000000000007,214.58000000000007,2900
2026-08-31T18:45:00+00:00,214.58000000000007,215.26000000000008,214.14000000000007,215.02000000000007,2744
2026-08-31T19:00:00+00:00,215.02000000000007,215.61000000000007,215.02000000000007,215.39000000000007,1877
2026-08-31T19:15:00+00:00,215.39000000000007,216.29000000000008,215.19000000000008,216.26000000000008,2442
2026-08-31T19:30:00+00:00,216.26000000000008,216.44000000000008,216.04000000000008,216.42000000000007,2219
2026-08-31T19:45:00+00:00,216.42000000000007,217.72000000000008,215.73000000000008,217.11000000000007,5335
2026-09-01T13:30:00+00:00,217.11000000000007,217.11000000000007,211.54000000000008,212.05000000000007,6317
2026-09-01T13:45:00+00:00,212.05000000000007,213.84000000000006,211.97000000000008,213.35000000000008,5636
2026-09-01T14:00:00+00:00,213.35000000000008,214.56000000000006,213.21000000000006,214.30000000000007,5245
2026-09-01T14:15:00+00:00,214.30000000000007,214.84000000000006,214.03000000000006,214.08000000000007,4194
2026-09-01T14:30:00+00:00,214.08000000000007,214.55000000000007,214.00000000000006,214.46000000000006,3980
2026-09-01T14:45:00+00:00,214.46000000000006,215.01000000000008,214.07000000000008,214.49000000000007,4066
2026-09-01T15:00:00+00:00,214.49000000000007,214.95000000000007,214.14000000000007,214.40000000000006,3857
2026-09-01T15:15:00+00:00,214.40000000000006,215.25000000000006,214.31000000000006,215.25000000000006,3246
2026-09-01T15:30:00+00:00,215.25000000000006,215.99000000000007,215.14000000000007,215.93000000000006,3291
2026-09-01T15:45:00+00:00,215.93000000000006,216.85000000000008,215.85000000000008,216.70000000000007,3387
2026-09-01T16:00:00+00:00,216.70000000000007,216.74000000000007,216.02000000000007,216.24000000000007,2869
2026-09-01T16:15:00+00:00,216.24000000000007,216.39000000000007,215.54000000000008,216.02000000000007,3804
2026-09-01T16:30:00+00:00,216.02000000000007,216.19000000000008,215.53000000000006,215.54000000000008,3925
2026-09-01T16:45:00+00:00,215.54000000000008,216.26000000000008,215.39000000000007,216.10000000000008,2821
2026-09-01T17:00:00+00:00,216.10000000000008,216.13000000000008,214.74000000000007,214.91000000000008,3265
2026-09-01T17:15:00+00:00,214.91000000000008,215.00000000000006,214.58000000000007,214.80000000000007,3030
2026-09-01T17:30:00+00:00,214.80000000000007,215.04000000000008,214.67000000000007,214.74000000000007,2563
2026-09-01T17:45:00+00:00,214.74000000000007,214.81000000000006,214.24000000000007,214.47000000000008,2244
2026-09-01T18:00:00+00:00,214.47000000000008,214.62000000000006,213.94000000000008,213.95000000000007,2673
2026-09-01T18:15:00+00:00,213.95000000000007,214.31000000000006,213.73000000000008,213.88000000000008,2549
2026-09-01T18:30:00+00:00,213.88000000000008,213.99000000000007,212.95000000000007,212.95000000000007,3095
2026-09-01T18:45:00+00:00,212.95000000000007,213.86000000000007,212.79000000000008,213.76000000000008,3809
2026-09-01T19:00:00+00:00,213.76000000000008,214.29000000000008,213.69000000000008,214.26000000000008,3105
2026-09-01T19:15:00+00:00,214.26000000000008,214.36000000000007,213.93000000000006,214.02000000000007,3083
2026-09-01T19:30:00+00:00,214.02000000000007,214.07000000000008,213.46000000000006,213.83000000000007,3549
2026-09-01T19:45:00+00:00,213.83000000000007,214.13000000000008,213.10000000000008,213.99000000000007,4730
